state_number,state_name,consecutive_number,number_of_vehicle_forms_submitted_all,number_of_motor_vehicles_in_transport_mvit,number_of_parked_working_vehicles,number_of_forms_submitted_for_persons_not_in_motor_vehicles,number_of_persons_not_in_motor_vehicles_in_transport_mvit,number_of_persons_in_motor_vehicles_in_transport_mvit,number_of_forms_submitted_for_persons_in_motor_vehicles,county,city,day_of_crash,month_of_crash,year_of_crash,day_of_week,hour_of_crash,minute_of_crash,national_highway_system,land_use,land_use_name,functional_system,functional_system_name,ownership,ownership_name,route_signing,route_signing_name,trafficway_identifier,trafficway_identifier_2,milepoint,latitude,longitude,special_jurisdiction,special_jurisdiction_name,first_harmful_event,first_harmful_event_name,manner_of_collision,manner_of_collision_name,relation_to_junction_within_interchange_area,relation_to_junction_specific_location,relation_to_junction_specific_location_name,type_of_intersection,work_zone,relation_to_trafficway,relation_to_trafficway_name,light_condition,light_condition_name,atmospheric_conditions_1,atmospheric_conditions_1_name,atmospheric_conditions_2,atmospheric_conditions_2_name,atmospheric_conditions,atmospheric_conditions_name,school_bus_related,rail_grade_crossing_identifier,hour_of_notification,minute_of_notification,hour_of_arrival_at_scene,minute_of_arrival_at_scene,hour_of_ems_arrival_at_hospital,minute_of_ems_arrival_at_hospital,related_factors_crash_level_1,related_factors_crash_level_1_name,related_factors_crash_level_2,related_factors_crash_level_2_name,related_factors_crash_level_3,related_factors_crash_level_3_name,number_of_fatalities,number_of_drunk_drivers,timestamp_of_crash,waktu_kategori,tipe_hari,nama_hari
30,Montana,300019,5,5,0,0,0,7,7,111,0,28,3,2015,7,14,58,1,1,Rural,1,Interstate,1,State Highway Agency,1,Interstate,I-90 W,,4318,45.65930833,-108.81318056,0,No Special Jurisdiction (Includes National Forests Since 2008),12,Motor Vehicle in Transport,1,Front-to-Rear,No,1,Non-Junction,Not an Intersection,None,1,On Roadway,1,Daylight,6,Severe Crosswinds,7,"Blowing Sand, Soil, Dirt",6,Severe Crosswinds,No,0000000,15,30,15,50,16,45,0,None,0,None,0,None,1,0,2015-03-28 14:58:00+00:00,Siang (12-17),Akhir Pekan,Sabtu
39,Ohio,390099,7,7,0,0,0,15,15,171,0,14,2,2015,7,11,19,1,1,Rural,1,Interstate,31,State Toll Road,1,Interstate,I-80,,154,41.60843056,-84.50735278,0,No Special Jurisdiction (Includes National Forests Since 2008),12,Motor Vehicle in Transport,1,Front-to-Rear,No,1,Non-Junction,Not an Intersection,None,1,On Roadway,1,Daylight,7,"Blowing Sand, Soil, Dirt",0,No Additional Atmospheric Conditions,7,"Blowing Sand, Soil, Dirt",No,0000000,11,45,12,0,12,24,27,Backup Due to Prior Crash,0,None,0,None,1,0,2015-02-14 11:19:00+00:00,Pagi (06-11),Akhir Pekan,Sabtu
49,Utah,490123,16,16,0,0,0,28,28,45,0,14,4,2015,3,12,24,1,1,Rural,1,Interstate,1,State Highway Agency,1,Interstate,I-80,,684,40.75131944,-112.70495,0,No Special Jurisdiction (Includes National Forests Since 2008),12,Motor Vehicle in Transport,1,Front-to-Rear,No,1,Non-Junction,Not an Intersection,None,1,On Roadway,1,Daylight,7,"Blowing Sand, Soil, Dirt",0,No Additional Atmospheric Conditions,7,"Blowing Sand, Soil, Dirt",No,0000000,12,28,12,52,99,99,0,None,0,None,0,None,1,0,2015-04-14 12:24:00+00:00,Siang (12-17),Hari Kerja,Selasa
48,Texas,481184,6,5,1,0,5,5,10,65,0,27,5,2015,4,16,40,1,1,Rural,1,Interstate,1,State Highway Agency,1,Interstate,I-40,,189,35.20758056,-101.30081111,0,No Special Jurisdiction (Includes National Forests Since 2008),12,Motor Vehicle in Transport,1,Front-to-Rear,No,1,Non-Junction,Not an Intersection,None,1,On Roadway,1,Daylight,7,"Blowing Sand, Soil, Dirt",0,No Additional Atmospheric Conditions,7,"Blowing Sand, Soil, Dirt",No,0000000,99,99,99,99,99,99,0,None,0,None,0,None,1,0,2015-05-27 16:40:00+00:00,Siang (12-17),Hari Kerja,Rabu
41,Oregon,410333,11,11,0,0,0,14,14,59,0,17,11,2015,3,18,17,1,1,Rural,1,Interstate,1,State Highway Agency,1,Interstate,I-84,,1910,45.75349167,-119.15018611,0,No Special Jurisdiction (Includes National Forests Since 2008),12,Motor Vehicle in Transport,1,Front-to-Rear,No,1,Non-Junction,Not an Intersection,None,1,On Roadway,2,Dark – Not Lighted,7,"Blowing Sand, Soil, Dirt",0,No Additional Atmospheric Conditions,7,"Blowing Sand, Soil, Dirt",No,0000000,99,99,99,99,99,99,0,None,0,None,0,None,1,0,2015-11-17 18:17:00+00:00,Malam (18-23),Hari Kerja,Selasa
39,Ohio,390088,8,8,0,0,0,13,13,43,0,14,2,2015,7,11,30,1,1,Rural,1,Interstate,31,State Toll Road,1,Interstate,I-80,,185,41.32906111,-82.49277778,0,No Special Jurisdiction (Includes National Forests Since 2008),12,Motor Vehicle in Transport,7,Sideswipe – Same Direction,No,1,Non-Junction,Not an Intersection,None,1,On Roadway,1,Daylight,7,"Blowing Sand, Soil, Dirt",0,No Additional Atmospheric Conditions,7,"Blowing Sand, Soil, Dirt",No,0000000,12,20,12,38,14,11,0,None,0,None,0,None,1,0,2015-02-14 11:30:00+00:00,Pagi (06-11),Akhir Pekan,Sabtu
39,Ohio,390096,31,31,0,0,0,49,49,117,0,14,2,2015,7,14,20,1,1,Rural,1,Interstate,1,State Highway Agency,1,Interstate,I-71,,18,40.37308056,-82.83103889,0,No Special Jurisdiction (Includes National Forests Since 2008),12,Motor Vehicle in Transport,1,Front-to-Rear,Yes,5,Entrance/Exit Ramp Related,Not an Intersection,None,1,On Roadway,1,Daylight,11,Blowing Snow,7,"Blowing Sand, Soil, Dirt",11,Blowing Snow,No,0000000,14,25,15,0,15,47,0,None,0,None,0,None,1,0,2015-02-14 14:20:00+00:00,Siang (12-17),Akhir Pekan,Sabtu
42,Pennsylvania,420702,9,9,0,0,0,14,14,45,0,18,1,2015,1,7,30,1,2,Urban,1,Interstate,1,State Highway Agency,1,Interstate,I-476,,96,39.99123056,-75.34449444,0,No Special Jurisdiction (Includes National Forests Since 2008),25,Concrete Traffic Barrier,0,"Not Collision with Motor Vehicle in Transport (Not Necessarily in Transport for
2005-2009)",No,1,Non-Junction,Not an Intersection,None,3,On Median,1,Daylight,10,Cloudy,12,Freezing Rain or Drizzle,12,Freezing Rain or Drizzle,No,0000000,99,99,99,99,99,99,0,None,0,None,0,None,2,0,2015-01-18 07:30:00+00:00,Pagi (06-11),Akhir Pekan,Minggu
39,Ohio,390126,29,29,0,0,0,50,50,97,0,14,2,2015,7,14,22,1,2,Urban,1,Interstate,1,State Highway Agency,1,Interstate,I-70,,124,39.96629167,-83.29733889,0,No Special Jurisdiction (Includes National Forests Since 2008),12,Motor Vehicle in Transport,1,Front-to-Rear,No,1,Non-Junction,Not an Intersection,None,1,On Roadway,1,Daylight,11,Blowing Snow,0,No Additional Atmospheric Conditions,11,Blowing Snow,No,0000000,14,38,15,0,15,43,14,"Motor Vehicle (In Transport 1983-2004) Struck By Falling Cargo or
Something That Came Loose From or Something That Was Set in Motion By
a Vehicle
(Since 1983)",0,None,0,None,1,0,2015-02-14 14:22:00+00:00,Siang (12-17),Akhir Pekan,Sabtu
34,New Jersey,340244,19,19,0,0,0,24,24,23,704,9,2,2015,2,21,11,1,2,Urban,1,Interstate,1,State Highway Agency,1,Interstate,I-95,,260,40.34153056,-74.47778056,0,No Special Jurisdiction (Includes National Forests Since 2008),12,Motor Vehicle in Transport,7,Sideswipe – Same Direction,No,1,Non-Junction,Not an Intersection,None,2,On Shoulder,2,Dark – Not Lighted,3,"Sleet, Hail",12,Freezing Rain or Drizzle,3,"Sleet, Hail",No,0000000,21,22,21,41,22,3,0,None,0,None,0,None,1,0,2015-02-09 21:11:00+00:00,Malam (18-23),Hari Kerja,Senin
53,Washington,530404,7,7,0,0,0,20,20,5,0,10,10,2015,7,17,26,0,1,Rural,4,Minor Arterial,1,State Highway Agency,3,State Highway,SR-221,,171,46.18209722,-119.60088333,0,No Special Jurisdiction (Includes National Forests Since 2008),12,Motor Vehicle in Transport,1,Front-to-Rear,No,1,Non-Junction,Not an Intersection,None,1,On Roadway,5,Dusk,7,"Blowing Sand, Soil, Dirt",0,No Additional Atmospheric Conditions,7,"Blowing Sand, Soil, Dirt",No,0000000,99,99,99,99,99,99,0,None,0,None,0,None,1,0,2015-10-10 17:26:00+00:00,Siang (12-17),Akhir Pekan,Sabtu
20,Kansas,200060,5,5,0,0,0,5,5,205,0,25,3,2015,4,12,25,1,1,Rural,3,Principal Arterial – Other,1,State Highway Agency,2,U.S. Highway,US-400,,3571,37.61405278,-95.91568056,0,No Special Jurisdiction (Includes National Forests Since 2008),12,Motor Vehicle in Transport,1,Front-to-Rear,No,1,Non-Junction,Not an Intersection,None,1,On Roadway,1,Daylight,3,"Sleet, Hail",0,No Additional Atmospheric Conditions,3,"Sleet, Hail",No,0000000,12,26,12,35,13,2,0,None,0,None,0,None,1,0,2015-03-25 12:25:00+00:00,Siang (12-17),Hari Kerja,Rabu
8,Colorado,80197,8,8,0,0,0,14,14,99,0,10,6,2015,4,18,46,1,1,Rural,3,Principal Arterial – Other,1,State Highway Agency,2,U.S. Highway,US-287,,696,37.97134722,-102.61309722,0,No Special Jurisdiction (Includes National Forests Since 2008),12,Motor Vehicle in Transport,1,Front-to-Rear,No,1,Non-Junction,Not an Intersection,None,1,On Roadway,1,Daylight,7,"Blowing Sand, Soil, Dirt",0,No Additional Atmospheric Conditions,7,"Blowing Sand, Soil, Dirt",No,0000000,99,99,99,99,99,99,0,None,0,None,0,None,2,0,2015-06-10 18:46:00+00:00,Malam (18-23),Hari Kerja,Rabu
51,Virginia,510171,7,7,0,0,0,7,7,127,0,11,3,2015,4,9,16,1,1,Rural,1,Interstate,1,State Highway Agency,1,Interstate,I-64,,2113,37.50558889,-77.09463611,0,No Special Jurisdiction (Includes National Forests Since 2008),12,Motor Vehicle in Transport,1,Front-to-Rear,No,1,Non-Junction,Not an Intersection,None,1,On Roadway,1,Daylight,2,Rain,0,No Additional Atmospheric Conditions,2,Rain,No,0000000,9,18,9,24,10,20,0,None,0,None,0,None,1,0,2015-03-11 09:16:00+00:00,Pagi (06-11),Hari Kerja,Rabu
29,Missouri,290643,7,7,0,0,0,10,10,27,4192,27,10,2015,3,9,15,1,1,Rural,1,Interstate,1,State Highway Agency,1,Interstate,I-70,,170,38.94444444,-91.94508333,0,No Special Jurisdiction (Includes National Forests Since 2008),12,Motor Vehicle in Transport,7,Sideswipe – Same Direction,No,1,Non-Junction,Not an Intersection,None,1,On Roadway,1,Daylight,2,Rain,0,No Additional Atmospheric Conditions,2,Rain,No,0000000,9,17,9,47,10,23,14,"Motor Vehicle (In Transport 1983-2004) Struck By Falling Cargo or
Something That Came Loose From or Something That Was Set in Motion By
a Vehicle
(Since 1983)",0,None,0,None,2,0,2015-10-27 09:15:00+00:00,Pagi (06-11),Hari Kerja,Selasa
26,Michigan,260662,5,5,0,0,0,7,7,111,0,3,10,2015,7,21,30,0,1,Rural,4,Minor Arterial,98,Not Reported,3,State Highway,SR-20 E ISABELLA RD,S MERIDAIN RD,101,43.61203611,-84.36922778,0,No Special Jurisdiction (Includes National Forests Since 2008),12,Motor Vehicle in Transport,1,Front-to-Rear,No,3,Intersection Related,Four-Way Intersection,None,1,On Roadway,2,Dark – Not Lighted,2,Rain,0,No Additional Atmospheric Conditions,2,Rain,No,0000000,99,99,99,99,99,99,0,None,0,None,0,None,1,1,2015-10-03 21:30:00+00:00,Malam (18-23),Akhir Pekan,Sabtu
49,Utah,490011,5,5,0,0,0,10,10,45,1940,2,2,2015,2,9,23,0,2,Urban,5,Major Collector,4,City or Municipal Highway Agency,6,Local Street – Municipality,MAIN STREET,400 NORTH,0,40.53853611,-112.29841111,0,No Special Jurisdiction (Includes National Forests Since 2008),12,Motor Vehicle in Transport,6,Angle,No,2,Intersection,Four-Way Intersection,None,1,On Roadway,1,Daylight,2,Rain,0,No Additional Atmospheric Conditions,2,Rain,No,0000000,9,35,9,51,10,14,14,"Motor Vehicle (In Transport 1983-2004) Struck By Falling Cargo or
Something That Came Loose From or Something That Was Set in Motion By
a Vehicle
(Since 1983)",20,Police-Pursuit-Involved (Since 1994),0,None,1,0,2015-02-02 09:23:00+00:00,Pagi (06-11),Hari Kerja,Senin
1,Alabama,10153,5,5,0,0,0,6,6,51,3270,6,4,2015,2,17,25,1,1,Rural,3,Principal Arterial – Other,1,State Highway Agency,2,U.S. Highway,US-SR 9,,0,32.47788056,-86.19813611,0,No Special Jurisdiction (Includes National Forests Since 2008),12,Motor Vehicle in Transport,2,Front-to-Front,No,1,Non-Junction,Not an Intersection,None,1,On Roadway,1,Daylight,2,Rain,0,No Additional Atmospheric Conditions,2,Rain,No,0000000,99,99,17,29,99,99,0,None,0,None,0,None,1,0,2015-04-06 17:25:00+00:00,Siang (12-17),Hari Kerja,Senin
53,Washington,530505,5,5,0,0,0,6,6,29,0,22,12,2015,3,9,7,0,1,Rural,3,Principal Arterial – Other,1,State Highway Agency,3,State Highway,SR-20,,375,48.35810278,-122.62163611,0,No Special Jurisdiction (Includes National Forests Since 2008),12,Motor Vehicle in Transport,7,Sideswipe – Same Direction,No,1,Non-Junction,Not an Intersection,None,1,On Roadway,1,Daylight,2,Rain,0,No Additional Atmospheric Conditions,2,Rain,No,0000000,9,10,9,16,10,11,0,None,0,None,0,None,1,0,2015-12-22 09:07:00+00:00,Pagi (06-11),Hari Kerja,Selasa
10,Delaware,100079,6,6,0,0,0,7,7,3,490,2,10,2015,6,7,43,0,2,Urban,3,Principal Arterial – Other,1,State Highway Agency,2,U.S. Highway,US-13 S WALNUT ST,,6,39.72449444,-75.55581111,0,No Special Jurisdiction (Includes National Forests Since 2008),12,Motor Vehicle in Transport,6,Angle,No,1,Non-Junction,Not an Intersection,None,1,On Roadway,1,Daylight,10,Cloudy,2,Rain,2,Rain,Yes,0000000,7,48,7,54,8,10,23,Indication of a Stalled/Disabled Vehicle (Since 2008),0,None,0,None,1,0,2015-10-02 07:43:00+00:00,Pagi (06-11),Hari Kerja,Jumat
26,Michigan,260898,7,7,0,0,0,8,8,115,0,2,9,2015,4,9,42,1,1,Rural,2,Principal Arterial – Other Freeways and Expressways,98,Not Reported,2,U.S. Highway,US-23,,223,42.03848333,-83.67256667,0,No Special Jurisdiction (Includes National Forests Since 2008),25,Concrete Traffic Barrier,0,"Not Collision with Motor Vehicle in Transport (Not Necessarily in Transport for
2005-2009)",No,1,Non-Junction,Not an Intersection,None,4,On Roadside,1,Daylight,2,Rain,0,No Additional Atmospheric Conditions,2,Rain,No,0000000,99,99,99,99,99,99,0,None,0,None,0,None,1,0,2015-09-02 09:42:00+00:00,Pagi (06-11),Hari Kerja,Rabu
42,Pennsylvania,420704,22,18,4,4,4,32,32,31,0,7,1,2015,4,13,41,1,1,Rural,1,Interstate,1,State Highway Agency,1,Interstate,I-80,,209,41.18058889,-79.33756667,0,No Special Jurisdiction (Includes National Forests Since 2008),14,Parked Motor Vehicle (Not In Transport),0,"Not Collision with Motor Vehicle in Transport (Not Necessarily in Transport for
2005-2009)",No,1,Non-Junction,Not an Intersection,None,2,On Shoulder,1,Daylight,4,Snow,0,No Additional Atmospheric Conditions,4,Snow,No,0000000,14,9,14,17,14,47,19,Recent Previous Crash Scene Nearby (Since 1989),0,None,0,None,1,0,2015-01-07 13:41:00+00:00,Siang (12-17),Hari Kerja,Rabu
27,Minnesota,270035,8,8,0,0,0,8,8,171,0,3,3,2015,3,9,32,1,1,Rural,1,Interstate,1,State Highway Agency,1,Interstate,I-94,,1822,45.37647222,-93.99662222,0,No Special Jurisdiction (Includes National Forests Since 2008),12,Motor Vehicle in Transport,1,Front-to-Rear,No,1,Non-Junction,Not an Intersection,None,1,On Roadway,1,Daylight,4,Snow,0,No Additional Atmospheric Conditions,4,Snow,No,0000000,9,33,9,37,10,16,19,Recent Previous Crash Scene Nearby (Since 1989),0,None,0,None,1,0,2015-03-03 09:32:00+00:00,Pagi (06-11),Hari Kerja,Selasa
26,Michigan,260911,58,58,0,0,0,68,68,77,0,9,1,2015,6,9,15,1,1,Rural,1,Interstate,1,State Highway Agency,1,Interstate,I-94,,229,42.28026667,-85.33736111,0,No Special Jurisdiction (Includes National Forests Since 2008),12,Motor Vehicle in Transport,1,Front-to-Rear,Yes,18,Through Roadway,Not an Intersection,None,1,On Roadway,1,Daylight,4,Snow,11,Blowing Snow,4,Snow,No,0000000,99,99,99,99,99,99,0,None,0,None,0,None,1,0,2015-01-09 09:15:00+00:00,Pagi (06-11),Hari Kerja,Jumat
35,New Mexico,350271,5,5,0,0,0,12,12,57,605,26,12,2015,7,16,47,1,2,Urban,1,Interstate,1,State Highway Agency,1,Interstate,I-40,,1970,35.00771389,-106.033325,0,No Special Jurisdiction (Includes National Forests Since 2008),12,Motor Vehicle in Transport,1,Front-to-Rear,No,1,Non-Junction,Not an Intersection,None,1,On Roadway,2,Dark – Not Lighted,4,Snow,0,No Additional Atmospheric Conditions,4,Snow,No,0000000,99,99,99,99,99,99,27,Backup Due to Prior Crash,0,None,0,None,2,0,2015-12-26 16:47:00+00:00,Siang (12-17),Akhir Pekan,Sabtu
56,Wyoming,560031,19,18,1,1,3,25,27,1,0,20,4,2015,2,7,45,1,1,Rural,1,Interstate,1,State Highway Agency,1,Interstate,I-80,,2923,41.43511111,-105.90449167,0,No Special Jurisdiction (Includes National Forests Since 2008),12,Motor Vehicle in Transport,6,Angle,No,1,Non-Junction,Not an Intersection,None,1,On Roadway,1,Daylight,4,Snow,5,"Fog, Smog, Smoke",4,Snow,No,0000000,8,4,8,33,9,15,27,Backup Due to Prior Crash,14,"Motor Vehicle (In Transport 1983-2004) Struck By Falling Cargo or
Something That Came Loose From or Something That Was Set in Motion By
a Vehicle
(Since 1983)",0,None,2,0,2015-04-20 07:45:00+00:00,Pagi (06-11),Hari Kerja,Senin
19,Iowa,190031,6,6,0,0,0,7,7,33,0,25,2,2015,4,11,35,1,1,Rural,3,Principal Arterial – Other,1,State Highway Agency,2,U.S. Highway,US-18,,252,43.119125,-93.06301944,0,No Special Jurisdiction (Includes National Forests Since 2008),12,Motor Vehicle in Transport,7,Sideswipe – Same Direction,No,1,Non-Junction,Not an Intersection,None,1,On Roadway,1,Daylight,4,Snow,11,Blowing Snow,4,Snow,No,0000000,99,99,99,99,99,99,19,Recent Previous Crash Scene Nearby (Since 1989),0,None,0,None,1,0,2015-02-25 11:35:00+00:00,Pagi (06-11),Hari Kerja,Rabu
55,Wisconsin,550528,6,6,0,0,0,6,6,79,3100,15,4,2015,4,23,20,0,2,Urban,7,Local,4,City or Municipal Highway Agency,6,Local Street – Municipality,60TH ST N,CAPITOL DR W,0,43.08993889,-87.98692778,0,No Special Jurisdiction (Includes National Forests Since 2008),12,Motor Vehicle in Transport,6,Angle,No,2,Intersection,Four-Way Intersection,None,1,On Roadway,3,Dark – Lighted,1,Clear,0,No Additional Atmospheric Conditions,1,Clear,No,0000000,23,20,99,99,99,99,20,Police-Pursuit-Involved (Since 1994),0,None,0,None,1,0,2015-04-15 23:20:00+00:00,Malam (18-23),Hari Kerja,Rabu
12,Florida,121947,5,5,0,0,0,8,8,71,0,14,10,2015,4,21,29,0,2,Urban,7,Local,25,Other Local Agency,4,County Road,CR-884,,99998,26.61734722,-81.66823611,0,No Special Jurisdiction (Includes National Forests Since 2008),33,Curb,0,"Not Collision with Motor Vehicle in Transport (Not Necessarily in Transport for
2005-2009)",No,1,Non-Junction,Not an Intersection,None,4,On Roadside,2,Dark – Not Lighted,1,Clear,0,No Additional Atmospheric Conditions,1,Clear,No,0000000,99,99,99,99,99,99,14,"Motor Vehicle (In Transport 1983-2004) Struck By Falling Cargo or
Something That Came Loose From or Something That Was Set in Motion By
a Vehicle
(Since 1983)",0,None,0,None,1,1,2015-10-14 21:29:00+00:00,Malam (18-23),Hari Kerja,Rabu
12,Florida,120958,5,5,0,0,0,6,6,103,2530,20,3,2015,6,12,38,0,2,Urban,7,Local,25,Other Local Agency,6,Local Street – Municipality,CR-296,82ND ST,99998,27.84644722,-82.72861667,0,No Special Jurisdiction (Includes National Forests Since 2008),12,Motor Vehicle in Transport,1,Front-to-Rear,No,3,Intersection Related,Four-Way Intersection,None,1,On Roadway,1,Daylight,1,Clear,0,No Additional Atmospheric Conditions,1,Clear,No,0000000,99,99,99,99,99,99,0,None,0,None,0,None,1,0,2015-03-20 12:38:00+00:00,Siang (12-17),Hari Kerja,Jumat
48,Texas,480751,9,5,4,9,13,5,9,439,2450,12,4,2015,1,2,28,1,2,Urban,1,Interstate,1,State Highway Agency,1,Interstate,I-30 TOM LANDRY HWY,,176,32.75734444,-97.26446667,0,No Special Jurisdiction (Includes National Forests Since 2008),12,Motor Vehicle in Transport,7,Sideswipe – Same Direction,No,1,Non-Junction,Not an Intersection,None,1,On Roadway,3,Dark – Lighted,1,Clear,0,No Additional Atmospheric Conditions,1,Clear,No,0000000,2,42,2,55,3,28,14,"Motor Vehicle (In Transport 1983-2004) Struck By Falling Cargo or
Something That Came Loose From or Something That Was Set in Motion By
a Vehicle
(Since 1983)",19,Recent Previous Crash Scene Nearby (Since 1989),0,None,5,0,2015-04-12 02:28:00+00:00,Dini hari (00-05),Akhir Pekan,Minggu
36,New York,360823,6,6,0,0,0,7,7,119,2555,14,10,2015,4,6,50,1,1,Rural,1,Interstate,1,State Highway Agency,1,Interstate,I-684,,0,41.07934167,-73.718275,0,No Special Jurisdiction (Includes National Forests Since 2008),1,Rollover/Overturn,0,"Not Collision with Motor Vehicle in Transport (Not Necessarily in Transport for
2005-2009)",No,1,Non-Junction,Not an Intersection,None,1,On Roadway,1,Daylight,1,Clear,0,No Additional Atmospheric Conditions,1,Clear,No,0000000,6,50,99,99,7,45,0,None,0,None,0,None,1,0,2015-10-14 06:50:00+00:00,Pagi (06-11),Hari Kerja,Rabu
48,Texas,481207,6,6,0,0,0,27,27,89,7290,3,6,2015,4,12,25,1,1,Rural,1,Interstate,1,State Highway Agency,1,Interstate,I-10,,49,29.69203611,-96.76747222,0,No Special Jurisdiction (Includes National Forests Since 2008),12,Motor Vehicle in Transport,1,Front-to-Rear,No,1,Non-Junction,Not an Intersection,Construction,1,On Roadway,1,Daylight,1,Clear,0,No Additional Atmospheric Conditions,1,Clear,No,0000000,12,34,12,50,13,46,0,None,0,None,0,None,2,0,2015-06-03 12:25:00+00:00,Siang (12-17),Hari Kerja,Rabu
48,Texas,482369,7,7,0,0,0,9,9,397,6010,6,10,2015,3,19,8,1,1,Rural,1,Interstate,1,State Highway Agency,1,Interstate,I-30,,117,32.95087222,-96.36029722,0,No Special Jurisdiction (Includes National Forests Since 2008),12,Motor Vehicle in Transport,1,Front-to-Rear,No,1,Non-Junction,Not an Intersection,Construction,1,On Roadway,5,Dusk,1,Clear,0,No Additional Atmospheric Conditions,1,Clear,No,0000000,19,11,19,19,19,47,0,None,0,None,0,None,1,0,2015-10-06 19:08:00+00:00,Malam (18-23),Hari Kerja,Selasa
13,Georgia,130251,6,6,0,0,0,7,7,143,0,16,3,2015,2,16,36,1,1,Rural,1,Interstate,1,State Highway Agency,1,Interstate,I-20,,16,33.80719167,-85.11696389,0,No Special Jurisdiction (Includes National Forests Since 2008),12,Motor Vehicle in Transport,1,Front-to-Rear,No,1,Non-Junction,Not an Intersection,None,1,On Roadway,1,Daylight,1,Clear,0,No Additional Atmospheric Conditions,1,Clear,No,0000000,16,39,16,48,17,23,19,Recent Previous Crash Scene Nearby (Since 1989),0,None,0,None,1,1,2015-03-16 16:36:00+00:00,Siang (12-17),Hari Kerja,Senin
13,Georgia,130385,7,7,0,0,0,12,12,29,0,22,4,2015,4,5,50,1,1,Rural,1,Interstate,1,State Highway Agency,1,Interstate,I-16,,33,32.19536111,-81.47898333,0,No Special Jurisdiction (Includes National Forests Since 2008),12,Motor Vehicle in Transport,1,Front-to-Rear,No,1,Non-Junction,Not an Intersection,None,1,On Roadway,2,Dark – Not Lighted,1,Clear,0,No Additional Atmospheric Conditions,1,Clear,No,0000000,6,26,6,45,8,5,0,None,0,None,0,None,5,0,2015-04-22 05:50:00+00:00,Dini hari (00-05),Hari Kerja,Rabu
18,Indiana,180458,7,7,0,0,0,10,10,157,5200,23,7,2015,5,23,54,1,1,Rural,1,Interstate,1,State Highway Agency,1,Interstate,I-65,,1774,40.48363611,-86.85669167,0,No Special Jurisdiction (Includes National Forests Since 2008),12,Motor Vehicle in Transport,1,Front-to-Rear,No,1,Non-Junction,Not an Intersection,Construction,1,On Roadway,2,Dark – Not Lighted,1,Clear,0,No Additional Atmospheric Conditions,1,Clear,No,0000000,99,99,99,99,99,99,0,None,0,None,0,None,5,0,2015-07-23 23:54:00+00:00,Malam (18-23),Hari Kerja,Kamis
18,Indiana,180725,14,14,0,0,0,19,19,65,1280,13,11,2015,6,20,17,1,1,Rural,1,Interstate,1,State Highway Agency,1,Interstate,I-70,,1266,39.85264167,-85.356075,0,No Special Jurisdiction (Includes National Forests Since 2008),12,Motor Vehicle in Transport,1,Front-to-Rear,No,1,Non-Junction,Not an Intersection,Construction,1,On Roadway,2,Dark – Not Lighted,1,Clear,0,No Additional Atmospheric Conditions,1,Clear,No,0000000,99,99,99,99,99,99,0,None,0,None,0,None,1,0,2015-11-13 20:17:00+00:00,Malam (18-23),Hari Kerja,Jumat
17,Illinois,170226,5,5,0,0,0,5,5,95,0,13,5,2015,4,12,3,1,1,Rural,1,Interstate,1,State Highway Agency,1,Interstate,I-74,,408,41.05166111,-90.33383333,0,No Special Jurisdiction (Includes National Forests Since 2008),12,Motor Vehicle in Transport,1,Front-to-Rear,No,1,Non-Junction,Not an Intersection,Construction,1,On Roadway,1,Daylight,1,Clear,0,No Additional Atmospheric Conditions,1,Clear,No,0000000,12,3,99,99,99,99,3,Other Maintenance or Construction-Created Condition,0,None,0,None,2,0,2015-05-13 12:03:00+00:00,Siang (12-17),Hari Kerja,Rabu
21,Kentucky,210199,5,5,0,0,0,6,6,211,0,13,5,2015,4,14,16,1,1,Rural,1,Interstate,1,State Highway Agency,1,Interstate,I-64,,350,38.18480556,-85.21464167,0,No Special Jurisdiction (Includes National Forests Since 2008),12,Motor Vehicle in Transport,1,Front-to-Rear,No,1,Non-Junction,Not an Intersection,None,1,On Roadway,1,Daylight,1,Clear,0,No Additional Atmospheric Conditions,1,Clear,No,0000000,14,17,14,21,15,17,0,None,0,None,0,None,1,0,2015-05-13 14:16:00+00:00,Siang (12-17),Hari Kerja,Rabu
21,Kentucky,210302,7,7,0,0,0,12,12,103,0,1,7,2015,4,13,0,1,1,Rural,1,Interstate,1,State Highway Agency,1,Interstate,I-71,,360,38.55183889,-85.20599722,0,No Special Jurisdiction (Includes National Forests Since 2008),12,Motor Vehicle in Transport,1,Front-to-Rear,No,1,Non-Junction,Not an Intersection,Construction,1,On Roadway,1,Daylight,1,Clear,0,No Additional Atmospheric Conditions,1,Clear,No,0000000,13,7,13,21,14,0,3,Other Maintenance or Construction-Created Condition,0,None,0,None,1,0,2015-07-01 13:00:00+00:00,Siang (12-17),Hari Kerja,Rabu
21,Kentucky,210210,7,7,0,0,0,8,8,203,0,19,5,2015,3,12,39,1,1,Rural,1,Interstate,1,State Highway Agency,1,Interstate,I-75,,709,37.50642778,-84.32478056,0,No Special Jurisdiction (Includes National Forests Since 2008),12,Motor Vehicle in Transport,1,Front-to-Rear,No,1,Non-Junction,Not an Intersection,Construction,1,On Roadway,1,Daylight,1,Clear,0,No Additional Atmospheric Conditions,1,Clear,No,0000000,12,58,13,7,13,31,3,Other Maintenance or Construction-Created Condition,0,None,0,None,2,0,2015-05-19 12:39:00+00:00,Siang (12-17),Hari Kerja,Selasa
26,Michigan,260682,6,6,0,0,0,12,12,45,0,18,10,2015,1,19,16,1,1,Rural,1,Interstate,1,State Highway Agency,1,Interstate,I-96,,18,42.74378889,-84.66785833,0,No Special Jurisdiction (Includes National Forests Since 2008),12,Motor Vehicle in Transport,1,Front-to-Rear,No,1,Non-Junction,Not an Intersection,None,1,On Roadway,5,Dusk,1,Clear,0,No Additional Atmospheric Conditions,1,Clear,No,0000000,19,19,19,22,99,99,27,Backup Due to Prior Crash,0,None,0,None,1,0,2015-10-18 19:16:00+00:00,Malam (18-23),Akhir Pekan,Minggu
6,California,62701,5,5,0,0,0,12,12,29,0,26,11,2015,5,3,55,1,1,Rural,1,Interstate,1,State Highway Agency,1,Interstate,I-5,,717,35.60026667,-119.63991667,0,No Special Jurisdiction (Includes National Forests Since 2008),12,Motor Vehicle in Transport,1,Front-to-Rear,No,1,Non-Junction,Not an Intersection,None,1,On Roadway,2,Dark – Not Lighted,1,Clear,0,No Additional Atmospheric Conditions,1,Clear,No,0000000,99,99,99,99,99,99,19,Recent Previous Crash Scene Nearby (Since 1989),0,None,0,None,2,0,2015-11-26 03:55:00+00:00,Dini hari (00-05),Hari Kerja,Kamis
6,California,60512,8,8,0,0,0,27,27,1,0,14,3,2015,7,16,13,1,1,Rural,1,Interstate,1,State Highway Agency,1,Interstate,I-580,,55,37.72161944,-121.6528,0,No Special Jurisdiction (Includes National Forests Since 2008),12,Motor Vehicle in Transport,1,Front-to-Rear,No,1,Non-Junction,Not an Intersection,Construction,1,On Roadway,1,Daylight,1,Clear,0,No Additional Atmospheric Conditions,1,Clear,No,0000000,99,99,99,99,99,99,0,None,0,None,0,None,1,0,2015-03-14 16:13:00+00:00,Siang (12-17),Akhir Pekan,Sabtu
35,New Mexico,350272,5,5,0,0,0,11,11,37,0,20,12,2015,1,16,0,1,1,Rural,1,Interstate,1,State Highway Agency,1,Interstate,I-40,,3090,35.08238333,-104.11555,0,No Special Jurisdiction (Includes National Forests Since 2008),12,Motor Vehicle in Transport,1,Front-to-Rear,No,1,Non-Junction,Not an Intersection,None,1,On Roadway,1,Daylight,1,Clear,0,No Additional Atmospheric Conditions,1,Clear,No,0000000,99,99,99,99,99,99,28,Backup Due to Regular Congestion,0,None,0,None,1,0,2015-12-20 16:00:00+00:00,Siang (12-17),Akhir Pekan,Minggu
35,New Mexico,350072,5,5,0,0,0,9,9,37,700,12,4,2015,1,5,27,1,1,Rural,1,Interstate,1,State Highway Agency,1,Interstate,I-40,,3560,35.11183889,-103.33668611,0,No Special Jurisdiction (Includes National Forests Since 2008),12,Motor Vehicle in Transport,1,Front-to-Rear,No,1,Non-Junction,Not an Intersection,None,1,On Roadway,2,Dark – Not Lighted,1,Clear,0,No Additional Atmospheric Conditions,1,Clear,No,0000000,5,37,5,47,7,25,0,None,0,None,0,None,2,0,2015-04-12 05:27:00+00:00,Dini hari (00-05),Akhir Pekan,Minggu
37,North Carolina,371035,5,5,0,0,0,5,5,21,0,5,11,2015,5,18,8,1,1,Rural,1,Interstate,1,State Highway Agency,1,Interstate,I-26,,0,35.54775833,-82.60664444,0,No Special Jurisdiction (Includes National Forests Since 2008),12,Motor Vehicle in Transport,1,Front-to-Rear,No,1,Non-Junction,Not an Intersection,None,1,On Roadway,5,Dusk,1,Clear,0,No Additional Atmospheric Conditions,1,Clear,No,0000000,99,99,99,99,99,99,14,"Motor Vehicle (In Transport 1983-2004) Struck By Falling Cargo or
Something That Came Loose From or Something That Was Set in Motion By
a Vehicle
(Since 1983)",0,None,0,None,1,0,2015-11-05 18:08:00+00:00,Malam (18-23),Hari Kerja,Kamis
45,South Carolina,450155,5,5,0,0,0,12,12,41,0,21,3,2015,7,19,36,1,1,Rural,1,Interstate,1,State Highway Agency,1,Interstate,I-95,,0,34.26700556,-79.70865833,0,No Special Jurisdiction (Includes National Forests Since 2008),12,Motor Vehicle in Transport,1,Front-to-Rear,No,1,Non-Junction,Not an Intersection,None,1,On Roadway,1,Daylight,1,Clear,0,No Additional Atmospheric Conditions,1,Clear,No,0000000,99,99,99,99,99,99,0,None,0,None,0,None,5,0,2015-03-21 19:36:00+00:00,Malam (18-23),Akhir Pekan,Sabtu
32,Nevada,320100,5,5,0,0,0,10,10,31,0,14,6,2015,1,2,9,1,1,Rural,1,Interstate,1,State Highway Agency,1,Interstate,I-580/US-395,,52,39.31330278,-119.82413056,0,No Special Jurisdiction (Includes National Forests Since 2008),12,Motor Vehicle in Transport,2,Front-to-Front,No,1,Non-Junction,Not an Intersection,None,1,On Roadway,2,Dark – Not Lighted,1,Clear,0,No Additional Atmospheric Conditions,1,Clear,No,0000000,2,10,2,35,2,56,0,None,0,None,0,None,1,2,2015-06-14 02:09:00+00:00,Dini hari (00-05),Akhir Pekan,Minggu
40,Oklahoma,400055,5,5,0,0,0,7,7,37,0,8,2,2015,1,2,20,1,1,Rural,1,Interstate,1,State Highway Agency,1,Interstate,I-44,,194,35.8976,-96.3176,0,No Special Jurisdiction (Includes National Forests Since 2008),12,Motor Vehicle in Transport,6,Angle,No,1,Non-Junction,Not an Intersection,None,1,On Roadway,2,Dark – Not Lighted,1,Clear,0,No Additional Atmospheric Conditions,1,Clear,No,0000000,2,31,2,45,4,10,14,"Motor Vehicle (In Transport 1983-2004) Struck By Falling Cargo or
Something That Came Loose From or Something That Was Set in Motion By
a Vehicle
(Since 1983)",0,None,0,None,1,1,2015-02-08 02:20:00+00:00,Dini hari (00-05),Akhir Pekan,Minggu
48,Texas,481634,5,5,0,0,0,16,16,161,0,20,7,2015,2,11,20,1,1,Rural,1,Interstate,1,State Highway Agency,1,Interstate,I-45,,279,31.8371,-96.28818889,0,No Special Jurisdiction (Includes National Forests Since 2008),12,Motor Vehicle in Transport,7,Sideswipe – Same Direction,No,1,Non-Junction,Not an Intersection,None,1,On Roadway,1,Daylight,1,Clear,0,No Additional Atmospheric Conditions,1,Clear,No,0000000,11,37,12,52,13,39,0,None,0,None,0,None,3,0,2015-07-20 11:20:00+00:00,Pagi (06-11),Hari Kerja,Senin
48,Texas,480879,5,5,0,0,0,5,5,27,6074,26,3,2015,5,11,15,1,1,Rural,1,Interstate,1,State Highway Agency,1,Interstate,I-35,,85,30.96361944,-97.52855556,0,No Special Jurisdiction (Includes National Forests Since 2008),21,Bridge Pier or Support,0,"Not Collision with Motor Vehicle in Transport (Not Necessarily in Transport for
2005-2009)",Yes,18,Through Roadway,Not an Intersection,Construction,1,On Roadway,1,Daylight,1,Clear,0,No Additional Atmospheric Conditions,1,Clear,No,0000000,11,18,11,41,12,22,14,"Motor Vehicle (In Transport 1983-2004) Struck By Falling Cargo or
Something That Came Loose From or Something That Was Set in Motion By
a Vehicle
(Since 1983)",0,None,0,None,1,1,2015-03-26 11:15:00+00:00,Pagi (06-11),Hari Kerja,Kamis
12,Florida,122175,5,5,0,0,0,6,6,109,0,1,11,2015,1,22,32,1,1,Rural,1,Interstate,1,State Highway Agency,1,Interstate,I-95,,99998,29.98431111,-81.46051389,0,No Special Jurisdiction (Includes National Forests Since 2008),12,Motor Vehicle in Transport,1,Front-to-Rear,Yes,18,Through Roadway,Not an Intersection,None,1,On Roadway,2,Dark – Not Lighted,1,Clear,0,No Additional Atmospheric Conditions,1,Clear,No,0000000,99,99,99,99,99,99,27,Backup Due to Prior Crash,0,None,0,None,1,0,2015-11-01 22:32:00+00:00,Malam (18-23),Akhir Pekan,Minggu
17,Illinois,170204,5,5,0,0,0,6,6,197,0,3,5,2015,1,11,13,1,1,Rural,1,Interstate,1,State Highway Agency,1,Interstate,I-80,,1328,41.51173611,-88.08310278,0,No Special Jurisdiction (Includes National Forests Since 2008),12,Motor Vehicle in Transport,8,Sideswipe – Opposite Direction,Yes,18,Through Roadway,Not an Intersection,None,1,On Roadway,1,Daylight,1,Clear,0,No Additional Atmospheric Conditions,1,Clear,No,0000000,11,18,99,99,99,99,14,"Motor Vehicle (In Transport 1983-2004) Struck By Falling Cargo or
Something That Came Loose From or Something That Was Set in Motion By
a Vehicle
(Since 1983)",0,None,0,None,1,1,2015-05-03 11:13:00+00:00,Pagi (06-11),Akhir Pekan,Minggu
2,Alaska,20035,6,6,0,0,0,18,18,20,850,31,7,2015,6,12,18,1,1,Rural,1,Interstate,1,State Highway Agency,3,State Highway,SR-1 SEWARD HWY,,782,60.82176389,-148.97600278,0,No Special Jurisdiction (Includes National Forests Since 2008),12,Motor Vehicle in Transport,1,Front-to-Rear,No,8,Driveway Access Related,Not an Intersection,None,1,On Roadway,1,Daylight,1,Clear,0,No Additional Atmospheric Conditions,1,Clear,No,0000000,12,16,12,29,13,46,28,Backup Due to Regular Congestion,0,None,0,None,1,0,2015-07-31 12:18:00+00:00,Siang (12-17),Hari Kerja,Jumat
8,Colorado,80126,5,5,0,0,0,6,6,123,0,15,4,2015,4,19,28,1,1,Rural,1,Interstate,1,State Highway Agency,1,Interstate,I-25,,2450,40.23069444,-104.980075,0,No Special Jurisdiction (Includes National Forests Since 2008),57,Cable Barrier (Since 2008),0,"Not Collision with Motor Vehicle in Transport (Not Necessarily in Transport for
2005-2009)",Yes,19,Other Location Within Interchange Area,Not an Intersection,None,3,On Median,1,Daylight,1,Clear,0,No Additional Atmospheric Conditions,1,Clear,No,0000000,99,99,99,99,99,99,0,None,0,None,0,None,2,0,2015-04-15 19:28:00+00:00,Malam (18-23),Hari Kerja,Rabu
32,Nevada,320108,5,5,0,0,0,8,8,3,0,12,7,2015,1,20,50,1,2,Urban,1,Interstate,1,State Highway Agency,3,State Highway,SR-610 LAMB BLVD,I-15 OFF RAMP,99998,36.25775833,-115.07979444,0,No Special Jurisdiction (Includes National Forests Since 2008),12,Motor Vehicle in Transport,2,Front-to-Front,Yes,2,Intersection,Four-Way Intersection,None,1,On Roadway,3,Dark – Lighted,1,Clear,0,No Additional Atmospheric Conditions,1,Clear,No,0000000,20,55,21,2,21,12,14,"Motor Vehicle (In Transport 1983-2004) Struck By Falling Cargo or
Something That Came Loose From or Something That Was Set in Motion By
a Vehicle
(Since 1983)",0,None,0,None,2,1,2015-07-12 20:50:00+00:00,Malam (18-23),Akhir Pekan,Minggu
48,Texas,482145,6,6,0,0,0,10,10,29,6090,21,9,2015,2,19,24,1,2,Urban,1,Interstate,1,State Highway Agency,7,Local Street – Frontage Road (Since 1994),I-10,HUEBNER RD,148,29.54483889,-98.57855278,0,No Special Jurisdiction (Includes National Forests Since 2008),12,Motor Vehicle in Transport,6,Angle,Yes,2,Intersection,Four-Way Intersection,None,1,On Roadway,3,Dark – Lighted,1,Clear,0,No Additional Atmospheric Conditions,1,Clear,No,0000000,99,99,99,99,99,99,14,"Motor Vehicle (In Transport 1983-2004) Struck By Falling Cargo or
Something That Came Loose From or Something That Was Set in Motion By
a Vehicle
(Since 1983)",20,Police-Pursuit-Involved (Since 1994),0,None,1,0,2015-09-21 19:24:00+00:00,Malam (18-23),Hari Kerja,Senin
4,Arizona,40541,5,5,0,0,0,6,6,13,0,22,8,2015,7,2,28,1,2,Urban,1,Interstate,1,State Highway Agency,1,Interstate,I-10,,1669,33.22643056,-111.92593611,3,Indian Reservation,1,Rollover/Overturn,0,"Not Collision with Motor Vehicle in Transport (Not Necessarily in Transport for
2005-2009)",No,1,Non-Junction,Not an Intersection,None,1,On Roadway,2,Dark – Not Lighted,1,Clear,0,No Additional Atmospheric Conditions,1,Clear,No,0000000,2,30,2,40,99,99,14,"Motor Vehicle (In Transport 1983-2004) Struck By Falling Cargo or
Something That Came Loose From or Something That Was Set in Motion By
a Vehicle
(Since 1983)",0,None,0,None,1,2,2015-08-22 02:28:00+00:00,Dini hari (00-05),Akhir Pekan,Sabtu
17,Illinois,170420,5,5,0,0,0,11,11,63,0,28,6,2015,1,13,20,1,2,Urban,1,Interstate,1,State Highway Agency,1,Interstate,I-80,,1120,41.38778056,-88.42413056,0,No Special Jurisdiction (Includes National Forests Since 2008),34,Ditch,0,"Not Collision with Motor Vehicle in Transport (Not Necessarily in Transport for
2005-2009)",No,1,Non-Junction,Not an Intersection,None,4,On Roadside,1,Daylight,1,Clear,0,No Additional Atmospheric Conditions,1,Clear,No,0000000,13,22,99,99,99,99,0,None,0,None,0,None,1,0,2015-06-28 13:20:00+00:00,Siang (12-17),Akhir Pekan,Minggu
49,Utah,490250,5,5,0,0,0,10,10,49,970,18,12,2015,6,11,35,1,2,Urban,1,Interstate,1,State Highway Agency,1,Interstate,I-15,,2746,40.34388889,-111.75912778,0,No Special Jurisdiction (Includes National Forests Since 2008),12,Motor Vehicle in Transport,1,Front-to-Rear,No,1,Non-Junction,Not an Intersection,None,1,On Roadway,1,Daylight,1,Clear,0,No Additional Atmospheric Conditions,1,Clear,No,0000000,11,35,11,35,99,99,14,"Motor Vehicle (In Transport 1983-2004) Struck By Falling Cargo or
Something That Came Loose From or Something That Was Set in Motion By
a Vehicle
(Since 1983)",0,None,0,None,1,0,2015-12-18 11:35:00+00:00,Pagi (06-11),Hari Kerja,Jumat
48,Texas,481733,6,6,0,0,0,13,13,141,2190,29,4,2015,4,21,50,1,2,Urban,1,Interstate,1,State Highway Agency,1,Interstate,I-10,,275,31.77158611,-106.37779167,0,No Special Jurisdiction (Includes National Forests Since 2008),12,Motor Vehicle in Transport,1,Front-to-Rear,No,1,Non-Junction,Not an Intersection,None,1,On Roadway,3,Dark – Lighted,1,Clear,0,No Additional Atmospheric Conditions,1,Clear,No,0000000,22,2,22,8,22,26,0,None,0,None,0,None,1,0,2015-04-29 21:50:00+00:00,Malam (18-23),Hari Kerja,Rabu
48,Texas,482254,5,5,0,0,0,5,5,113,3880,30,9,2015,4,6,40,1,2,Urban,1,Interstate,1,State Highway Agency,1,Interstate,I-35 E,,57,32.63022778,-96.82306389,0,No Special Jurisdiction (Includes National Forests Since 2008),12,Motor Vehicle in Transport,1,Front-to-Rear,No,1,Non-Junction,Not an Intersection,None,1,On Roadway,1,Daylight,1,Clear,0,No Additional Atmospheric Conditions,1,Clear,No,0000000,99,99,99,99,99,99,0,None,0,None,0,None,1,0,2015-09-30 06:40:00+00:00,Pagi (06-11),Hari Kerja,Rabu
48,Texas,482782,5,5,0,0,0,7,7,439,2450,23,11,2015,2,11,15,1,2,Urban,1,Interstate,1,State Highway Agency,1,Interstate,I-35W NORTH FWY,,17,32.91750278,-97.31731111,0,No Special Jurisdiction (Includes National Forests Since 2008),12,Motor Vehicle in Transport,1,Front-to-Rear,No,1,Non-Junction,Not an Intersection,Construction,1,On Roadway,1,Daylight,1,Clear,0,No Additional Atmospheric Conditions,1,Clear,No,0000000,11,16,11,31,12,6,0,None,0,None,0,None,1,0,2015-11-23 11:15:00+00:00,Pagi (06-11),Hari Kerja,Senin
48,Texas,482162,5,5,0,0,0,6,6,257,6830,16,9,2015,4,10,38,1,2,Urban,1,Interstate,1,State Highway Agency,1,Interstate,I-20,,125,32.71444444,-96.31208333,0,No Special Jurisdiction (Includes National Forests Since 2008),12,Motor Vehicle in Transport,1,Front-to-Rear,No,1,Non-Junction,Not an Intersection,None,1,On Roadway,1,Daylight,1,Clear,0,No Additional Atmospheric Conditions,1,Clear,No,0000000,10,40,10,43,11,48,28,Backup Due to Regular Congestion,0,None,0,None,1,0,2015-09-16 10:38:00+00:00,Pagi (06-11),Hari Kerja,Rabu
48,Texas,482023,5,5,0,0,0,6,6,441,30,24,8,2015,2,16,10,1,2,Urban,1,Interstate,1,State Highway Agency,1,Interstate,I-20,,24,32.49059722,-99.72938333,0,No Special Jurisdiction (Includes National Forests Since 2008),12,Motor Vehicle in Transport,1,Front-to-Rear,No,1,Non-Junction,Not an Intersection,None,1,On Roadway,1,Daylight,1,Clear,0,No Additional Atmospheric Conditions,1,Clear,No,0000000,99,99,99,99,99,99,0,None,0,None,0,None,1,0,2015-08-24 16:10:00+00:00,Siang (12-17),Hari Kerja,Senin
48,Texas,482644,6,6,0,0,0,8,8,141,2190,5,11,2015,5,17,55,1,2,Urban,1,Interstate,1,State Highway Agency,1,Interstate,I-10,,66,31.83596111,-106.56925278,0,No Special Jurisdiction (Includes National Forests Since 2008),12,Motor Vehicle in Transport,1,Front-to-Rear,No,1,Non-Junction,Not an Intersection,None,1,On Roadway,3,Dark – Lighted,1,Clear,0,No Additional Atmospheric Conditions,1,Clear,No,0000000,17,56,18,2,18,55,28,Backup Due to Regular Congestion,0,None,0,None,1,0,2015-11-05 17:55:00+00:00,Siang (12-17),Hari Kerja,Kamis
41,Oregon,410053,5,5,0,0,0,12,12,51,1650,7,3,2015,7,15,28,1,2,Urban,1,Interstate,1,State Highway Agency,1,Interstate,I-5,,3069,45.59220556,-122.682725,0,No Special Jurisdiction (Includes National Forests Since 2008),12,Motor Vehicle in Transport,1,Front-to-Rear,No,1,Non-Junction,Not an Intersection,None,1,On Roadway,1,Daylight,1,Clear,0,No Additional Atmospheric Conditions,1,Clear,No,0000000,15,29,15,40,16,4,0,None,0,None,0,None,1,0,2015-03-07 15:28:00+00:00,Siang (12-17),Akhir Pekan,Sabtu
1,Alabama,10343,7,7,0,0,0,18,18,97,2100,2,7,2015,5,13,40,1,2,Urban,1,Interstate,1,State Highway Agency,1,Interstate,I-10,,247,30.66173611,-88.05686389,0,No Special Jurisdiction (Includes National Forests Since 2008),12,Motor Vehicle in Transport,1,Front-to-Rear,No,1,Non-Junction,Not an Intersection,None,1,On Roadway,1,Daylight,1,Clear,0,No Additional Atmospheric Conditions,1,Clear,No,0000000,99,99,13,48,99,99,28,Backup Due to Regular Congestion,0,None,0,None,1,0,2015-07-02 13:40:00+00:00,Siang (12-17),Hari Kerja,Kamis
12,Florida,122470,5,5,0,0,0,5,5,101,0,11,12,2015,6,5,42,1,2,Urban,1,Interstate,1,State Highway Agency,1,Interstate,I-75,,99998,28.34591111,-82.32192222,0,No Special Jurisdiction (Includes National Forests Since 2008),12,Motor Vehicle in Transport,1,Front-to-Rear,No,1,Non-Junction,Not an Intersection,"Work Zone, Type Unknown",1,On Roadway,2,Dark – Not Lighted,1,Clear,0,No Additional Atmospheric Conditions,1,Clear,No,0000000,99,99,99,99,99,99,0,None,0,None,0,None,1,0,2015-12-11 05:42:00+00:00,Dini hari (00-05),Hari Kerja,Jumat
8,Colorado,80389,5,5,0,0,0,5,5,1,230,14,9,2015,2,16,55,1,2,Urban,1,Interstate,1,State Highway Agency,1,Interstate,I-76,,242,39.99196667,-104.72844444,0,No Special Jurisdiction (Includes National Forests Since 2008),12,Motor Vehicle in Transport,1,Front-to-Rear,No,1,Non-Junction,Not an Intersection,None,1,On Roadway,1,Daylight,1,Clear,0,No Additional Atmospheric Conditions,1,Clear,No,0000000,16,47,17,1,99,99,14,"Motor Vehicle (In Transport 1983-2004) Struck By Falling Cargo or
Something That Came Loose From or Something That Was Set in Motion By
a Vehicle
(Since 1983)",28,Backup Due to Regular Congestion,0,None,1,0,2015-09-14 16:55:00+00:00,Siang (12-17),Hari Kerja,Senin
26,Michigan,260561,7,7,0,0,0,17,17,33,4480,7,8,2015,6,16,10,1,2,Urban,1,Interstate,1,State Highway Agency,1,Interstate,I-75,,257,46.48773056,-84.37576389,0,No Special Jurisdiction (Includes National Forests Since 2008),12,Motor Vehicle in Transport,1,Front-to-Rear,No,1,Non-Junction,Not an Intersection,None,1,On Roadway,1,Daylight,1,Clear,0,No Additional Atmospheric Conditions,1,Clear,No,0000000,16,0,16,5,99,99,28,Backup Due to Regular Congestion,0,None,0,None,1,0,2015-08-07 16:10:00+00:00,Siang (12-17),Hari Kerja,Jumat
47,Tennessee,470389,9,9,0,0,0,18,18,65,400,25,6,2015,5,19,10,1,2,Urban,1,Interstate,1,State Highway Agency,1,Interstate,I-75 US-74,,117,35.08673889,-85.06648056,0,No Special Jurisdiction (Includes National Forests Since 2008),12,Motor Vehicle in Transport,1,Front-to-Rear,No,1,Non-Junction,Not an Intersection,None,1,On Roadway,1,Daylight,1,Clear,0,No Additional Atmospheric Conditions,1,Clear,No,0000000,99,99,99,99,99,99,3,Other Maintenance or Construction-Created Condition,0,None,0,None,6,0,2015-06-25 19:10:00+00:00,Malam (18-23),Hari Kerja,Kamis
6,California,60020,5,5,0,0,0,5,5,1,1364,5,1,2015,2,16,50,1,2,Urban,1,Interstate,1,State Highway Agency,1,Interstate,I-680,,29,37.50049722,-121.92908889,0,No Special Jurisdiction (Includes National Forests Since 2008),12,Motor Vehicle in Transport,1,Front-to-Rear,No,1,Non-Junction,Not an Intersection,None,1,On Roadway,5,Dusk,1,Clear,0,No Additional Atmospheric Conditions,1,Clear,No,0000000,99,99,99,99,99,99,28,Backup Due to Regular Congestion,0,None,0,None,1,0,2015-01-05 16:50:00+00:00,Siang (12-17),Hari Kerja,Senin
6,California,63135,5,5,0,0,0,9,9,73,3645,11,4,2015,7,16,2,1,2,Urban,1,Interstate,1,State Highway Agency,1,Interstate,I-5,,398,33.00783889,-117.261525,0,No Special Jurisdiction (Includes National Forests Since 2008),12,Motor Vehicle in Transport,1,Front-to-Rear,No,1,Non-Junction,Not an Intersection,None,1,On Roadway,1,Daylight,1,Clear,0,No Additional Atmospheric Conditions,1,Clear,No,0000000,99,99,99,99,99,99,28,Backup Due to Regular Congestion,0,None,0,None,1,0,2015-04-11 16:02:00+00:00,Siang (12-17),Akhir Pekan,Sabtu
6,California,61020,6,6,0,0,0,10,10,1,0,14,5,2015,5,10,20,1,2,Urban,1,Interstate,1,State Highway Agency,1,Interstate,I-580,,303,37.69084722,-122.08855,0,No Special Jurisdiction (Includes National Forests Since 2008),12,Motor Vehicle in Transport,1,Front-to-Rear,No,1,Non-Junction,Not an Intersection,None,1,On Roadway,1,Daylight,1,Clear,0,No Additional Atmospheric Conditions,1,Clear,No,0000000,99,99,99,99,99,99,26,Backup Due to Prior Non-Recurring Incident,0,None,0,None,1,0,2015-05-14 10:20:00+00:00,Pagi (06-11),Hari Kerja,Kamis
42,Pennsylvania,420363,6,6,0,0,0,7,7,17,0,15,1,2015,5,13,16,1,2,Urban,1,Interstate,1,State Highway Agency,1,Interstate,I-95 DELAWARE EXPY,,359,40.07996944,-74.93959167,0,No Special Jurisdiction (Includes National Forests Since 2008),12,Motor Vehicle in Transport,1,Front-to-Rear,No,1,Non-Junction,Not an Intersection,Construction,1,On Roadway,1,Daylight,1,Clear,0,No Additional Atmospheric Conditions,1,Clear,No,0000000,13,17,13,21,99,99,3,Other Maintenance or Construction-Created Condition,0,None,0,None,1,0,2015-01-15 13:16:00+00:00,Siang (12-17),Hari Kerja,Kamis
42,Pennsylvania,420648,5,5,0,0,0,5,5,43,0,29,9,2015,3,7,32,1,2,Urban,1,Interstate,1,State Highway Agency,1,Interstate,I-283 INTERSTATE 283 RD,,34,40.22421944,-76.79110556,0,No Special Jurisdiction (Includes National Forests Since 2008),12,Motor Vehicle in Transport,1,Front-to-Rear,No,1,Non-Junction,Not an Intersection,None,1,On Roadway,1,Daylight,1,Clear,0,No Additional Atmospheric Conditions,1,Clear,No,0000000,7,30,7,44,8,8,28,Backup Due to Regular Congestion,0,None,0,None,1,0,2015-09-29 07:32:00+00:00,Pagi (06-11),Hari Kerja,Selasa
42,Pennsylvania,420710,6,6,0,0,0,6,6,41,0,13,8,2015,5,7,40,1,2,Urban,1,Interstate,1,State Highway Agency,1,Interstate,I-81,,192,40.18663889,-77.21975556,0,No Special Jurisdiction (Includes National Forests Since 2008),12,Motor Vehicle in Transport,1,Front-to-Rear,No,1,Non-Junction,Not an Intersection,None,1,On Roadway,1,Daylight,1,Clear,0,No Additional Atmospheric Conditions,1,Clear,No,0000000,99,99,99,99,99,99,28,Backup Due to Regular Congestion,0,None,0,None,1,0,2015-08-13 07:40:00+00:00,Pagi (06-11),Hari Kerja,Kamis
49,Utah,490046,5,5,0,0,0,5,5,35,1240,25,3,2015,4,23,33,1,2,Urban,1,Interstate,1,State Highway Agency,1,Interstate,I-215,,85,40.63070556,-111.8493,0,No Special Jurisdiction (Includes National Forests Since 2008),12,Motor Vehicle in Transport,2,Front-to-Front,No,1,Non-Junction,Not an Intersection,None,1,On Roadway,2,Dark – Not Lighted,1,Clear,0,No Additional Atmospheric Conditions,1,Clear,No,0000000,23,34,23,44,99,99,0,None,0,None,0,None,2,1,2015-03-25 23:33:00+00:00,Malam (18-23),Hari Kerja,Rabu
53,Washington,530397,5,5,0,0,0,5,5,63,2110,6,10,2015,3,5,45,1,2,Urban,1,Interstate,1,State Highway Agency,1,Interstate,I-90,,2810,47.65265556,-117.41390278,0,No Special Jurisdiction (Includes National Forests Since 2008),12,Motor Vehicle in Transport,2,Front-to-Front,No,1,Non-Junction,Not an Intersection,None,1,On Roadway,3,Dark – Lighted,1,Clear,0,No Additional Atmospheric Conditions,1,Clear,No,0000000,5,49,5,58,6,22,0,None,0,None,0,None,1,1,2015-10-06 05:45:00+00:00,Dini hari (00-05),Hari Kerja,Selasa
45,South Carolina,450114,6,6,0,0,0,13,13,83,0,11,2,2015,4,23,5,1,2,Urban,1,Interstate,1,State Highway Agency,1,Interstate,I-85,,678,34.95825,-82.05904722,0,No Special Jurisdiction (Includes National Forests Since 2008),12,Motor Vehicle in Transport,2,Front-to-Front,No,1,Non-Junction,Not an Intersection,None,1,On Roadway,2,Dark – Not Lighted,1,Clear,0,No Additional Atmospheric Conditions,1,Clear,No,0000000,23,24,23,31,23,44,0,None,0,None,0,None,4,1,2015-02-11 23:05:00+00:00,Malam (18-23),Hari Kerja,Rabu
29,Missouri,290805,6,6,0,0,0,9,9,47,4120,2,12,2015,4,18,40,1,2,Urban,1,Interstate,1,State Highway Agency,1,Interstate,I-29,,13,39.17932778,-94.57301111,0,No Special Jurisdiction (Includes National Forests Since 2008),12,Motor Vehicle in Transport,6,Angle,No,1,Non-Junction,Not an Intersection,None,1,On Roadway,2,Dark – Not Lighted,1,Clear,0,No Additional Atmospheric Conditions,1,Clear,No,0000000,18,42,18,48,20,32,0,None,0,None,0,None,1,0,2015-12-02 18:40:00+00:00,Malam (18-23),Hari Kerja,Rabu
12,Florida,122612,5,5,0,0,0,8,8,86,0,30,12,2015,4,0,45,1,2,Urban,1,Interstate,1,State Highway Agency,1,Interstate,I-95,,99998,25.94293611,-80.18786389,0,No Special Jurisdiction (Includes National Forests Since 2008),12,Motor Vehicle in Transport,7,Sideswipe – Same Direction,No,1,Non-Junction,Not an Intersection,None,1,On Roadway,3,Dark – Lighted,1,Clear,0,No Additional Atmospheric Conditions,1,Clear,No,0000000,99,99,99,99,99,99,0,None,0,None,0,None,5,1,2015-12-30 00:45:00+00:00,Dini hari (00-05),Hari Kerja,Rabu
13,Georgia,130480,7,7,0,0,0,11,11,51,4450,19,5,2015,3,13,45,1,2,Urban,1,Interstate,1,State Highway Agency,1,Interstate,I-16(SR404),,71,32.07540556,-81.25608333,0,No Special Jurisdiction (Includes National Forests Since 2008),12,Motor Vehicle in Transport,7,Sideswipe – Same Direction,No,1,Non-Junction,Not an Intersection,Construction,1,On Roadway,1,Daylight,1,Clear,0,No Additional Atmospheric Conditions,1,Clear,No,0000000,13,47,13,53,13,56,0,None,0,None,0,None,5,0,2015-05-19 13:45:00+00:00,Siang (12-17),Hari Kerja,Selasa
13,Georgia,131183,6,6,0,0,0,13,13,89,1750,26,11,2015,5,12,0,1,2,Urban,1,Interstate,1,State Highway Agency,1,Interstate,I-285,,48,33.90213056,-84.27240556,0,No Special Jurisdiction (Includes National Forests Since 2008),12,Motor Vehicle in Transport,7,Sideswipe – Same Direction,No,1,Non-Junction,Not an Intersection,None,1,On Roadway,1,Daylight,1,Clear,0,No Additional Atmospheric Conditions,1,Clear,No,0000000,99,99,99,99,99,99,0,None,0,None,0,None,1,0,2015-11-26 12:00:00+00:00,Siang (12-17),Hari Kerja,Kamis
5,Arkansas,50342,5,5,0,0,0,5,5,119,2880,16,9,2015,4,7,14,1,2,Urban,1,Interstate,1,State Highway Agency,1,Interstate,I-40-33,,1481,34.81639722,-92.32895556,0,No Special Jurisdiction (Includes National Forests Since 2008),12,Motor Vehicle in Transport,7,Sideswipe – Same Direction,No,1,Non-Junction,Not an Intersection,None,1,On Roadway,1,Daylight,1,Clear,0,No Additional Atmospheric Conditions,1,Clear,No,0000000,7,15,7,25,99,99,0,None,0,None,0,None,1,0,2015-09-16 07:14:00+00:00,Pagi (06-11),Hari Kerja,Rabu
6,California,60060,6,6,0,0,0,8,8,37,1980,13,1,2015,3,20,50,1,2,Urban,1,Interstate,1,State Highway Agency,1,Interstate,I-405,,373,34.13493889,-118.47218056,0,No Special Jurisdiction (Includes National Forests Since 2008),12,Motor Vehicle in Transport,7,Sideswipe – Same Direction,No,1,Non-Junction,Not an Intersection,None,1,On Roadway,3,Dark – Lighted,1,Clear,0,No Additional Atmospheric Conditions,1,Clear,No,0000000,99,99,99,99,99,99,26,Backup Due to Prior Non-Recurring Incident,14,"Motor Vehicle (In Transport 1983-2004) Struck By Falling Cargo or
Something That Came Loose From or Something That Was Set in Motion By
a Vehicle
(Since 1983)",0,None,1,1,2015-01-13 20:50:00+00:00,Malam (18-23),Hari Kerja,Selasa
53,Washington,530396,5,5,0,0,0,6,6,33,735,5,10,2015,2,13,21,1,2,Urban,1,Interstate,1,State Highway Agency,1,Interstate,I-5,,1452,47.32771389,-122.29384167,0,No Special Jurisdiction (Includes National Forests Since 2008),12,Motor Vehicle in Transport,7,Sideswipe – Same Direction,No,1,Non-Junction,Not an Intersection,None,1,On Roadway,1,Daylight,1,Clear,0,No Additional Atmospheric Conditions,1,Clear,No,0000000,99,98,99,98,99,98,0,None,0,None,0,None,1,0,2015-10-05 13:21:00+00:00,Siang (12-17),Hari Kerja,Senin
28,Mississippi,280211,5,5,0,0,0,10,10,49,1220,17,5,2015,1,3,2,1,2,Urban,1,Interstate,1,State Highway Agency,1,Interstate,I-55,,99998,32.24670833,-90.21341667,0,No Special Jurisdiction (Includes National Forests Since 2008),12,Motor Vehicle in Transport,8,Sideswipe – Opposite Direction,No,1,Non-Junction,Not an Intersection,Construction,1,On Roadway,2,Dark – Not Lighted,1,Clear,0,No Additional Atmospheric Conditions,1,Clear,No,0000000,3,2,3,4,3,46,0,None,0,None,0,None,1,0,2015-05-17 03:02:00+00:00,Dini hari (00-05),Akhir Pekan,Minggu
48,Texas,480828,6,6,0,0,0,8,8,113,1730,15,4,2015,4,18,27,1,2,Urban,1,Interstate,1,State Highway Agency,1,Interstate,I-635 LBJ EXPY,,73,32.92431667,-96.781325,0,No Special Jurisdiction (Includes National Forests Since 2008),12,Motor Vehicle in Transport,9,Rear-to-Side,No,1,Non-Junction,Not an Intersection,Construction,1,On Roadway,1,Daylight,1,Clear,0,No Additional Atmospheric Conditions,1,Clear,No,0000000,18,33,18,44,19,18,23,Indication of a Stalled/Disabled Vehicle (Since 2008),0,None,0,None,1,0,2015-04-15 18:27:00+00:00,Malam (18-23),Hari Kerja,Rabu
4,Arizona,40688,6,6,0,0,0,6,6,13,370,14,11,2015,7,23,34,1,2,Urban,1,Interstate,1,State Highway Agency,1,Interstate,I-17,,2125,33.63355556,-112.11628889,0,No Special Jurisdiction (Includes National Forests Since 2008),12,Motor Vehicle in Transport,1,Front-to-Rear,Yes,18,Through Roadway,Not an Intersection,None,1,On Roadway,3,Dark – Lighted,1,Clear,0,No Additional Atmospheric Conditions,1,Clear,No,0000000,23,33,23,36,88,88,14,"Motor Vehicle (In Transport 1983-2004) Struck By Falling Cargo or
Something That Came Loose From or Something That Was Set in Motion By
a Vehicle
(Since 1983)",0,None,0,None,1,1,2015-11-14 23:34:00+00:00,Malam (18-23),Akhir Pekan,Sabtu
26,Michigan,260461,5,5,0,0,0,11,11,139,0,3,8,2015,2,15,58,1,2,Urban,1,Interstate,1,State Highway Agency,1,Interstate,I-196,,131,42.86079167,-85.82633889,0,No Special Jurisdiction (Includes National Forests Since 2008),12,Motor Vehicle in Transport,1,Front-to-Rear,Yes,18,Through Roadway,Not an Intersection,None,1,On Roadway,1,Daylight,1,Clear,0,No Additional Atmospheric Conditions,1,Clear,No,0000000,15,59,16,9,99,99,28,Backup Due to Regular Congestion,0,None,0,None,1,0,2015-08-03 15:58:00+00:00,Siang (12-17),Hari Kerja,Senin
26,Michigan,260894,7,7,0,0,0,11,11,159,3850,3,9,2015,5,14,0,1,2,Urban,1,Interstate,1,State Highway Agency,1,Interstate,I-94,,174,42.20601111,-85.89151944,0,No Special Jurisdiction (Includes National Forests Since 2008),12,Motor Vehicle in Transport,1,Front-to-Rear,Yes,18,Through Roadway,Not an Intersection,Construction,1,On Roadway,1,Daylight,1,Clear,0,No Additional Atmospheric Conditions,1,Clear,No,0000000,99,99,99,99,99,99,3,Other Maintenance or Construction-Created Condition,0,None,0,None,1,0,2015-09-03 14:00:00+00:00,Siang (12-17),Hari Kerja,Kamis
9,Connecticut,90227,8,8,0,0,0,15,15,11,539,15,8,2015,7,5,38,1,2,Urban,1,Interstate,1,State Highway Agency,1,Interstate,I-95,,792,41.32245556,-72.33378056,0,No Special Jurisdiction (Includes National Forests Since 2008),12,Motor Vehicle in Transport,1,Front-to-Rear,Yes,18,Through Roadway,Not an Intersection,Construction,1,On Roadway,4,Dawn,1,Clear,0,No Additional Atmospheric Conditions,1,Clear,No,0000000,99,99,99,99,99,99,28,Backup Due to Regular Congestion,0,None,0,None,2,0,2015-08-15 05:38:00+00:00,Dini hari (00-05),Akhir Pekan,Sabtu
6,California,60481,7,7,0,0,0,8,8,71,1305,18,3,2015,4,8,25,1,2,Urban,1,Interstate,1,State Highway Agency,1,Interstate,I-10,,162,34.06677778,-117.44096111,0,No Special Jurisdiction (Includes National Forests Since 2008),12,Motor Vehicle in Transport,1,Front-to-Rear,Yes,20,Entrance/Exit Ramp,Not an Intersection,None,1,On Roadway,1,Daylight,1,Clear,0,No Additional Atmospheric Conditions,1,Clear,No,0000000,99,99,99,99,99,99,28,Backup Due to Regular Congestion,0,None,0,None,1,0,2015-03-18 08:25:00+00:00,Pagi (06-11),Hari Kerja,Rabu
6,California,62240,5,5,0,0,0,7,7,37,1980,17,4,2015,6,6,39,1,2,Urban,1,Interstate,1,State Highway Agency,1,Interstate,I-210 RAMP,,59,34.28743889,-118.40755,0,No Special Jurisdiction (Includes National Forests Since 2008),12,Motor Vehicle in Transport,1,Front-to-Rear,Yes,20,Entrance/Exit Ramp,Not an Intersection,None,1,On Roadway,1,Daylight,1,Clear,0,No Additional Atmospheric Conditions,1,Clear,No,0000000,99,99,99,99,99,99,0,None,0,None,0,None,1,0,2015-04-17 06:39:00+00:00,Pagi (06-11),Hari Kerja,Jumat
35,New Mexico,350031,7,7,0,0,0,8,8,1,30,20,2,2015,6,9,58,1,2,Urban,1,Interstate,1,State Highway Agency,1,Interstate,I-40 WEST OFF RAMP,UNSER BLVD,0,35.09633889,-106.72978889,0,No Special Jurisdiction (Includes National Forests Since 2008),12,Motor Vehicle in Transport,1,Front-to-Rear,Yes,20,Entrance/Exit Ramp,Not an Intersection,None,1,On Roadway,1,Daylight,1,Clear,0,No Additional Atmospheric Conditions,1,Clear,No,0000000,10,0,10,13,10,38,0,None,0,None,0,None,1,0,2015-02-20 09:58:00+00:00,Pagi (06-11),Hari Kerja,Jumat
48,Texas,482737,6,6,0,0,0,8,8,201,0,13,11,2015,6,19,1,1,2,Urban,1,Interstate,1,State Highway Agency,7,Local Street – Frontage Road (Since 1994),I-10,CR-GREENHOUSE RD,65,29.78570278,-95.70618333,0,No Special Jurisdiction (Includes National Forests Since 2008),12,Motor Vehicle in Transport,1,Front-to-Rear,No,3,Intersection Related,Four-Way Intersection,None,1,On Roadway,2,Dark – Not Lighted,1,Clear,0,No Additional Atmospheric Conditions,1,Clear,No,0000000,99,99,99,99,99,99,0,None,0,None,0,None,1,0,2015-11-13 19:01:00+00:00,Malam (18-23),Hari Kerja,Jumat
6,California,62448,6,6,0,0,0,9,9,73,1080,7,7,2015,3,16,38,1,2,Urban,1,Interstate,1,State Highway Agency,1,Interstate,I-8 RAMP,,144,32.79327778,-116.97714444,0,No Special Jurisdiction (Includes National Forests Since 2008),24,Guardrail Face,0,"Not Collision with Motor Vehicle in Transport (Not Necessarily in Transport for
2005-2009)",Yes,5,Entrance/Exit Ramp Related,Not an Intersection,None,4,On Roadside,1,Daylight,1,Clear,0,No Additional Atmospheric Conditions,1,Clear,No,0000000,99,99,99,99,99,99,0,None,0,None,0,None,1,0,2015-07-07 16:38:00+00:00,Siang (12-17),Hari Kerja,Selasa
39,Ohio,390122,5,5,0,1,1,7,7,49,1800,6,3,2015,6,21,34,1,2,Urban,1,Interstate,1,State Highway Agency,1,Interstate,I-70,I-670,89,39.9731,-83.08123889,0,No Special Jurisdiction (Includes National Forests Since 2008),8,Pedestrian,0,"Not Collision with Motor Vehicle in Transport (Not Necessarily in Transport for
2005-2009)",No,1,Non-Junction,Not an Intersection,None,1,On Roadway,2,Dark – Not Lighted,1,Clear,0,No Additional Atmospheric Conditions,1,Clear,No,0000000,99,98,99,98,88,88,0,None,0,None,0,None,1,0,2015-03-06 21:34:00+00:00,Malam (18-23),Hari Kerja,Jumat
48,Texas,482929,5,5,0,1,1,8,8,29,6090,7,12,2015,2,22,9,1,2,Urban,1,Interstate,1,State Highway Agency,1,Interstate,I-410,,127,29.47914444,-98.60639722,0,No Special Jurisdiction (Includes National Forests Since 2008),8,Pedestrian,0,"Not Collision with Motor Vehicle in Transport (Not Necessarily in Transport for
2005-2009)",No,1,Non-Junction,Not an Intersection,None,1,On Roadway,3,Dark – Lighted,1,Clear,0,No Additional Atmospheric Conditions,1,Clear,No,0000000,99,98,99,98,88,88,0,None,0,None,0,None,1,0,2015-12-07 22:09:00+00:00,Malam (18-23),Hari Kerja,Senin
48,Texas,480777,5,5,0,1,1,6,6,113,1730,22,4,2015,4,6,14,1,2,Urban,1,Interstate,1,State Highway Agency,1,Interstate,I-635 LBJ FWY,,137,32.90966667,-96.88785278,0,No Special Jurisdiction (Includes National Forests Since 2008),8,Pedestrian,0,"Not Collision with Motor Vehicle in Transport (Not Necessarily in Transport for
2005-2009)",No,1,Non-Junction,Not an Intersection,Construction,1,On Roadway,3,Dark – Lighted,1,Clear,0,No Additional Atmospheric Conditions,1,Clear,No,0000000,99,98,99,98,88,88,0,None,0,None,0,None,1,0,2015-04-22 06:14:00+00:00,Pagi (06-11),Hari Kerja,Rabu
4,Arizona,40761,6,6,0,1,1,13,13,13,220,6,12,2015,1,18,0,1,2,Urban,1,Interstate,1,State Highway Agency,1,Interstate,I-10,,1296,33.45798056,-112.34229167,0,No Special Jurisdiction (Includes National Forests Since 2008),8,Pedestrian,0,"Not Collision with Motor Vehicle in Transport (Not Necessarily in Transport for
2005-2009)",Yes,18,Through Roadway,Not an Intersection,None,1,On Roadway,3,Dark – Lighted,1,Clear,0,No Additional Atmospheric Conditions,1,Clear,No,0000000,18,19,18,29,88,88,0,None,0,None,0,None,1,0,2015-12-06 18:00:00+00:00,Malam (18-23),Akhir Pekan,Minggu
10,Delaware,100006,5,5,0,1,1,5,5,3,490,31,1,2015,7,21,11,1,2,Urban,1,Interstate,1,State Highway Agency,1,Interstate,I-95,,77,39.75283056,-75.55363889,0,No Special Jurisdiction (Includes National Forests Since 2008),8,Pedestrian,0,"Not Collision with Motor Vehicle in Transport (Not Necessarily in Transport for
2005-2009)",Yes,18,Through Roadway,Not an Intersection,None,1,On Roadway,2,Dark – Not Lighted,1,Clear,0,No Additional Atmospheric Conditions,1,Clear,No,0000000,21,12,21,24,88,88,0,None,0,None,0,None,1,0,2015-01-31 21:11:00+00:00,Malam (18-23),Akhir Pekan,Sabtu
47,Tennessee,470750,5,5,0,0,0,9,9,157,0,6,11,2015,6,16,20,0,1,Rural,4,Minor Arterial,1,State Highway Agency,3,State Highway,SR-14 AUSTIN PEAY HWY,,303,35.31328056,-89.81761111,0,No Special Jurisdiction (Includes National Forests Since 2008),24,Guardrail Face,0,"Not Collision with Motor Vehicle in Transport (Not Necessarily in Transport for
2005-2009)",No,1,Non-Junction,Not an Intersection,None,4,On Roadside,5,Dusk,1,Clear,0,No Additional Atmospheric Conditions,1,Clear,No,0000000,99,99,99,99,99,99,0,None,0,None,0,None,2,0,2015-11-06 16:20:00+00:00,Siang (12-17),Hari Kerja,Jumat
29,Missouri,290129,5,5,0,0,0,11,11,183,7010,18,1,2015,1,14,17,0,2,Urban,4,Minor Arterial,4,City or Municipal Highway Agency,6,Local Street – Municipality,FEISE RD,AMARILLO DR,42,38.77833056,-90.70969444,0,No Special Jurisdiction (Includes National Forests Since 2008),12,Motor Vehicle in Transport,2,Front-to-Front,No,2,Intersection,Four-Way Intersection,None,1,On Roadway,1,Daylight,1,Clear,0,No Additional Atmospheric Conditions,1,Clear,No,0000000,14,19,14,24,99,99,0,None,0,None,0,None,1,0,2015-01-18 14:17:00+00:00,Siang (12-17),Akhir Pekan,Minggu
12,Florida,121478,5,5,0,0,0,8,8,103,2730,12,8,2015,4,8,23,0,2,Urban,4,Minor Arterial,1,State Highway Agency,2,U.S. Highway,US-19,34TH ST N,0,27.77731667,-82.67948611,0,No Special Jurisdiction (Includes National Forests Since 2008),12,Motor Vehicle in Transport,6,Angle,No,2,Intersection,Four-Way Intersection,None,1,On Roadway,1,Daylight,1,Clear,0,No Additional Atmospheric Conditions,1,Clear,No,0000000,99,99,99,99,99,99,14,"Motor Vehicle (In Transport 1983-2004) Struck By Falling Cargo or
Something That Came Loose From or Something That Was Set in Motion By
a Vehicle
(Since 1983)",0,None,0,None,1,0,2015-08-12 08:23:00+00:00,Pagi (06-11),Hari Kerja,Rabu
32,Nevada,320119,9,9,0,0,0,19,19,3,120,6,2,2015,6,15,13,0,2,Urban,4,Minor Arterial,1,State Highway Agency,3,State Highway,SR-574 CHEYENNE AVE,SR-596 JONES BLVD,99998,36.21684444,-115.22579444,0,No Special Jurisdiction (Includes National Forests Since 2008),12,Motor Vehicle in Transport,6,Angle,No,2,Intersection,Four-Way Intersection,None,1,On Roadway,1,Daylight,1,Clear,0,No Additional Atmospheric Conditions,1,Clear,No,0000000,15,13,99,99,99,99,20,Police-Pursuit-Involved (Since 1994),0,None,0,None,1,0,2015-02-06 15:13:00+00:00,Siang (12-17),Hari Kerja,Jumat
48,Texas,480824,5,5,0,0,0,6,6,201,3280,13,4,2015,2,16,53,0,2,Urban,4,Minor Arterial,98,Not Reported,8,Other,FM 525 ALDINE BENDER RD,IMPERIAL VALLEY DR,6,29.93171667,-95.40221944,0,No Special Jurisdiction (Includes National Forests Since 2008),12,Motor Vehicle in Transport,6,Angle,No,2,Intersection,Four-Way Intersection,None,1,On Roadway,1,Daylight,1,Clear,0,No Additional Atmospheric Conditions,1,Clear,Yes,0000000,99,98,99,98,88,88,0,None,0,None,0,None,1,1,2015-04-13 16:53:00+00:00,Siang (12-17),Hari Kerja,Senin
4,Arizona,40532,7,7,0,0,0,7,7,25,386,25,8,2015,3,7,30,0,2,Urban,4,Minor Arterial,4,City or Municipal Highway Agency,6,Local Street – Municipality,WILLOW CREEK RD,,0,34.5834,-112.48110556,0,No Special Jurisdiction (Includes National Forests Since 2008),33,Curb,0,"Not Collision with Motor Vehicle in Transport (Not Necessarily in Transport for
2005-2009)",No,1,Non-Junction,Not an Intersection,None,4,On Roadside,1,Daylight,1,Clear,0,No Additional Atmospheric Conditions,1,Clear,No,0000000,7,33,7,36,8,29,14,"Motor Vehicle (In Transport 1983-2004) Struck By Falling Cargo or
Something That Came Loose From or Something That Was Set in Motion By
a Vehicle
(Since 1983)",0,None,0,None,1,0,2015-08-25 07:30:00+00:00,Pagi (06-11),Hari Kerja,Selasa
1,Alabama,10286,5,5,0,0,0,7,7,115,2410,30,5,2015,7,14,36,0,2,Urban,4,Minor Arterial,1,State Highway Agency,3,State Highway,SR-4,,0,33.59051667,-86.24565556,0,No Special Jurisdiction (Includes National Forests Since 2008),12,Motor Vehicle in Transport,6,Angle,No,1,Non-Junction,Not an Intersection,None,1,On Roadway,1,Daylight,1,Clear,0,No Additional Atmospheric Conditions,1,Clear,No,0000000,99,99,14,43,15,2,0,None,0,None,0,None,1,0,2015-05-30 14:36:00+00:00,Siang (12-17),Akhir Pekan,Sabtu
13,Georgia,130729,5,5,0,0,0,5,5,245,310,29,7,2015,4,16,15,0,2,Urban,4,Minor Arterial,1,State Highway Agency,3,State Highway,SR-56,,52,33.312925,-81.95404444,0,No Special Jurisdiction (Includes National Forests Since 2008),12,Motor Vehicle in Transport,7,Sideswipe – Same Direction,No,1,Non-Junction,Not an Intersection,Construction,1,On Roadway,1,Daylight,1,Clear,0,No Additional Atmospheric Conditions,1,Clear,No,0000000,16,17,16,33,17,15,0,None,0,None,0,None,1,1,2015-07-29 16:15:00+00:00,Siang (12-17),Hari Kerja,Rabu
32,Nevada,320226,5,5,0,0,0,5,5,3,0,10,8,2015,2,8,5,0,2,Urban,4,Minor Arterial,1,State Highway Agency,3,State Highway,SR-562 SUNSET RD,PARADISE RD,19,36.07165,-115.14125,0,No Special Jurisdiction (Includes National Forests Since 2008),12,Motor Vehicle in Transport,1,Front-to-Rear,No,3,Intersection Related,Four-Way Intersection,None,1,On Roadway,1,Daylight,1,Clear,0,No Additional Atmospheric Conditions,1,Clear,No,0000000,8,7,8,11,8,40,0,None,0,None,0,None,1,0,2015-08-10 08:05:00+00:00,Pagi (06-11),Hari Kerja,Senin
8,Colorado,80388,5,5,0,0,0,7,7,69,1550,9,9,2015,4,10,31,0,2,Urban,4,Minor Arterial,1,State Highway Agency,3,State Highway,SR-402  14TH ST SE,US-287  S LINCOLN AVE,0,40.37839444,-105.07250556,0,No Special Jurisdiction (Includes National Forests Since 2008),12,Motor Vehicle in Transport,1,Front-to-Rear,No,3,Intersection Related,Four-Way Intersection,None,1,On Roadway,1,Daylight,1,Clear,0,No Additional Atmospheric Conditions,1,Clear,No,0000000,10,31,10,39,99,99,0,None,0,None,0,None,1,0,2015-09-09 10:31:00+00:00,Pagi (06-11),Hari Kerja,Rabu
6,California,62206,5,5,0,0,0,11,11,59,450,5,9,2015,7,21,22,0,2,Urban,4,Minor Arterial,98,Not Reported,6,Local Street – Municipality,BREA BLVD,BIRCH ST,0,33.91860278,-117.89935278,0,No Special Jurisdiction (Includes National Forests Since 2008),12,Motor Vehicle in Transport,1,Front-to-Rear,No,3,Intersection Related,Four-Way Intersection,None,1,On Roadway,3,Dark – Lighted,1,Clear,0,No Additional Atmospheric Conditions,1,Clear,No,0000000,99,99,99,99,99,99,0,None,0,None,0,None,1,0,2015-09-05 21:22:00+00:00,Malam (18-23),Akhir Pekan,Sabtu
17,Illinois,170920,12,6,6,0,3,6,9,31,1670,17,9,2015,5,16,10,0,2,Urban,5,Major Collector,4,City or Municipal Highway Agency,6,Local Street – Municipality,AUSTIN AVE,,0,41.79388889,-87.77208333,0,No Special Jurisdiction (Includes National Forests Since 2008),14,Parked Motor Vehicle (Not In Transport),0,"Not Collision with Motor Vehicle in Transport (Not Necessarily in Transport for
2005-2009)",No,1,Non-Junction,Not an Intersection,None,4,On Roadside,1,Daylight,1,Clear,0,No Additional Atmospheric Conditions,1,Clear,No,0000000,16,10,99,99,99,99,14,"Motor Vehicle (In Transport 1983-2004) Struck By Falling Cargo or
Something That Came Loose From or Something That Was Set in Motion By
a Vehicle
(Since 1983)",0,None,0,None,1,0,2015-09-17 16:10:00+00:00,Siang (12-17),Hari Kerja,Kamis
35,New Mexico,350090,5,5,0,0,0,5,5,5,670,18,5,2015,2,9,9,0,2,Urban,5,Major Collector,4,City or Municipal Highway Agency,9,Unknown,E 5TH ST,N MAIN ST,0,33.39775556,-104.52278056,0,No Special Jurisdiction (Includes National Forests Since 2008),12,Motor Vehicle in Transport,1,Front-to-Rear,Yes,3,Intersection Related,Four-Way Intersection,None,1,On Roadway,1,Daylight,1,Clear,0,No Additional Atmospheric Conditions,1,Clear,No,0000000,9,10,9,13,9,23,0,None,0,None,0,None,1,0,2015-05-18 09:09:00+00:00,Pagi (06-11),Hari Kerja,Senin
17,Illinois,170952,6,6,0,3,3,10,10,31,1670,2,6,2015,3,17,0,1,2,Urban,3,Principal Arterial – Other,4,City or Municipal Highway Agency,6,Local Street – Municipality,MICHIGAN AVE,LAKE ST,0,41.88576667,-87.62448889,0,No Special Jurisdiction (Includes National Forests Since 2008),8,Pedestrian,0,"Not Collision with Motor Vehicle in Transport (Not Necessarily in Transport for
2005-2009)",No,3,Intersection Related,Four-Way Intersection,None,4,On Roadside,1,Daylight,1,Clear,0,No Additional Atmospheric Conditions,1,Clear,No,0000000,17,0,99,99,99,99,0,None,0,None,0,None,1,0,2015-06-02 17:00:00+00:00,Siang (12-17),Hari Kerja,Selasa
37,North Carolina,370920,5,5,0,0,0,7,7,183,0,17,9,2015,5,20,15,0,1,Rural,3,Principal Arterial – Other,99,Unknown,3,State Highway,SR-42,,0,35.59178333,-78.78175833,0,No Special Jurisdiction (Includes National Forests Since 2008),12,Motor Vehicle in Transport,1,Front-to-Rear,No,1,Non-Junction,Not an Intersection,None,1,On Roadway,2,Dark – Not Lighted,1,Clear,0,No Additional Atmospheric Conditions,1,Clear,No,0000000,20,13,20,18,20,57,0,None,0,None,0,None,1,0,2015-09-17 20:15:00+00:00,Malam (18-23),Hari Kerja,Kamis
24,Maryland,240232,5,5,0,0,0,6,6,33,0,21,7,2015,3,16,55,1,1,Rural,3,Principal Arterial – Other,1,State Highway Agency,2,U.S. Highway,US-301,,4,38.66367778,-76.87465,0,No Special Jurisdiction (Includes National Forests Since 2008),12,Motor Vehicle in Transport,7,Sideswipe – Same Direction,No,1,Non-Junction,Not an Intersection,None,1,On Roadway,1,Daylight,1,Clear,0,No Additional Atmospheric Conditions,1,Clear,No,0000000,16,43,17,16,17,59,14,"Motor Vehicle (In Transport 1983-2004) Struck By Falling Cargo or
Something That Came Loose From or Something That Was Set in Motion By
a Vehicle
(Since 1983)",0,None,0,None,1,0,2015-07-21 16:55:00+00:00,Siang (12-17),Hari Kerja,Selasa
48,Texas,482062,6,6,0,0,0,13,13,91,0,6,9,2015,1,0,48,1,1,Rural,3,Principal Arterial – Other,98,Not Reported,8,Other,FM306,,83,29.83753611,-98.11918056,0,No Special Jurisdiction (Includes National Forests Since 2008),12,Motor Vehicle in Transport,8,Sideswipe – Opposite Direction,No,1,Non-Junction,Not an Intersection,None,1,On Roadway,2,Dark – Not Lighted,1,Clear,0,No Additional Atmospheric Conditions,1,Clear,No,0000000,1,30,1,49,2,20,14,"Motor Vehicle (In Transport 1983-2004) Struck By Falling Cargo or
Something That Came Loose From or Something That Was Set in Motion By
a Vehicle
(Since 1983)",0,None,0,None,1,1,2015-09-06 00:48:00+00:00,Dini hari (00-05),Akhir Pekan,Minggu
29,Missouri,290152,9,9,0,0,0,14,14,131,4327,8,4,2015,4,15,5,1,1,Rural,3,Principal Arterial – Other,1,State Highway Agency,2,U.S. Highway,US-54,BAGNELL DAM BLVD,196,38.21641667,-92.62375,0,No Special Jurisdiction (Includes National Forests Since 2008),12,Motor Vehicle in Transport,1,Front-to-Rear,No,3,Intersection Related,Four-Way Intersection,None,1,On Roadway,1,Daylight,1,Clear,0,No Additional Atmospheric Conditions,1,Clear,No,0000000,15,15,15,23,15,55,14,"Motor Vehicle (In Transport 1983-2004) Struck By Falling Cargo or
Something That Came Loose From or Something That Was Set in Motion By
a Vehicle
(Since 1983)",0,None,0,None,2,0,2015-04-08 15:05:00+00:00,Siang (12-17),Hari Kerja,Rabu
24,Maryland,240129,5,5,0,0,0,8,8,17,0,3,5,2015,1,16,1,0,2,Urban,3,Principal Arterial – Other,1,State Highway Agency,2,U.S. Highway,US-1,SR-5,262,38.65704444,-76.87558056,0,No Special Jurisdiction (Includes National Forests Since 2008),12,Motor Vehicle in Transport,1,Front-to-Rear,No,2,Intersection,Four-Way Intersection,None,1,On Roadway,1,Daylight,1,Clear,0,No Additional Atmospheric Conditions,1,Clear,No,0000000,16,0,16,11,16,38,14,"Motor Vehicle (In Transport 1983-2004) Struck By Falling Cargo or
Something That Came Loose From or Something That Was Set in Motion By
a Vehicle
(Since 1983)",0,None,0,None,2,0,2015-05-03 16:01:00+00:00,Siang (12-17),Akhir Pekan,Minggu
12,Florida,121738,5,5,0,0,0,6,6,95,0,10,9,2015,5,5,32,1,2,Urban,3,Principal Arterial – Other,1,State Highway Agency,3,State Highway,SR-438,CR-435,99998,28.57765,-81.49073889,0,No Special Jurisdiction (Includes National Forests Since 2008),12,Motor Vehicle in Transport,6,Angle,No,2,Intersection,Four-Way Intersection,None,1,On Roadway,3,Dark – Lighted,1,Clear,0,No Additional Atmospheric Conditions,1,Clear,No,0000000,99,99,99,99,99,99,0,None,0,None,0,None,1,0,2015-09-10 05:32:00+00:00,Dini hari (00-05),Hari Kerja,Kamis
4,Arizona,40696,6,6,0,0,0,6,6,19,530,20,11,2015,6,13,1,0,2,Urban,3,Principal Arterial – Other,4,City or Municipal Highway Agency,6,Local Street – Municipality,GRANT RD,FAIRVIEW AVE,0,32.25036944,-110.98650833,0,No Special Jurisdiction (Includes National Forests Since 2008),12,Motor Vehicle in Transport,6,Angle,No,2,Intersection,Four-Way Intersection,None,1,On Roadway,1,Daylight,1,Clear,0,No Additional Atmospheric Conditions,1,Clear,No,0000000,13,1,13,5,13,18,0,None,0,None,0,None,1,0,2015-11-20 13:01:00+00:00,Siang (12-17),Hari Kerja,Jumat
47,Tennessee,470109,5,5,0,0,0,5,5,149,1750,2,3,2015,2,11,59,1,2,Urban,3,Principal Arterial – Other,1,State Highway Agency,2,U.S. Highway,US-231 SR-10 MEMORIAL BLVD,,156,35.8775,-86.38473889,0,No Special Jurisdiction (Includes National Forests Since 2008),12,Motor Vehicle in Transport,1,Front-to-Rear,No,1,Non-Junction,Not an Intersection,None,1,On Roadway,1,Daylight,1,Clear,0,No Additional Atmospheric Conditions,1,Clear,No,0000000,99,99,99,99,99,99,0,None,0,None,0,None,1,0,2015-03-02 11:59:00+00:00,Pagi (06-11),Hari Kerja,Senin
48,Texas,482165,6,6,0,0,0,8,8,157,0,18,9,2015,6,16,17,1,2,Urban,3,Principal Arterial – Other,98,Not Reported,3,State Highway,SR-99,,150,29.73677222,-95.77279444,0,No Special Jurisdiction (Includes National Forests Since 2008),12,Motor Vehicle in Transport,1,Front-to-Rear,No,1,Non-Junction,Not an Intersection,None,1,On Roadway,1,Daylight,1,Clear,0,No Additional Atmospheric Conditions,1,Clear,No,0000000,16,20,16,41,17,25,0,None,0,None,0,None,1,0,2015-09-18 16:17:00+00:00,Siang (12-17),Hari Kerja,Jumat
29,Missouri,290498,5,5,0,0,0,8,8,99,0,26,6,2015,6,15,20,1,2,Urban,3,Principal Arterial – Other,1,State Highway Agency,3,State Highway,SR-30,,207,38.48496944,-90.50371944,0,No Special Jurisdiction (Includes National Forests Since 2008),12,Motor Vehicle in Transport,1,Front-to-Rear,No,1,Non-Junction,Not an Intersection,None,1,On Roadway,1,Daylight,1,Clear,0,No Additional Atmospheric Conditions,1,Clear,No,0000000,15,23,15,28,15,50,0,None,0,None,0,None,1,0,2015-06-26 15:20:00+00:00,Siang (12-17),Hari Kerja,Jumat
54,West Virginia,540135,6,5,1,0,0,8,8,11,1458,10,7,2015,6,12,30,1,2,Urban,3,Principal Arterial – Other,1,State Highway Agency,3,State Highway,SR-2,,90,38.51728889,-82.29799167,0,No Special Jurisdiction (Includes National Forests Since 2008),12,Motor Vehicle in Transport,1,Front-to-Rear,No,1,Non-Junction,Not an Intersection,None,1,On Roadway,1,Daylight,1,Clear,0,No Additional Atmospheric Conditions,1,Clear,No,0000000,12,32,12,35,13,18,0,None,0,None,0,None,2,0,2015-07-10 12:30:00+00:00,Siang (12-17),Hari Kerja,Jumat
12,Florida,121163,5,5,0,0,0,13,13,119,0,23,6,2015,3,9,50,1,2,Urban,3,Principal Arterial – Other,1,State Highway Agency,4,County Road,CR-476,,99998,28.62061944,-82.18285,0,No Special Jurisdiction (Includes National Forests Since 2008),12,Motor Vehicle in Transport,1,Front-to-Rear,No,1,Non-Junction,Not an Intersection,None,1,On Roadway,1,Daylight,1,Clear,0,No Additional Atmospheric Conditions,1,Clear,No,0000000,99,99,99,99,99,99,19,Recent Previous Crash Scene Nearby (Since 1989),0,None,0,None,1,0,2015-06-23 09:50:00+00:00,Pagi (06-11),Hari Kerja,Selasa
47,Tennessee,470316,5,5,0,0,0,8,8,9,0,22,5,2015,6,19,29,1,2,Urban,3,Principal Arterial – Other,1,State Highway Agency,2,U.S. Highway,US-321 SR-73 LAMAR ALEXANDER P,,170,35.75805,-83.88448889,0,No Special Jurisdiction (Includes National Forests Since 2008),12,Motor Vehicle in Transport,2,Front-to-Front,No,1,Non-Junction,Not an Intersection,None,1,On Roadway,1,Daylight,1,Clear,0,No Additional Atmospheric Conditions,1,Clear,No,0000000,99,99,99,99,99,99,0,None,0,None,0,None,2,0,2015-05-22 19:29:00+00:00,Malam (18-23),Hari Kerja,Jumat
48,Texas,481729,9,9,0,0,0,12,12,453,330,31,7,2015,6,12,23,1,2,Urban,3,Principal Arterial – Other,98,Not Reported,8,Other,FM2304 MANCHACA RD,,50,30.17491667,-97.82325833,0,No Special Jurisdiction (Includes National Forests Since 2008),12,Motor Vehicle in Transport,2,Front-to-Front,No,1,Non-Junction,Not an Intersection,None,1,On Roadway,1,Daylight,1,Clear,0,No Additional Atmospheric Conditions,1,Clear,No,0000000,12,31,12,40,13,13,14,"Motor Vehicle (In Transport 1983-2004) Struck By Falling Cargo or
Something That Came Loose From or Something That Was Set in Motion By
a Vehicle
(Since 1983)",0,None,0,None,1,0,2015-07-31 12:23:00+00:00,Siang (12-17),Hari Kerja,Jumat
12,Florida,122187,5,5,0,0,0,6,6,101,2590,6,10,2015,3,16,45,1,2,Urban,3,Principal Arterial – Other,1,State Highway Agency,2,U.S. Highway,US-19,,99998,28.27079722,-82.72468611,0,No Special Jurisdiction (Includes National Forests Since 2008),12,Motor Vehicle in Transport,6,Angle,No,1,Non-Junction,Not an Intersection,None,1,On Roadway,1,Daylight,1,Clear,0,No Additional Atmospheric Conditions,1,Clear,No,0000000,99,99,99,99,99,99,0,None,0,None,0,None,1,0,2015-10-06 16:45:00+00:00,Siang (12-17),Hari Kerja,Selasa
12,Florida,120838,5,5,0,0,0,5,5,103,0,1,5,2015,6,16,48,1,2,Urban,3,Principal Arterial – Other,1,State Highway Agency,2,U.S. Highway,US-19,,99998,28.10152778,-82.73971944,0,No Special Jurisdiction (Includes National Forests Since 2008),12,Motor Vehicle in Transport,6,Angle,No,1,Non-Junction,Not an Intersection,None,1,On Roadway,1,Daylight,1,Clear,0,No Additional Atmospheric Conditions,1,Clear,No,0000000,99,99,99,99,99,99,14,"Motor Vehicle (In Transport 1983-2004) Struck By Falling Cargo or
Something That Came Loose From or Something That Was Set in Motion By
a Vehicle
(Since 1983)",0,None,0,None,1,0,2015-05-01 16:48:00+00:00,Siang (12-17),Hari Kerja,Jumat
4,Arizona,40105,6,6,0,0,0,8,8,13,370,5,2,2015,5,8,19,1,2,Urban,3,Principal Arterial – Other,4,City or Municipal Highway Agency,6,Local Street – Municipality,BELL RD,,0,33.64049722,-112.04196111,0,No Special Jurisdiction (Includes National Forests Since 2008),12,Motor Vehicle in Transport,7,Sideswipe – Same Direction,No,1,Non-Junction,Not an Intersection,None,1,On Roadway,1,Daylight,1,Clear,0,No Additional Atmospheric Conditions,1,Clear,No,0000000,99,99,99,99,99,99,0,None,0,None,0,None,2,0,2015-02-05 08:19:00+00:00,Pagi (06-11),Hari Kerja,Kamis
42,Pennsylvania,420772,5,5,0,0,0,5,5,3,0,7,8,2015,6,12,40,1,2,Urban,3,Principal Arterial – Other,1,State Highway Agency,3,State Highway,SR-65 OHIO RIVER BL,,92,40.52380833,-80.15176111,0,No Special Jurisdiction (Includes National Forests Since 2008),12,Motor Vehicle in Transport,8,Sideswipe – Opposite Direction,No,1,Non-Junction,Not an Intersection,None,1,On Roadway,1,Daylight,1,Clear,0,No Additional Atmospheric Conditions,1,Clear,No,0000000,99,99,99,99,99,99,14,"Motor Vehicle (In Transport 1983-2004) Struck By Falling Cargo or
Something That Came Loose From or Something That Was Set in Motion By
a Vehicle
(Since 1983)",0,None,0,None,2,0,2015-08-07 12:40:00+00:00,Siang (12-17),Hari Kerja,Jumat
49,Utah,490027,5,5,0,0,0,8,8,35,1120,7,3,2015,7,10,30,0,2,Urban,3,Principal Arterial – Other,1,State Highway Agency,3,State Highway,SR-48,I-15 RAMP,0,40.62081667,-111.90475833,0,No Special Jurisdiction (Includes National Forests Since 2008),33,Curb,0,"Not Collision with Motor Vehicle in Transport (Not Necessarily in Transport for
2005-2009)",Yes,3,Intersection Related,T-Intersection,None,3,On Median,1,Daylight,1,Clear,0,No Additional Atmospheric Conditions,1,Clear,No,0000000,10,31,10,35,99,99,0,None,0,None,0,None,1,1,2015-03-07 10:30:00+00:00,Pagi (06-11),Akhir Pekan,Sabtu
12,Florida,121101,7,7,0,0,0,15,15,103,2730,15,6,2015,2,16,23,1,2,Urban,3,Principal Arterial – Other,1,State Highway Agency,2,U.S. Highway,US-19,38TH AVE,99998,27.73398889,-82.67937778,0,No Special Jurisdiction (Includes National Forests Since 2008),12,Motor Vehicle in Transport,1,Front-to-Rear,No,3,Intersection Related,Four-Way Intersection,None,1,On Roadway,1,Daylight,1,Clear,0,No Additional Atmospheric Conditions,1,Clear,No,0000000,99,99,99,99,99,99,0,None,0,None,0,None,1,0,2015-06-15 16:23:00+00:00,Siang (12-17),Hari Kerja,Senin
5,Arkansas,50319,6,6,0,0,0,8,8,7,3390,29,8,2015,7,21,1,1,2,Urban,3,Principal Arterial – Other,1,State Highway Agency,2,U.S. Highway,US-71-18B,CS- WEST PLEASANT GROVE ROAD,51,36.28311389,-94.12971667,0,No Special Jurisdiction (Includes National Forests Since 2008),12,Motor Vehicle in Transport,1,Front-to-Rear,No,3,Intersection Related,Four-Way Intersection,None,1,On Roadway,2,Dark – Not Lighted,1,Clear,0,No Additional Atmospheric Conditions,1,Clear,No,0000000,21,1,21,5,99,99,0,None,0,None,0,None,1,1,2015-08-29 21:01:00+00:00,Malam (18-23),Akhir Pekan,Sabtu
34,New Jersey,340189,5,5,0,0,0,7,7,15,1082,11,6,2015,5,10,58,1,2,Urban,3,Principal Arterial – Other,1,State Highway Agency,2,U.S. Highway,US-40,PORCHTOWN RD,247,39.58640556,-75.08523056,0,No Special Jurisdiction (Includes National Forests Since 2008),12,Motor Vehicle in Transport,1,Front-to-Rear,No,3,Intersection Related,Four-Way Intersection,None,1,On Roadway,1,Daylight,1,Clear,0,No Additional Atmospheric Conditions,1,Clear,No,0000000,10,59,11,12,11,40,0,None,0,None,0,None,1,0,2015-06-11 10:58:00+00:00,Pagi (06-11),Hari Kerja,Kamis
41,Oregon,410225,7,7,0,0,0,13,13,67,0,1,9,2015,3,19,1,1,2,Urban,3,Principal Arterial – Other,1,State Highway Agency,3,State Highway,SR-8 (ODOT 29),SW 185TH AVE,66,45.49403056,-122.86830833,0,No Special Jurisdiction (Includes National Forests Since 2008),12,Motor Vehicle in Transport,1,Front-to-Rear,No,3,Intersection Related,Four-Way Intersection,None,1,On Roadway,1,Daylight,1,Clear,0,No Additional Atmospheric Conditions,1,Clear,No,0000000,19,46,19,47,19,52,28,Backup Due to Regular Congestion,0,None,0,None,1,0,2015-09-01 19:01:00+00:00,Malam (18-23),Hari Kerja,Selasa
12,Florida,121984,7,7,0,0,0,9,9,117,30,16,10,2015,6,9,48,1,2,Urban,3,Principal Arterial – Other,1,State Highway Agency,3,State Highway,SR-434,SR-436,99998,28.66572778,-81.41907778,0,No Special Jurisdiction (Includes National Forests Since 2008),12,Motor Vehicle in Transport,1,Front-to-Rear,No,3,Intersection Related,T-Intersection,None,1,On Roadway,1,Daylight,1,Clear,0,No Additional Atmospheric Conditions,1,Clear,No,0000000,99,99,99,99,99,99,0,None,0,None,0,None,2,0,2015-10-16 09:48:00+00:00,Pagi (06-11),Hari Kerja,Jumat
6,California,61166,6,6,0,0,0,6,6,37,3105,24,7,2015,6,5,5,0,2,Urban,3,Principal Arterial – Other,98,Not Reported,3,State Highway,SR-164,GLENDON WAY,58,34.07465,-118.07313056,0,No Special Jurisdiction (Includes National Forests Since 2008),12,Motor Vehicle in Transport,1,Front-to-Rear,No,3,Intersection Related,Four-Way Intersection,None,1,On Roadway,4,Dawn,1,Clear,0,No Additional Atmospheric Conditions,1,Clear,No,0000000,99,99,99,99,99,99,0,None,0,None,0,None,1,1,2015-07-24 05:05:00+00:00,Dini hari (00-05),Hari Kerja,Jumat
53,Washington,530442,5,5,0,0,0,9,9,35,180,7,11,2015,7,21,4,0,2,Urban,3,Principal Arterial – Other,1,State Highway Agency,3,State Highway,SR-310,KITSAP WAY,8,47.56838889,-122.66766944,0,No Special Jurisdiction (Includes National Forests Since 2008),12,Motor Vehicle in Transport,1,Front-to-Rear,No,3,Intersection Related,T-Intersection,None,1,On Roadway,3,Dark – Lighted,1,Clear,0,No Additional Atmospheric Conditions,1,Clear,No,0000000,99,98,99,98,99,98,0,None,0,None,0,None,1,0,2015-11-07 21:04:00+00:00,Malam (18-23),Akhir Pekan,Sabtu
48,Texas,482030,5,5,0,0,0,11,11,215,4197,1,9,2015,3,21,29,1,2,Urban,3,Principal Arterial – Other,98,Not Reported,6,Local Street – Municipality,TRENTON AVE,SECOND ST,0,26.26693889,-98.21008611,0,No Special Jurisdiction (Includes National Forests Since 2008),12,Motor Vehicle in Transport,2,Front-to-Front,No,3,Intersection Related,Four-Way Intersection,None,1,On Roadway,3,Dark – Lighted,1,Clear,0,No Additional Atmospheric Conditions,1,Clear,No,0000000,21,37,21,40,21,53,14,"Motor Vehicle (In Transport 1983-2004) Struck By Falling Cargo or
Something That Came Loose From or Something That Was Set in Motion By
a Vehicle
(Since 1983)",0,None,0,None,2,0,2015-09-01 21:29:00+00:00,Malam (18-23),Hari Kerja,Selasa
41,Oregon,410316,7,7,0,0,0,8,8,5,0,16,6,2015,3,19,5,1,2,Urban,3,Principal Arterial – Other,1,State Highway Agency,1,Interstate,I-205 RAMP,SE SUNNYSIDE RD,151,45.43343056,-122.56731944,0,No Special Jurisdiction (Includes National Forests Since 2008),12,Motor Vehicle in Transport,6,Angle,Yes,3,Intersection Related,Four-Way Intersection,None,1,On Roadway,1,Daylight,1,Clear,0,No Additional Atmospheric Conditions,1,Clear,No,0000000,19,1,19,5,99,99,0,None,0,None,0,None,1,1,2015-06-16 19:05:00+00:00,Malam (18-23),Hari Kerja,Selasa
12,Florida,121199,7,7,0,0,0,12,12,105,0,20,6,2015,7,10,55,1,2,Urban,3,Principal Arterial – Other,1,State Highway Agency,3,State Highway,SR-35,AUTUMNWOOD GROVE BLVD,99998,27.988875,-81.89418333,0,No Special Jurisdiction (Includes National Forests Since 2008),12,Motor Vehicle in Transport,7,Sideswipe – Same Direction,No,3,Intersection Related,Four-Way Intersection,None,1,On Roadway,1,Daylight,1,Clear,0,No Additional Atmospheric Conditions,1,Clear,No,0000000,99,99,99,99,99,99,0,None,0,None,0,None,1,0,2015-06-20 10:55:00+00:00,Pagi (06-11),Akhir Pekan,Sabtu
34,New Jersey,340174,6,6,0,0,0,8,8,7,3694,29,6,2015,2,6,32,1,2,Urban,3,Principal Arterial – Other,1,State Highway Agency,3,State Highway,SR-73,HAYES MILL RD,144,39.76295556,-74.90996944,0,No Special Jurisdiction (Includes National Forests Since 2008),12,Motor Vehicle in Transport,7,Sideswipe – Same Direction,No,3,Intersection Related,Four-Way Intersection,None,1,On Roadway,1,Daylight,1,Clear,0,No Additional Atmospheric Conditions,1,Clear,No,0000000,6,48,7,8,7,26,0,None,0,None,0,None,1,0,2015-06-29 06:32:00+00:00,Pagi (06-11),Hari Kerja,Senin
26,Michigan,260463,8,8,0,0,0,15,15,125,4567,25,7,2015,7,21,22,1,2,Urban,3,Principal Arterial – Other,98,Not Reported,6,Local Street – Municipality,SOUTHFIELD RD,FILMORE PL,38,42.47685,-83.22130556,0,No Special Jurisdiction (Includes National Forests Since 2008),12,Motor Vehicle in Transport,7,Sideswipe – Same Direction,No,3,Intersection Related,Four-Way Intersection,None,1,On Roadway,5,Dusk,1,Clear,0,No Additional Atmospheric Conditions,1,Clear,No,0000000,99,99,99,99,99,99,14,"Motor Vehicle (In Transport 1983-2004) Struck By Falling Cargo or
Something That Came Loose From or Something That Was Set in Motion By
a Vehicle
(Since 1983)",0,None,0,None,1,1,2015-07-25 21:22:00+00:00,Malam (18-23),Akhir Pekan,Sabtu
6,California,61757,8,8,0,0,0,13,13,59,80,3,7,2015,6,13,0,0,2,Urban,3,Principal Arterial – Other,98,Not Reported,6,Local Street – Municipality,W BALL RD,S ANAHEIM BL,0,33.81803611,-117.9082,0,No Special Jurisdiction (Includes National Forests Since 2008),12,Motor Vehicle in Transport,7,Sideswipe – Same Direction,No,3,Intersection Related,Four-Way Intersection,None,1,On Roadway,1,Daylight,1,Clear,0,No Additional Atmospheric Conditions,1,Clear,No,0000000,99,99,99,99,99,99,14,"Motor Vehicle (In Transport 1983-2004) Struck By Falling Cargo or
Something That Came Loose From or Something That Was Set in Motion By
a Vehicle
(Since 1983)",0,None,0,None,1,0,2015-07-03 13:00:00+00:00,Siang (12-17),Hari Kerja,Jumat
12,Florida,122008,8,5,3,0,0,11,11,11,790,23,8,2015,1,17,25,0,6,Trafficway Not in State Inventory,96,Trafficway Not in State Inventory,96,Trafficway Not in State Inventory,6,Local Street – Municipality,SE 10TH ST,,99998,26.30493889,-80.09989444,0,No Special Jurisdiction (Includes National Forests Since 2008),12,Motor Vehicle in Transport,1,Front-to-Rear,No,1,Non-Junction,Not an Intersection,None,1,On Roadway,3,Dark – Lighted,1,Clear,0,No Additional Atmospheric Conditions,1,Clear,No,0000000,99,99,99,99,99,99,0,None,0,None,0,None,1,0,2015-08-23 17:25:00+00:00,Siang (12-17),Akhir Pekan,Minggu
36,New York,360889,6,6,0,0,0,11,11,87,3833,29,11,2015,1,17,3,1,1,Rural,2,Principal Arterial – Other Freeways and Expressways,1,State Highway Agency,3,State Highway,SR-982L GARDEN STATE PKWY,,0,41.08002778,-74.04848611,0,No Special Jurisdiction (Includes National Forests Since 2008),12,Motor Vehicle in Transport,1,Front-to-Rear,No,1,Non-Junction,Not an Intersection,None,1,On Roadway,2,Dark – Not Lighted,1,Clear,0,No Additional Atmospheric Conditions,1,Clear,No,0000000,17,9,17,23,17,54,0,None,0,None,0,None,1,0,2015-11-29 17:03:00+00:00,Siang (12-17),Akhir Pekan,Minggu
6,California,62437,7,7,0,0,0,10,10,69,0,15,6,2015,2,17,24,0,1,Rural,2,Principal Arterial – Other Freeways and Expressways,98,Not Reported,3,State Highway,SR-25,,564,36.94086944,-121.49623889,0,No Special Jurisdiction (Includes National Forests Since 2008),12,Motor Vehicle in Transport,1,Front-to-Rear,No,1,Non-Junction,Not an Intersection,None,1,On Roadway,1,Daylight,1,Clear,0,No Additional Atmospheric Conditions,1,Clear,No,0000000,99,99,99,99,99,99,0,None,0,None,0,None,1,1,2015-06-15 17:24:00+00:00,Siang (12-17),Hari Kerja,Senin
6,California,61945,6,6,0,0,0,6,6,97,0,18,11,2015,4,15,36,1,1,Rural,2,Principal Arterial – Other Freeways and Expressways,98,Not Reported,3,State Highway,SR-37,,26,38.14231944,-122.46243056,0,No Special Jurisdiction (Includes National Forests Since 2008),12,Motor Vehicle in Transport,1,Front-to-Rear,No,1,Non-Junction,Not an Intersection,None,1,On Roadway,1,Daylight,1,Clear,0,No Additional Atmospheric Conditions,1,Clear,No,0000000,99,99,99,99,88,88,28,Backup Due to Regular Congestion,0,None,0,None,1,0,2015-11-18 15:36:00+00:00,Siang (12-17),Hari Kerja,Rabu
6,California,61537,5,5,0,0,0,6,6,81,3240,26,6,2015,6,15,18,1,2,Urban,2,Principal Arterial – Other Freeways and Expressways,98,Not Reported,2,U.S. Highway,US-101,,76,37.50451111,-122.24538056,0,No Special Jurisdiction (Includes National Forests Since 2008),12,Motor Vehicle in Transport,1,Front-to-Rear,No,1,Non-Junction,Not an Intersection,None,1,On Roadway,1,Daylight,1,Clear,0,No Additional Atmospheric Conditions,1,Clear,No,0000000,99,99,99,99,88,88,0,None,0,None,0,None,1,0,2015-06-26 15:18:00+00:00,Siang (12-17),Hari Kerja,Jumat
36,New York,360211,6,6,0,0,0,9,9,47,4170,30,4,2015,5,0,37,1,2,Urban,2,Principal Arterial – Other Freeways and Expressways,1,State Highway Agency,3,State Highway,SR-907C,,0,40.64326667,-73.87605833,0,No Special Jurisdiction (Includes National Forests Since 2008),12,Motor Vehicle in Transport,1,Front-to-Rear,No,1,Non-Junction,Not an Intersection,Construction,1,On Roadway,3,Dark – Lighted,1,Clear,0,No Additional Atmospheric Conditions,1,Clear,No,0000000,0,37,99,99,99,99,3,Other Maintenance or Construction-Created Condition,0,None,0,None,1,1,2015-04-30 00:37:00+00:00,Dini hari (00-05),Hari Kerja,Kamis
6,California,61502,5,5,0,0,0,12,12,87,3450,8,8,2015,7,16,55,1,2,Urban,2,Principal Arterial – Other Freeways and Expressways,98,Not Reported,3,State Highway,SR-1,,151,36.98763056,-121.99011944,0,No Special Jurisdiction (Includes National Forests Since 2008),12,Motor Vehicle in Transport,1,Front-to-Rear,No,1,Non-Junction,Not an Intersection,None,1,On Roadway,1,Daylight,1,Clear,0,No Additional Atmospheric Conditions,1,Clear,No,0000000,99,99,99,99,99,99,0,None,0,None,0,None,1,0,2015-08-08 16:55:00+00:00,Siang (12-17),Akhir Pekan,Sabtu
6,California,61346,5,5,0,0,0,5,5,77,2070,7,5,2015,5,7,42,1,2,Urban,2,Principal Arterial – Other Freeways and Expressways,98,Not Reported,3,State Highway,SR-120,,53,37.78315278,-121.21573889,0,No Special Jurisdiction (Includes National Forests Since 2008),12,Motor Vehicle in Transport,1,Front-to-Rear,No,1,Non-Junction,Not an Intersection,None,1,On Roadway,1,Daylight,1,Clear,0,No Additional Atmospheric Conditions,1,Clear,No,0000000,99,99,99,99,99,99,0,None,0,None,0,None,1,0,2015-05-07 07:42:00+00:00,Pagi (06-11),Hari Kerja,Kamis
6,California,61070,5,5,0,0,0,7,7,65,3070,15,6,2015,2,14,26,1,2,Urban,2,Principal Arterial – Other Freeways and Expressways,98,Not Reported,3,State Highway,SR-91,,151,33.92299444,-117.42732222,0,No Special Jurisdiction (Includes National Forests Since 2008),12,Motor Vehicle in Transport,1,Front-to-Rear,No,1,Non-Junction,Not an Intersection,None,1,On Roadway,1,Daylight,1,Clear,0,No Additional Atmospheric Conditions,1,Clear,No,0000000,99,99,99,99,99,99,28,Backup Due to Regular Congestion,0,None,0,None,1,0,2015-06-15 14:26:00+00:00,Siang (12-17),Hari Kerja,Senin
53,Washington,530380,5,5,0,0,0,93,93,33,1960,24,9,2015,5,11,11,0,2,Urban,2,Principal Arterial – Other Freeways and Expressways,1,State Highway Agency,3,State Highway,SR-99,,343,47.646125,-122.34728056,0,No Special Jurisdiction (Includes National Forests Since 2008),12,Motor Vehicle in Transport,6,Angle,No,1,Non-Junction,Not an Intersection,None,1,On Roadway,1,Daylight,1,Clear,0,No Additional Atmospheric Conditions,1,Clear,No,0000000,11,20,11,31,11,40,0,None,0,None,0,None,5,0,2015-09-24 11:11:00+00:00,Pagi (06-11),Hari Kerja,Kamis
6,California,62966,10,10,0,0,0,13,13,59,2800,13,5,2015,4,19,5,1,2,Urban,2,Principal Arterial – Other Freeways and Expressways,1,State Highway Agency,3,State Highway,SR-57,,168,33.8652,-117.8783,0,No Special Jurisdiction (Includes National Forests Since 2008),12,Motor Vehicle in Transport,7,Sideswipe – Same Direction,No,1,Non-Junction,Not an Intersection,None,1,On Roadway,1,Daylight,1,Clear,0,No Additional Atmospheric Conditions,1,Clear,No,0000000,19,10,19,19,99,99,14,"Motor Vehicle (In Transport 1983-2004) Struck By Falling Cargo or
Something That Came Loose From or Something That Was Set in Motion By
a Vehicle
(Since 1983)",0,None,0,None,1,0,2015-05-13 19:05:00+00:00,Malam (18-23),Hari Kerja,Rabu
34,New Jersey,340025,5,5,0,0,0,6,6,23,3705,25,1,2015,1,22,15,1,2,Urban,2,Principal Arterial – Other Freeways and Expressways,31,State Toll Road,8,Other,GSP-444,,1325,40.57759167,-74.331225,0,No Special Jurisdiction (Includes National Forests Since 2008),12,Motor Vehicle in Transport,7,Sideswipe – Same Direction,No,1,Non-Junction,Not an Intersection,None,1,On Roadway,2,Dark – Not Lighted,1,Clear,0,No Additional Atmospheric Conditions,1,Clear,No,0000000,22,47,22,57,23,16,0,None,0,None,0,None,1,0,2015-01-25 22:15:00+00:00,Malam (18-23),Akhir Pekan,Minggu
6,California,62491,8,8,0,0,0,13,13,37,1980,21,8,2015,6,16,15,1,2,Urban,2,Principal Arterial – Other Freeways and Expressways,98,Not Reported,3,State Highway,SR-60,,15,34.02903889,-118.20145833,0,No Special Jurisdiction (Includes National Forests Since 2008),12,Motor Vehicle in Transport,1,Front-to-Rear,Yes,18,Through Roadway,Not an Intersection,None,1,On Roadway,1,Daylight,1,Clear,0,No Additional Atmospheric Conditions,1,Clear,No,0000000,99,99,99,99,99,99,28,Backup Due to Regular Congestion,14,"Motor Vehicle (In Transport 1983-2004) Struck By Falling Cargo or
Something That Came Loose From or Something That Was Set in Motion By
a Vehicle
(Since 1983)",0,None,1,1,2015-08-21 16:15:00+00:00,Siang (12-17),Hari Kerja,Jumat
6,California,60263,6,6,0,0,0,6,6,37,518,4,2,2015,4,15,3,1,2,Urban,2,Principal Arterial – Other Freeways and Expressways,98,Not Reported,2,U.S. Highway,US-101 RAMP,,274,34.159975,-118.63618889,0,No Special Jurisdiction (Includes National Forests Since 2008),12,Motor Vehicle in Transport,1,Front-to-Rear,No,20,Entrance/Exit Ramp,Not an Intersection,None,1,On Roadway,1,Daylight,1,Clear,0,No Additional Atmospheric Conditions,1,Clear,No,0000000,99,99,99,99,88,88,0,None,0,None,0,None,1,0,2015-02-04 15:03:00+00:00,Siang (12-17),Hari Kerja,Rabu
6,California,62068,5,5,0,1,1,7,7,53,0,3,9,2015,5,5,40,1,2,Urban,2,Principal Arterial – Other Freeways and Expressways,98,Not Reported,2,U.S. Highway,US-101,,962,36.80009722,-121.66328056,0,No Special Jurisdiction (Includes National Forests Since 2008),8,Pedestrian,0,"Not Collision with Motor Vehicle in Transport (Not Necessarily in Transport for
2005-2009)",No,1,Non-Junction,Not an Intersection,None,1,On Roadway,2,Dark – Not Lighted,1,Clear,0,No Additional Atmospheric Conditions,1,Clear,No,0000000,99,99,99,99,88,88,0,None,0,None,0,None,1,0,2015-09-03 05:40:00+00:00,Dini hari (00-05),Hari Kerja,Kamis
6,California,61795,5,5,0,1,1,8,8,75,3290,19,10,2015,2,22,45,1,2,Urban,2,Principal Arterial – Other Freeways and Expressways,98,Not Reported,2,U.S. Highway,US-101,,6,37.7168,-122.3991,0,No Special Jurisdiction (Includes National Forests Since 2008),8,Pedestrian,0,"Not Collision with Motor Vehicle in Transport (Not Necessarily in Transport for
2005-2009)",Yes,18,Through Roadway,Not an Intersection,None,1,On Roadway,2,Dark – Not Lighted,1,Clear,0,No Additional Atmospheric Conditions,1,Clear,No,0000000,99,99,99,99,88,88,0,None,0,None,0,None,1,0,2015-10-19 22:45:00+00:00,Malam (18-23),Hari Kerja,Senin
4,Arizona,40824,6,6,0,1,1,6,6,13,420,19,12,2015,7,1,7,1,2,Urban,2,Principal Arterial – Other Freeways and Expressways,1,State Highway Agency,3,State Highway,SR-101,,351,33.65621944,-111.91510556,0,No Special Jurisdiction (Includes National Forests Since 2008),12,Motor Vehicle in Transport,1,Front-to-Rear,Yes,18,Through Roadway,Not an Intersection,None,1,On Roadway,3,Dark – Lighted,1,Clear,0,No Additional Atmospheric Conditions,1,Clear,No,0000000,1,8,1,16,88,88,0,None,0,None,0,None,1,0,2015-12-19 01:07:00+00:00,Dini hari (00-05),Akhir Pekan,Sabtu
1,Alabama,10141,9,9,0,0,0,14,14,53,0,2,4,2015,5,16,50,1,1,Rural,1,Interstate,1,State Highway Agency,1,Interstate,I-65,,688,31.19800278,-87.31778056,0,No Special Jurisdiction (Includes National Forests Since 2008),12,Motor Vehicle in Transport,1,Front-to-Rear,No,1,Non-Junction,Not an Intersection,None,1,On Roadway,1,Daylight,1,Clear,0,No Additional Atmospheric Conditions,1,Clear,No,0000000,99,99,16,53,99,99,14,"Motor Vehicle (In Transport 1983-2004) Struck By Falling Cargo or
Something That Came Loose From or Something That Was Set in Motion By
a Vehicle
(Since 1983)",19,Recent Previous Crash Scene Nearby (Since 1989),27,Backup Due to Prior Crash,1,0,2015-04-02 16:50:00+00:00,Siang (12-17),Hari Kerja,Kamis
48,Texas,481257,9,9,0,0,0,15,15,467,0,1,6,2015,2,14,30,1,1,Rural,1,Interstate,1,State Highway Agency,1,Interstate,I-20,,73,32.61096111,-95.95915833,0,No Special Jurisdiction (Includes National Forests Since 2008),12,Motor Vehicle in Transport,1,Front-to-Rear,No,1,Non-Junction,Not an Intersection,Construction,1,On Roadway,1,Daylight,10,Cloudy,0,No Additional Atmospheric Conditions,10,Cloudy,No,0000000,14,33,14,45,15,58,0,None,0,None,0,None,1,0,2015-06-01 14:30:00+00:00,Siang (12-17),Hari Kerja,Senin
48,Texas,481333,5,5,0,0,0,7,7,423,0,17,6,2015,4,15,22,1,1,Rural,1,Interstate,1,State Highway Agency,1,Interstate,I-20,,348,32.43701944,-95.01355,0,No Special Jurisdiction (Includes National Forests Since 2008),12,Motor Vehicle in Transport,1,Front-to-Rear,No,1,Non-Junction,Not an Intersection,None,1,On Roadway,1,Daylight,10,Cloudy,0,No Additional Atmospheric Conditions,10,Cloudy,No,0000000,99,99,99,99,99,99,19,Recent Previous Crash Scene Nearby (Since 1989),27,Backup Due to Prior Crash,0,None,2,0,2015-06-17 15:22:00+00:00,Siang (12-17),Hari Kerja,Rabu
40,Oklahoma,400365,8,8,0,0,0,11,11,81,0,10,7,2015,6,16,47,1,1,Rural,1,Interstate,1,State Highway Agency,1,Interstate,I-44,,35,35.661,-97.1112,0,No Special Jurisdiction (Includes National Forests Since 2008),12,Motor Vehicle in Transport,1,Front-to-Rear,No,1,Non-Junction,Not an Intersection,"Work Zone, Type Unknown",1,On Roadway,1,Daylight,10,Cloudy,0,No Additional Atmospheric Conditions,10,Cloudy,No,0000000,16,46,17,23,18,36,26,Backup Due to Prior Non-Recurring Incident,14,"Motor Vehicle (In Transport 1983-2004) Struck By Falling Cargo or
Something That Came Loose From or Something That Was Set in Motion By
a Vehicle
(Since 1983)",0,None,1,0,2015-07-10 16:47:00+00:00,Siang (12-17),Hari Kerja,Jumat
51,Virginia,510261,6,6,0,0,0,7,7,171,0,11,6,2015,5,16,45,1,1,Rural,1,Interstate,1,State Highway Agency,1,Interstate,I-81,,2837,38.86888889,-78.52888889,0,No Special Jurisdiction (Includes National Forests Since 2008),12,Motor Vehicle in Transport,1,Front-to-Rear,Yes,17,Acceleration/Deceleration Lane,Not an Intersection,None,1,On Roadway,1,Daylight,1,Clear,10,Cloudy,10,Cloudy,No,0000000,16,47,16,55,99,99,27,Backup Due to Prior Crash,0,None,0,None,1,0,2015-06-11 16:45:00+00:00,Siang (12-17),Hari Kerja,Kamis
12,Florida,122252,7,7,0,0,0,9,9,1,0,18,11,2015,4,17,11,1,2,Urban,1,Interstate,1,State Highway Agency,1,Interstate,I-75,,99998,29.61782778,-82.38641389,0,No Special Jurisdiction (Includes National Forests Since 2008),24,Guardrail Face,0,"Not Collision with Motor Vehicle in Transport (Not Necessarily in Transport for
2005-2009)",No,1,Non-Junction,Not an Intersection,None,3,On Median,5,Dusk,10,Cloudy,0,No Additional Atmospheric Conditions,10,Cloudy,No,0000000,99,99,99,99,99,99,0,None,0,None,0,None,1,0,2015-11-18 17:11:00+00:00,Siang (12-17),Hari Kerja,Rabu
12,Florida,120307,9,9,0,0,0,13,13,15,0,3,3,2015,3,13,23,1,2,Urban,1,Interstate,1,State Highway Agency,1,Interstate,I-75,,99998,26.96219444,-82.01986389,0,No Special Jurisdiction (Includes National Forests Since 2008),12,Motor Vehicle in Transport,1,Front-to-Rear,No,1,Non-Junction,Not an Intersection,None,1,On Roadway,1,Daylight,10,Cloudy,0,No Additional Atmospheric Conditions,10,Cloudy,No,0000000,99,99,99,99,99,99,0,None,0,None,0,None,2,0,2015-03-03 13:23:00+00:00,Siang (12-17),Hari Kerja,Selasa
39,Ohio,390552,6,6,0,0,0,14,14,99,0,31,7,2015,6,14,47,1,2,Urban,1,Interstate,31,State Toll Road,1,Interstate,I-76,,38,41.06751389,-80.788625,0,No Special Jurisdiction (Includes National Forests Since 2008),12,Motor Vehicle in Transport,7,Sideswipe – Same Direction,No,1,Non-Junction,Not an Intersection,Maintenance,1,On Roadway,1,Daylight,10,Cloudy,0,No Additional Atmospheric Conditions,10,Cloudy,No,0000000,15,11,15,26,16,19,14,"Motor Vehicle (In Transport 1983-2004) Struck By Falling Cargo or
Something That Came Loose From or Something That Was Set in Motion By
a Vehicle
(Since 1983)",0,None,0,None,1,0,2015-07-31 14:47:00+00:00,Siang (12-17),Hari Kerja,Jumat
55,Wisconsin,550048,6,6,0,0,0,9,9,79,3100,23,1,2015,6,20,6,1,2,Urban,1,Interstate,1,State Highway Agency,1,Interstate,I-94,,0,43.03050833,-87.98550278,0,No Special Jurisdiction (Includes National Forests Since 2008),12,Motor Vehicle in Transport,2,Front-to-Front,Yes,5,Entrance/Exit Ramp Related,Not an Intersection,Construction,1,On Roadway,3,Dark – Lighted,10,Cloudy,0,No Additional Atmospheric Conditions,10,Cloudy,No,0000000,99,99,99,99,99,99,14,"Motor Vehicle (In Transport 1983-2004) Struck By Falling Cargo or
Something That Came Loose From or Something That Was Set in Motion By
a Vehicle
(Since 1983)",0,None,0,None,1,1,2015-01-23 20:06:00+00:00,Malam (18-23),Hari Kerja,Jumat
48,Texas,480330,5,5,0,0,0,9,9,201,3280,16,2,2015,2,15,4,0,2,Urban,4,Minor Arterial,98,Not Reported,6,Local Street – Municipality,T C JESTER BLVD,,0,29.77815,-95.41819167,0,No Special Jurisdiction (Includes National Forests Since 2008),12,Motor Vehicle in Transport,1,Front-to-Rear,No,1,Non-Junction,Not an Intersection,None,1,On Roadway,1,Daylight,10,Cloudy,0,No Additional Atmospheric Conditions,10,Cloudy,No,0000000,14,57,14,58,15,27,0,None,0,None,0,None,1,0,2015-02-16 15:04:00+00:00,Siang (12-17),Hari Kerja,Senin
1,Alabama,10034,6,6,0,0,0,10,10,3,860,15,1,2015,5,14,27,0,2,Urban,4,Minor Arterial,1,State Highway Agency,2,U.S. Highway,US-SR 16,JUBILEE PKWY,448,30.65515556,-87.90710278,0,No Special Jurisdiction (Includes National Forests Since 2008),12,Motor Vehicle in Transport,1,Front-to-Rear,No,3,Intersection Related,Four-Way Intersection,None,1,On Roadway,1,Daylight,10,Cloudy,0,No Additional Atmospheric Conditions,10,Cloudy,No,0000000,99,99,14,36,99,99,0,None,0,None,0,None,1,1,2015-01-15 14:27:00+00:00,Siang (12-17),Hari Kerja,Kamis
13,Georgia,130538,5,5,0,0,0,8,8,121,280,4,6,2015,5,15,8,0,2,Urban,4,Minor Arterial,1,State Highway Agency,2,U.S. Highway,US-29 / LEE ST,AVON AVE,224,33.72762222,-84.41713611,0,No Special Jurisdiction (Includes National Forests Since 2008),12,Motor Vehicle in Transport,2,Front-to-Front,No,3,Intersection Related,T-Intersection,None,1,On Roadway,1,Daylight,10,Cloudy,0,No Additional Atmospheric Conditions,10,Cloudy,No,0000000,15,8,15,15,15,30,0,None,0,None,0,None,1,0,2015-06-04 15:08:00+00:00,Siang (12-17),Hari Kerja,Kamis
10,Delaware,100011,6,6,0,0,0,10,10,3,0,10,2,2015,3,7,17,0,1,Rural,5,Major Collector,1,State Highway Agency,2,U.S. Highway,US-13 S. DUPONT HWY N/B,HAMBURG RD,7,39.62055,-75.64181111,0,No Special Jurisdiction (Includes National Forests Since 2008),12,Motor Vehicle in Transport,7,Sideswipe – Same Direction,Yes,2,Intersection,Four-Way Intersection,None,1,On Roadway,1,Daylight,10,Cloudy,0,No Additional Atmospheric Conditions,10,Cloudy,No,0000000,7,18,7,23,7,46,0,None,0,None,0,None,1,0,2015-02-10 07:17:00+00:00,Pagi (06-11),Hari Kerja,Selasa
53,Washington,530487,5,5,0,0,0,8,8,57,0,6,12,2015,1,17,20,0,1,Rural,5,Major Collector,2,County Highway Agency,4,County Road,CR-FRANCIS RD,,32,48.46806667,-122.28650278,0,No Special Jurisdiction (Includes National Forests Since 2008),12,Motor Vehicle in Transport,8,Sideswipe – Opposite Direction,No,1,Non-Junction,Not an Intersection,None,1,On Roadway,2,Dark – Not Lighted,10,Cloudy,0,No Additional Atmospheric Conditions,10,Cloudy,No,0000000,17,22,17,32,18,12,0,None,0,None,0,None,1,2,2015-12-06 17:20:00+00:00,Siang (12-17),Akhir Pekan,Minggu
18,Indiana,180053,6,6,0,0,0,7,7,59,2917,27,1,2015,3,20,35,0,2,Urban,5,Major Collector,2,County Highway Agency,4,County Road,CR-600,CROSSFIELD TRL,0,39.92227778,-85.91901667,0,No Special Jurisdiction (Includes National Forests Since 2008),12,Motor Vehicle in Transport,2,Front-to-Front,No,3,Intersection Related,T-Intersection,None,1,On Roadway,2,Dark – Not Lighted,10,Cloudy,0,No Additional Atmospheric Conditions,10,Cloudy,No,0000000,99,99,99,99,99,99,20,Police-Pursuit-Involved (Since 1994),14,"Motor Vehicle (In Transport 1983-2004) Struck By Falling Cargo or
Something That Came Loose From or Something That Was Set in Motion By
a Vehicle
(Since 1983)",0,None,1,1,2015-01-27 20:35:00+00:00,Malam (18-23),Hari Kerja,Selasa
18,Indiana,180748,5,5,0,0,0,5,5,51,3890,14,12,2015,2,7,47,1,1,Rural,3,Principal Arterial – Other,1,State Highway Agency,2,U.S. Highway,US- 41,,0,38.43932778,-87.573175,0,No Special Jurisdiction (Includes National Forests Since 2008),12,Motor Vehicle in Transport,1,Front-to-Rear,No,1,Non-Junction,Not an Intersection,None,1,On Roadway,1,Daylight,10,Cloudy,0,No Additional Atmospheric Conditions,10,Cloudy,No,0000000,99,99,99,99,99,99,14,"Motor Vehicle (In Transport 1983-2004) Struck By Falling Cargo or
Something That Came Loose From or Something That Was Set in Motion By
a Vehicle
(Since 1983)",0,None,0,None,1,0,2015-12-14 07:47:00+00:00,Pagi (06-11),Hari Kerja,Senin
40,Oklahoma,400245,6,6,0,0,0,11,11,137,0,11,4,2015,7,11,33,1,1,Rural,3,Principal Arterial – Other,1,State Highway Agency,2,U.S. Highway,US-81,,68,34.384,-97.9725,0,No Special Jurisdiction (Includes National Forests Since 2008),12,Motor Vehicle in Transport,6,Angle,No,1,Non-Junction,Not an Intersection,None,1,On Roadway,1,Daylight,10,Cloudy,0,No Additional Atmospheric Conditions,10,Cloudy,No,0000000,11,38,12,1,13,1,0,None,0,None,0,None,1,1,2015-04-11 11:33:00+00:00,Pagi (06-11),Akhir Pekan,Sabtu
26,Michigan,260360,5,5,0,0,0,9,9,145,0,7,7,2015,3,16,10,1,1,Rural,3,Principal Arterial – Other,98,Not Reported,3,State Highway,SR-46 GRATIOT RD,,170,43.41540833,-84.03299167,0,No Special Jurisdiction (Includes National Forests Since 2008),12,Motor Vehicle in Transport,8,Sideswipe – Opposite Direction,No,1,Non-Junction,Not an Intersection,None,1,On Roadway,1,Daylight,10,Cloudy,0,No Additional Atmospheric Conditions,10,Cloudy,No,0000000,16,11,16,19,99,99,0,None,0,None,0,None,2,1,2015-07-07 16:10:00+00:00,Siang (12-17),Hari Kerja,Selasa
22,Louisiana,220440,5,5,0,0,0,7,7,19,1250,25,9,2015,6,11,31,1,2,Urban,3,Principal Arterial – Other,1,State Highway Agency,3,State Highway,SR-14 GERSTNER MEMORIAL,E PRIEN LAKE ROAD,26,30.19625,-93.18003889,0,No Special Jurisdiction (Includes National Forests Since 2008),12,Motor Vehicle in Transport,6,Angle,No,2,Intersection,Four-Way Intersection,None,1,On Roadway,1,Daylight,10,Cloudy,0,No Additional Atmospheric Conditions,10,Cloudy,No,0000000,11,34,11,40,12,6,0,None,0,None,0,None,1,1,2015-09-25 11:31:00+00:00,Pagi (06-11),Hari Kerja,Jumat
13,Georgia,130979,5,5,0,0,0,9,9,1,440,5,10,2015,2,12,36,1,2,Urban,3,Principal Arterial – Other,1,State Highway Agency,2,U.S. Highway,US-1 / SR-4,,100,31.78119444,-82.34788889,0,No Special Jurisdiction (Includes National Forests Since 2008),1,Rollover/Overturn,0,"Not Collision with Motor Vehicle in Transport (Not Necessarily in Transport for
2005-2009)",No,1,Non-Junction,Not an Intersection,None,1,On Roadway,1,Daylight,10,Cloudy,0,No Additional Atmospheric Conditions,10,Cloudy,No,0000000,12,36,12,39,12,55,0,None,0,None,0,None,1,0,2015-10-05 12:36:00+00:00,Siang (12-17),Hari Kerja,Senin
12,Florida,121843,5,5,0,0,0,7,7,71,0,28,9,2015,2,18,30,1,2,Urban,3,Principal Arterial – Other,1,State Highway Agency,3,State Highway,SR-82,,99998,26.58240833,-81.7152,0,No Special Jurisdiction (Includes National Forests Since 2008),12,Motor Vehicle in Transport,1,Front-to-Rear,No,1,Non-Junction,Not an Intersection,None,1,On Roadway,1,Daylight,10,Cloudy,0,No Additional Atmospheric Conditions,10,Cloudy,No,0000000,99,99,99,99,99,99,0,None,0,None,0,None,1,0,2015-09-28 18:30:00+00:00,Malam (18-23),Hari Kerja,Senin
12,Florida,120938,5,5,0,0,0,6,6,125,0,18,5,2015,2,11,59,1,2,Urban,3,Principal Arterial – Other,1,State Highway Agency,3,State Highway,SR-121,,0,30.02526111,-82.3225,0,No Special Jurisdiction (Includes National Forests Since 2008),12,Motor Vehicle in Transport,1,Front-to-Rear,No,1,Non-Junction,Not an Intersection,Construction,1,On Roadway,1,Daylight,10,Cloudy,0,No Additional Atmospheric Conditions,10,Cloudy,No,0000000,99,99,99,99,99,99,0,None,0,None,0,None,1,0,2015-05-18 11:59:00+00:00,Pagi (06-11),Hari Kerja,Senin
29,Missouri,290420,6,6,0,0,0,6,6,189,5035,12,6,2015,6,16,12,1,2,Urban,3,Principal Arterial – Other,1,State Highway Agency,3,State Highway,SR-D PAGE AVE,,2,38.69867778,-90.44895833,0,No Special Jurisdiction (Includes National Forests Since 2008),12,Motor Vehicle in Transport,1,Front-to-Rear,No,1,Non-Junction,Not an Intersection,None,1,On Roadway,1,Daylight,10,Cloudy,0,No Additional Atmospheric Conditions,10,Cloudy,No,0000000,16,19,16,24,16,41,0,None,0,None,0,None,1,0,2015-06-12 16:12:00+00:00,Siang (12-17),Hari Kerja,Jumat
48,Texas,482668,5,5,0,0,0,9,9,203,4360,10,11,2015,3,16,42,1,2,Urban,3,Principal Arterial – Other,98,Not Reported,2,U.S. Highway,US-59/EAST END BLVD,,123,32.53647778,-94.34981111,0,No Special Jurisdiction (Includes National Forests Since 2008),12,Motor Vehicle in Transport,8,Sideswipe – Opposite Direction,No,1,Non-Junction,Not an Intersection,None,1,On Roadway,1,Daylight,10,Cloudy,0,No Additional Atmospheric Conditions,10,Cloudy,No,0000000,16,49,16,52,17,11,0,None,0,None,0,None,2,0,2015-11-10 16:42:00+00:00,Siang (12-17),Hari Kerja,Selasa
48,Texas,481149,5,5,0,0,0,5,5,445,920,23,4,2015,5,7,38,1,2,Urban,3,Principal Arterial – Other,98,Not Reported,2,U.S. Highway,US-62/LUBBOCK HWY,,15,33.20168889,-102.27271944,0,No Special Jurisdiction (Includes National Forests Since 2008),12,Motor Vehicle in Transport,11,Other (End-Swipes and Others),No,1,Non-Junction,Not an Intersection,None,1,On Roadway,4,Dawn,10,Cloudy,0,No Additional Atmospheric Conditions,10,Cloudy,No,0000000,99,99,99,99,99,99,0,None,0,None,0,None,1,0,2015-04-23 07:38:00+00:00,Pagi (06-11),Hari Kerja,Kamis
37,North Carolina,371097,6,6,0,0,0,7,7,71,390,3,11,2015,3,9,54,1,2,Urban,3,Principal Arterial – Other,1,State Highway Agency,2,U.S. Highway,US-74,NC-273,0,35.25175556,-81.02915556,0,No Special Jurisdiction (Includes National Forests Since 2008),12,Motor Vehicle in Transport,1,Front-to-Rear,No,3,Intersection Related,Four-Way Intersection,None,1,On Roadway,1,Daylight,10,Cloudy,0,No Additional Atmospheric Conditions,10,Cloudy,No,0000000,9,53,10,15,99,99,14,"Motor Vehicle (In Transport 1983-2004) Struck By Falling Cargo or
Something That Came Loose From or Something That Was Set in Motion By
a Vehicle
(Since 1983)",0,None,0,None,1,0,2015-11-03 09:54:00+00:00,Pagi (06-11),Hari Kerja,Selasa
48,Texas,482373,5,5,0,0,0,6,6,113,1730,8,10,2015,5,18,19,1,2,Urban,3,Principal Arterial – Other,98,Not Reported,6,Local Street – Municipality,LANCASTER RD,OAKLEY AVE,0,32.70751111,-96.80147778,0,No Special Jurisdiction (Includes National Forests Since 2008),12,Motor Vehicle in Transport,1,Front-to-Rear,No,3,Intersection Related,T-Intersection,None,1,On Roadway,1,Daylight,10,Cloudy,0,No Additional Atmospheric Conditions,10,Cloudy,No,0000000,99,99,99,99,99,99,0,None,0,None,0,None,1,1,2015-10-08 18:19:00+00:00,Malam (18-23),Hari Kerja,Kamis
36,New York,360883,7,5,2,1,1,12,12,47,4170,26,11,2015,5,19,13,1,2,Urban,3,Principal Arterial – Other,4,City or Municipal Highway Agency,6,Local Street – Municipality,PENNSYLVANIA AVE,,0,40.65724167,-73.88950278,0,No Special Jurisdiction (Includes National Forests Since 2008),12,Motor Vehicle in Transport,6,Angle,No,1,Non-Junction,Not an Intersection,None,1,On Roadway,3,Dark – Lighted,10,Cloudy,0,No Additional Atmospheric Conditions,10,Cloudy,No,0000000,19,13,99,99,99,99,0,None,0,None,0,None,1,0,2015-11-26 19:13:00+00:00,Malam (18-23),Hari Kerja,Kamis
21,Kentucky,210070,5,5,0,0,0,5,5,111,2090,9,2,2015,2,7,30,1,1,Rural,2,Principal Arterial – Other Freeways and Expressways,1,State Highway Agency,2,U.S. Highway,US-31W,,20,38.02353333,-85.916575,0,No Special Jurisdiction (Includes National Forests Since 2008),18,Other Object (Not Fixed),0,"Not Collision with Motor Vehicle in Transport (Not Necessarily in Transport for
2005-2009)",No,1,Non-Junction,Not an Intersection,None,1,On Roadway,1,Daylight,10,Cloudy,0,No Additional Atmospheric Conditions,10,Cloudy,No,0000000,7,30,7,45,8,30,0,None,0,None,0,None,1,0,2015-02-09 07:30:00+00:00,Pagi (06-11),Hari Kerja,Senin
6,California,63030,5,5,0,0,0,5,5,7,0,24,12,2015,5,6,45,0,1,Rural,2,Principal Arterial – Other Freeways and Expressways,1,State Highway Agency,3,State Highway,SR-99,,82,39.42258611,-121.68809167,0,No Special Jurisdiction (Includes National Forests Since 2008),12,Motor Vehicle in Transport,2,Front-to-Front,No,1,Non-Junction,Not an Intersection,None,1,On Roadway,2,Dark – Not Lighted,10,Cloudy,0,No Additional Atmospheric Conditions,10,Cloudy,No,0000000,99,99,99,99,99,99,0,None,0,None,0,None,1,0,2015-12-24 06:45:00+00:00,Pagi (06-11),Hari Kerja,Kamis
1,Alabama,10095,10,10,0,0,0,15,15,101,2130,2,3,2015,2,8,7,1,1,Rural,1,Interstate,1,State Highway Agency,1,Interstate,I-65,,1652,32.28422222,-86.34324444,0,No Special Jurisdiction (Includes National Forests Since 2008),12,Motor Vehicle in Transport,1,Front-to-Rear,No,1,Non-Junction,Not an Intersection,None,1,On Roadway,1,Daylight,5,"Fog, Smog, Smoke",0,No Additional Atmospheric Conditions,5,"Fog, Smog, Smoke",No,0000000,8,39,8,46,99,99,0,None,0,None,0,None,3,0,2015-03-02 08:07:00+00:00,Pagi (06-11),Hari Kerja,Senin
18,Indiana,180125,9,9,0,0,0,12,12,181,540,10,3,2015,3,21,52,1,1,Rural,1,Interstate,1,State Highway Agency,1,Interstate,I-65 N,,1880,40.60274444,-86.97738333,0,No Special Jurisdiction (Includes National Forests Since 2008),12,Motor Vehicle in Transport,1,Front-to-Rear,No,1,Non-Junction,Not an Intersection,None,1,On Roadway,2,Dark – Not Lighted,5,"Fog, Smog, Smoke",0,No Additional Atmospheric Conditions,5,"Fog, Smog, Smoke",No,0000000,99,99,99,99,99,99,19,Recent Previous Crash Scene Nearby (Since 1989),0,None,0,None,1,0,2015-03-10 21:52:00+00:00,Malam (18-23),Hari Kerja,Selasa
13,Georgia,130199,5,5,0,0,0,10,10,179,0,2,3,2015,2,6,26,1,1,Rural,1,Interstate,1,State Highway Agency,1,Interstate,I-95,,73,31.74271667,-81.38558889,0,No Special Jurisdiction (Includes National Forests Since 2008),12,Motor Vehicle in Transport,7,Sideswipe – Same Direction,No,1,Non-Junction,Not an Intersection,None,1,On Roadway,1,Daylight,5,"Fog, Smog, Smoke",0,No Additional Atmospheric Conditions,5,"Fog, Smog, Smoke",No,0000000,6,27,6,36,8,2,0,None,0,None,0,None,1,0,2015-03-02 06:26:00+00:00,Pagi (06-11),Hari Kerja,Senin
5,Arkansas,50474,6,6,0,1,1,8,8,91,0,21,12,2015,2,23,45,1,1,Rural,1,Interstate,1,State Highway Agency,1,Interstate,I-49-21,,202,33.29145,-93.92001111,0,No Special Jurisdiction (Includes National Forests Since 2008),12,Motor Vehicle in Transport,1,Front-to-Rear,No,1,Non-Junction,Not an Intersection,None,1,On Roadway,2,Dark – Not Lighted,5,"Fog, Smog, Smoke",0,No Additional Atmospheric Conditions,5,"Fog, Smog, Smoke",No,0000000,99,99,99,99,99,99,23,Indication of a Stalled/Disabled Vehicle (Since 2008),0,None,0,None,2,0,2015-12-21 23:45:00+00:00,Malam (18-23),Hari Kerja,Senin
38,North Dakota,380091,5,5,0,0,0,24,24,17,0,25,9,2015,6,8,55,0,1,Rural,4,Minor Arterial,1,State Highway Agency,3,State Highway,SR-46,CR-169 AVE SE,1177,46.63025,-96.88723889,0,No Special Jurisdiction (Includes National Forests Since 2008),12,Motor Vehicle in Transport,6,Angle,No,2,Intersection,T-Intersection,None,1,On Roadway,1,Daylight,5,"Fog, Smog, Smoke",0,No Additional Atmospheric Conditions,5,"Fog, Smog, Smoke",Yes,0000000,9,3,9,14,10,25,0,None,0,None,0,None,1,0,2015-09-25 08:55:00+00:00,Pagi (06-11),Hari Kerja,Jumat
48,Texas,482627,5,5,0,0,0,5,5,29,0,3,11,2015,3,6,53,0,1,Rural,5,Major Collector,98,Not Reported,8,Other,SL1604,,71,29.38421111,-98.23965556,0,No Special Jurisdiction (Includes National Forests Since 2008),12,Motor Vehicle in Transport,8,Sideswipe – Opposite Direction,No,1,Non-Junction,Not an Intersection,None,1,On Roadway,4,Dawn,5,"Fog, Smog, Smoke",0,No Additional Atmospheric Conditions,5,"Fog, Smog, Smoke",Yes,0000000,99,99,99,99,99,99,0,None,0,None,0,None,2,0,2015-11-03 06:53:00+00:00,Pagi (06-11),Hari Kerja,Selasa
38,North Dakota,380097,5,5,0,0,0,7,7,101,0,26,10,2015,2,8,21,1,1,Rural,3,Principal Arterial – Other,1,State Highway Agency,2,U.S. Highway,US-83,,1909,48.09606944,-101.29615,0,No Special Jurisdiction (Includes National Forests Since 2008),12,Motor Vehicle in Transport,1,Front-to-Rear,No,1,Non-Junction,Not an Intersection,None,1,On Roadway,2,Dark – Not Lighted,5,"Fog, Smog, Smoke",10,Cloudy,5,"Fog, Smog, Smoke",No,0000000,8,20,8,30,9,4,0,None,0,None,0,None,1,0,2015-10-26 08:21:00+00:00,Pagi (06-11),Hari Kerja,Senin
6,California,61808,5,5,0,0,0,5,5,101,0,11,11,2015,4,6,9,0,1,Rural,2,Principal Arterial – Other Freeways and Expressways,98,Not Reported,3,State Highway,SR-113,,42,38.84833889,-121.71607222,0,No Special Jurisdiction (Includes National Forests Since 2008),12,Motor Vehicle in Transport,2,Front-to-Front,No,1,Non-Junction,Not an Intersection,None,1,On Roadway,2,Dark – Not Lighted,5,"Fog, Smog, Smoke",0,No Additional Atmospheric Conditions,5,"Fog, Smog, Smoke",No,0000000,99,99,99,99,99,99,14,"Motor Vehicle (In Transport 1983-2004) Struck By Falling Cargo or
Something That Came Loose From or Something That Was Set in Motion By
a Vehicle
(Since 1983)",0,None,0,None,1,0,2015-11-11 06:09:00+00:00,Pagi (06-11),Hari Kerja,Rabu
29,Missouri,290093,1,1,0,0,0,3,3,151,0,20,2,2015,6,20,15,0,1,Rural,7,Local,2,County Highway Agency,4,County Road,CR-LOOSE CREEK HWY,,23,38.49891667,-91.91883333,0,No Special Jurisdiction (Includes National Forests Since 2008),59,Traffic Sign Support,0,"Not Collision with Motor Vehicle in Transport (Not Necessarily in Transport for
2005-2009)",No,1,Non-Junction,Not an Intersection,None,4,On Roadside,2,Dark – Not Lighted,3,"Sleet, Hail",0,No Additional Atmospheric Conditions,3,"Sleet, Hail",No,0000000,20,18,20,26,21,50,0,None,0,None,0,None,1,0,2015-02-20 20:15:00+00:00,Malam (18-23),Hari Kerja,Jumat
36,New York,360003,1,1,0,0,0,3,3,37,4686,3,1,2015,7,16,48,0,1,Rural,7,Local,2,County Highway Agency,4,County Road,CR-20,,0,42.91154444,-77.97596389,0,No Special Jurisdiction (Includes National Forests Since 2008),42,Tree (Standing Only),0,"Not Collision with Motor Vehicle in Transport (Not Necessarily in Transport for
2005-2009)",No,1,Non-Junction,Not an Intersection,None,4,On Roadside,2,Dark – Not Lighted,3,"Sleet, Hail",12,Freezing Rain or Drizzle,3,"Sleet, Hail",No,0000000,16,59,17,2,17,59,0,None,0,None,0,None,1,0,2015-01-03 16:48:00+00:00,Siang (12-17),Akhir Pekan,Sabtu
18,Indiana,180008,1,1,0,0,0,1,1,23,3350,3,1,2015,7,8,49,0,1,Rural,7,Local,4,City or Municipal Highway Agency,5,Local Street – Township,MULBERRY JEFFERSON RD,,0,40.33365833,-86.65768889,0,No Special Jurisdiction (Includes National Forests Since 2008),42,Tree (Standing Only),0,"Not Collision with Motor Vehicle in Transport (Not Necessarily in Transport for
2005-2009)",No,1,Non-Junction,Not an Intersection,None,4,On Roadside,1,Daylight,3,"Sleet, Hail",12,Freezing Rain or Drizzle,3,"Sleet, Hail",No,0000000,99,99,99,99,99,99,0,None,0,None,0,None,1,0,2015-01-03 08:49:00+00:00,Pagi (06-11),Akhir Pekan,Sabtu
6,California,60681,1,1,0,0,0,1,1,27,0,14,4,2015,3,15,15,0,1,Rural,7,Local,98,Not Reported,4,County Road,CR-ARTISTS DR,,0,36.34801389,-116.79379722,0,No Special Jurisdiction (Includes National Forests Since 2008),1,Rollover/Overturn,0,"Not Collision with Motor Vehicle in Transport (Not Necessarily in Transport for
2005-2009)",No,1,Non-Junction,Not an Intersection,None,4,On Roadside,1,Daylight,6,Severe Crosswinds,7,"Blowing Sand, Soil, Dirt",6,Severe Crosswinds,No,0000000,99,99,99,99,88,88,0,None,0,None,0,None,1,0,2015-04-14 15:15:00+00:00,Siang (12-17),Hari Kerja,Selasa
29,Missouri,290068,1,1,0,0,0,2,2,97,0,15,2,2015,1,19,45,0,1,Rural,7,Local,2,County Highway Agency,4,County Road,CR-240,,28,37.21813889,-94.49016667,0,No Special Jurisdiction (Includes National Forests Since 2008),34,Ditch,0,"Not Collision with Motor Vehicle in Transport (Not Necessarily in Transport for
2005-2009)",No,1,Non-Junction,Not an Intersection,None,4,On Roadside,2,Dark – Not Lighted,8,Other,3,"Sleet, Hail",3,"Sleet, Hail",No,0000000,19,35,19,54,20,26,0,None,0,None,0,None,1,0,2015-02-15 19:45:00+00:00,Malam (18-23),Akhir Pekan,Minggu
29,Missouri,290010,1,1,0,0,0,1,1,143,0,10,1,2015,7,2,0,0,1,Rural,7,Local,2,County Highway Agency,4,County Road,CR-248,,63,36.51002778,-89.84672222,0,No Special Jurisdiction (Includes National Forests Since 2008),43,Other Fixed Object,0,"Not Collision with Motor Vehicle in Transport (Not Necessarily in Transport for
2005-2009)",No,1,Non-Junction,Not an Intersection,None,4,On Roadside,2,Dark – Not Lighted,8,Other,0,No Additional Atmospheric Conditions,8,Other,No,0000000,99,98,99,98,88,88,0,None,0,None,0,None,1,0,2015-01-10 02:00:00+00:00,Dini hari (00-05),Akhir Pekan,Sabtu
51,Virginia,510636,1,1,0,0,0,1,1,36,0,20,10,2015,3,4,20,0,1,Rural,7,Local,1,State Highway Agency,4,County Road,CR-600,,24,37.4662,-77.16268333,0,No Special Jurisdiction (Includes National Forests Since 2008),42,Tree (Standing Only),0,"Not Collision with Motor Vehicle in Transport (Not Necessarily in Transport for
2005-2009)",No,1,Non-Junction,Not an Intersection,None,4,On Roadside,2,Dark – Not Lighted,8,Other,0,No Additional Atmospheric Conditions,8,Other,No,0000000,99,99,99,99,88,88,0,None,0,None,0,None,1,1,2015-10-20 04:20:00+00:00,Dini hari (00-05),Hari Kerja,Selasa
42,Pennsylvania,421013,1,1,0,0,0,1,1,21,0,6,11,2015,6,16,38,0,1,Rural,7,Local,3,Town or Township Highway Agency,5,Local Street – Township,LORAINE RD,,0,40.46464167,-78.85684167,0,No Special Jurisdiction (Includes National Forests Since 2008),42,Tree (Standing Only),0,"Not Collision with Motor Vehicle in Transport (Not Necessarily in Transport for
2005-2009)",No,1,Non-Junction,Not an Intersection,None,4,On Roadside,1,Daylight,8,Other,0,No Additional Atmospheric Conditions,8,Other,No,0000000,14,21,14,28,88,88,0,None,0,None,0,None,1,0,2015-11-06 16:38:00+00:00,Siang (12-17),Hari Kerja,Jumat
18,Indiana,180286,1,1,0,0,0,1,1,35,1760,24,2,2015,3,14,18,0,1,Rural,7,Local,4,City or Municipal Highway Agency,5,Local Street – Township,WHEELING AVE,,0,40.29953611,-85.45220833,0,No Special Jurisdiction (Includes National Forests Since 2008),30,Utility Pole/Light Support,0,"Not Collision with Motor Vehicle in Transport (Not Necessarily in Transport for
2005-2009)",No,1,Non-Junction,Not an Intersection,None,4,On Roadside,1,Daylight,11,Blowing Snow,0,No Additional Atmospheric Conditions,11,Blowing Snow,No,0000000,99,99,99,99,99,99,0,None,0,None,0,None,1,0,2015-02-24 14:18:00+00:00,Siang (12-17),Hari Kerja,Selasa
36,New York,360081,1,1,0,0,0,5,5,105,532,18,1,2015,1,10,58,0,1,Rural,7,Local,2,County Highway Agency,4,County Road,CR-144 BRISCOE RD,,0,41.76078056,-74.86943611,0,No Special Jurisdiction (Includes National Forests Since 2008),42,Tree (Standing Only),0,"Not Collision with Motor Vehicle in Transport (Not Necessarily in Transport for
2005-2009)",No,1,Non-Junction,Not an Intersection,None,4,On Roadside,1,Daylight,12,Freezing Rain or Drizzle,0,No Additional Atmospheric Conditions,12,Freezing Rain or Drizzle,No,0000000,10,58,11,18,12,14,0,None,0,None,0,None,1,0,2015-01-18 10:58:00+00:00,Pagi (06-11),Akhir Pekan,Minggu
20,Kansas,200021,1,1,0,0,0,2,2,45,0,31,1,2015,7,3,35,0,1,Rural,7,Local,2,County Highway Agency,5,Local Street – Township,N 700 RD,,0,38.8406,-95.20131389,0,No Special Jurisdiction (Includes National Forests Since 2008),11,Live Animal,0,"Not Collision with Motor Vehicle in Transport (Not Necessarily in Transport for
2005-2009)",No,1,Non-Junction,Not an Intersection,None,1,On Roadway,2,Dark – Not Lighted,12,Freezing Rain or Drizzle,0,No Additional Atmospheric Conditions,12,Freezing Rain or Drizzle,No,0000000,4,28,4,39,5,29,0,None,0,None,0,None,1,0,2015-01-31 03:35:00+00:00,Dini hari (00-05),Akhir Pekan,Sabtu
20,Kansas,200299,1,1,0,0,0,3,3,79,0,27,11,2015,6,14,50,0,1,Rural,7,Local,4,City or Municipal Highway Agency,6,Local Street – Municipality,S EAST LAKE RD,,0,37.924475,-97.20778611,0,No Special Jurisdiction (Includes National Forests Since 2008),1,Rollover/Overturn,0,"Not Collision with Motor Vehicle in Transport (Not Necessarily in Transport for
2005-2009)",No,1,Non-Junction,Not an Intersection,None,4,On Roadside,1,Daylight,12,Freezing Rain or Drizzle,0,No Additional Atmospheric Conditions,12,Freezing Rain or Drizzle,No,0000000,14,55,15,11,15,40,0,None,0,None,0,None,2,0,2015-11-27 14:50:00+00:00,Siang (12-17),Hari Kerja,Jumat
41,Oregon,410412,1,1,0,0,0,1,1,33,0,26,12,2015,7,15,8,0,1,Rural,7,Local,2,County Highway Agency,4,County Road,CR-JEROME PRAIRIE RD,,22,42.3896,-123.40666111,0,No Special Jurisdiction (Includes National Forests Since 2008),3,"Immersion (or Partial Immersion, Since 2012)",0,"Not Collision with Motor Vehicle in Transport (Not Necessarily in Transport for
2005-2009)",No,1,Non-Junction,Not an Intersection,None,4,On Roadside,1,Daylight,98,Not Reported,0,No Additional Atmospheric Conditions,98,Not Reported,No,0000000,15,6,15,12,88,88,0,None,0,None,0,None,1,1,2015-12-26 15:08:00+00:00,Siang (12-17),Akhir Pekan,Sabtu
27,Minnesota,270339,1,1,0,0,0,1,1,137,0,9,11,2015,2,15,54,0,1,Rural,7,Local,2,County Highway Agency,4,County Road,CR-408,,99999,99.9999,999.9999,0,No Special Jurisdiction (Includes National Forests Since 2008),34,Ditch,0,"Not Collision with Motor Vehicle in Transport (Not Necessarily in Transport for
2005-2009)",No,1,Non-Junction,Not an Intersection,None,4,On Roadside,8,Not Reported,98,Not Reported,0,No Additional Atmospheric Conditions,98,Not Reported,No,0000000,15,55,16,22,88,88,0,None,0,None,0,None,1,0,2015-11-09 15:54:00+00:00,Siang (12-17),Hari Kerja,Senin
38,North Dakota,380015,1,1,0,0,0,1,1,79,0,6,3,2015,6,19,23,0,1,Rural,7,Local,50,Indian Tribe Nation,4,County Road,CR-43 AVE NE BIA 9,,0,48.86003056,-99.76663889,3,Indian Reservation,1,Rollover/Overturn,0,"Not Collision with Motor Vehicle in Transport (Not Necessarily in Transport for
2005-2009)",No,1,Non-Junction,Not an Intersection,None,4,On Roadside,2,Dark – Not Lighted,98,Not Reported,0,No Additional Atmospheric Conditions,98,Not Reported,No,0000000,19,26,19,34,88,88,0,None,0,None,0,None,1,0,2015-03-06 19:23:00+00:00,Malam (18-23),Hari Kerja,Jumat
45,South Carolina,450402,1,1,0,0,0,1,1,45,0,28,6,2015,1,15,0,0,1,Rural,7,Local,2,County Highway Agency,4,County Road,CR-MCKITTRICK DRIVE,,0,34.66933333,-82.38874167,0,No Special Jurisdiction (Includes National Forests Since 2008),34,Ditch,0,"Not Collision with Motor Vehicle in Transport (Not Necessarily in Transport for
2005-2009)",No,1,Non-Junction,Not an Intersection,None,4,On Roadside,1,Daylight,98,Not Reported,0,No Additional Atmospheric Conditions,98,Not Reported,No,0000000,99,99,99,99,99,99,0,None,0,None,0,None,1,0,2015-06-28 15:00:00+00:00,Siang (12-17),Akhir Pekan,Minggu
27,Minnesota,270340,1,1,0,0,0,1,1,137,0,20,11,2015,6,21,5,0,1,Rural,7,Local,3,Town or Township Highway Agency,5,Local Street – Township,MOBRATEN DR,,16,47.37085278,-92.64038889,0,No Special Jurisdiction (Includes National Forests Since 2008),1,Rollover/Overturn,0,"Not Collision with Motor Vehicle in Transport (Not Necessarily in Transport for
2005-2009)",No,1,Non-Junction,Not an Intersection,None,1,On Roadway,8,Not Reported,98,Not Reported,0,No Additional Atmospheric Conditions,98,Not Reported,No,0000000,21,4,21,15,99,99,0,None,0,None,0,None,1,1,2015-11-20 21:05:00+00:00,Malam (18-23),Hari Kerja,Jumat
28,Mississippi,280249,1,1,0,0,0,1,1,13,340,24,6,2015,4,12,20,0,1,Rural,7,Local,4,City or Municipal Highway Agency,6,Local Street – Municipality,NORTH MURPHEE STREET,,0,33.99143056,-89.34355833,0,No Special Jurisdiction (Includes National Forests Since 2008),34,Ditch,0,"Not Collision with Motor Vehicle in Transport (Not Necessarily in Transport for
2005-2009)",No,1,Non-Junction,Not an Intersection,None,4,On Roadside,1,Daylight,98,Not Reported,0,No Additional Atmospheric Conditions,98,Not Reported,No,0000000,12,20,12,29,12,35,0,None,0,None,0,None,1,0,2015-06-24 12:20:00+00:00,Siang (12-17),Hari Kerja,Rabu
41,Oregon,410022,1,1,0,0,0,1,1,19,0,30,1,2015,6,10,0,0,1,Rural,7,Local,68,Bureau of Land Management,8,Other,GOLD CREEK RD,,45,43.86203889,-123.71913333,0,No Special Jurisdiction (Includes National Forests Since 2008),42,Tree (Standing Only),0,"Not Collision with Motor Vehicle in Transport (Not Necessarily in Transport for
2005-2009)",No,1,Non-Junction,Not an Intersection,None,4,On Roadside,1,Daylight,98,Not Reported,0,No Additional Atmospheric Conditions,98,Not Reported,No,0000000,10,14,11,38,88,88,0,None,0,None,0,None,1,0,2015-01-30 10:00:00+00:00,Pagi (06-11),Hari Kerja,Jumat
22,Louisiana,220724,1,1,0,0,0,1,1,97,1930,21,6,2015,1,1,21,0,1,Rural,7,Local,3,Town or Township Highway Agency,5,Local Street – Township,LAKELAND RD,SPILLWAY LEVEE RD,0,30.53265556,-91.85656667,0,No Special Jurisdiction (Includes National Forests Since 2008),1,Rollover/Overturn,0,"Not Collision with Motor Vehicle in Transport (Not Necessarily in Transport for
2005-2009)",No,98,Not Reported,Not Reported,None,98,Not Reported,6,Dark – Unknown Lighting,98,Not Reported,0,No Additional Atmospheric Conditions,98,Not Reported,No,0000000,99,99,1,36,88,88,0,None,0,None,0,None,1,0,2015-06-21 01:21:00+00:00,Dini hari (00-05),Akhir Pekan,Minggu
51,Virginia,510709,1,1,0,0,0,2,2,59,0,22,11,2015,1,22,7,0,1,Rural,7,Local,1,State Highway Agency,2,U.S. Highway,US-29,MEADOW VIEW RD,2412,38.87528611,-77.20584167,0,No Special Jurisdiction (Includes National Forests Since 2008),5,Fell/Jumped from Vehicle,0,"Not Collision with Motor Vehicle in Transport (Not Necessarily in Transport for
2005-2009)",No,3,Intersection Related,Not Reported,None,1,On Roadway,3,Dark – Lighted,8,Other,0,No Additional Atmospheric Conditions,8,Other,No,0000000,99,99,99,99,99,99,0,None,0,None,0,None,1,0,2015-11-22 22:07:00+00:00,Malam (18-23),Akhir Pekan,Minggu
26,Michigan,260529,1,1,0,0,0,1,1,159,0,22,8,2015,7,3,15,0,1,Rural,7,Local,98,Not Reported,4,County Road,CR-669,40TH ST,32,42.14459444,-85.86155,0,No Special Jurisdiction (Includes National Forests Since 2008),42,Tree (Standing Only),0,"Not Collision with Motor Vehicle in Transport (Not Necessarily in Transport for
2005-2009)",No,3,Intersection Related,T-Intersection,None,4,On Roadside,7,Other,8,Other,0,No Additional Atmospheric Conditions,8,Other,No,0000000,7,59,8,0,88,88,0,None,0,None,0,None,1,1,2015-08-22 03:15:00+00:00,Dini hari (00-05),Akhir Pekan,Sabtu
40,Oklahoma,400581,1,1,0,0,0,1,1,83,2000,28,11,2015,7,10,8,0,2,Urban,7,Local,4,City or Municipal Highway Agency,6,Local Street – Municipality,ROUNDHOUSE RD,,0,35.8695,-97.42679444,0,No Special Jurisdiction (Includes National Forests Since 2008),42,Tree (Standing Only),0,"Not Collision with Motor Vehicle in Transport (Not Necessarily in Transport for
2005-2009)",No,1,Non-Junction,Not an Intersection,None,4,On Roadside,1,Daylight,3,"Sleet, Hail",0,No Additional Atmospheric Conditions,3,"Sleet, Hail",No,0000000,99,99,99,99,99,99,0,None,0,None,0,None,1,1,2015-11-28 10:08:00+00:00,Pagi (06-11),Akhir Pekan,Sabtu
12,Florida,121405,1,1,0,0,0,1,1,61,0,30,7,2015,5,9,12,0,2,Urban,7,Local,25,Other Local Agency,6,Local Street – Municipality,5TH ST SW,,99998,27.59409167,-80.39586944,0,No Special Jurisdiction (Includes National Forests Since 2008),1,Rollover/Overturn,0,"Not Collision with Motor Vehicle in Transport (Not Necessarily in Transport for
2005-2009)",No,1,Non-Junction,Not an Intersection,None,4,On Roadside,9,Unknown,98,Not Reported,0,No Additional Atmospheric Conditions,98,Not Reported,No,0000000,99,99,99,99,88,88,0,None,0,None,0,None,1,1,2015-07-30 09:12:00+00:00,Pagi (06-11),Hari Kerja,Kamis
13,Georgia,131265,1,1,0,0,0,2,2,135,3990,4,11,2015,4,14,54,0,2,Urban,7,Local,4,City or Municipal Highway Agency,6,Local Street – Municipality,NEWBURY ROAD,,4,33.93481111,-84.19245556,0,No Special Jurisdiction (Includes National Forests Since 2008),5,Fell/Jumped from Vehicle,0,"Not Collision with Motor Vehicle in Transport (Not Necessarily in Transport for
2005-2009)",No,1,Non-Junction,Not an Intersection,None,1,On Roadway,1,Daylight,98,Not Reported,0,No Additional Atmospheric Conditions,98,Not Reported,No,0000000,99,99,99,99,99,99,0,None,0,None,0,None,1,0,2015-11-04 14:54:00+00:00,Siang (12-17),Hari Kerja,Rabu
17,Illinois,170140,1,1,0,0,0,1,1,201,7460,18,4,2015,7,10,14,0,2,Urban,7,Local,4,City or Municipal Highway Agency,6,Local Street – Municipality,SHERIDAN ST,,0,42.28329722,-89.074675,0,No Special Jurisdiction (Includes National Forests Since 2008),41,Shrubbery,0,"Not Collision with Motor Vehicle in Transport (Not Necessarily in Transport for
2005-2009)",No,1,Non-Junction,Not an Intersection,None,5,Outside Trafficway,1,Daylight,98,Not Reported,0,No Additional Atmospheric Conditions,98,Not Reported,No,0000000,10,14,99,99,88,88,0,None,0,None,0,None,1,1,2015-04-18 10:14:00+00:00,Pagi (06-11),Akhir Pekan,Sabtu
22,Louisiana,220722,1,1,0,0,0,3,3,97,1800,15,2,2015,1,16,37,0,2,Urban,7,Local,4,City or Municipal Highway Agency,6,Local Street – Municipality,MEGHAN DR,,0,30.45290556,-92.08896111,0,No Special Jurisdiction (Includes National Forests Since 2008),5,Fell/Jumped from Vehicle,0,"Not Collision with Motor Vehicle in Transport (Not Necessarily in Transport for
2005-2009)",No,1,Non-Junction,Not an Intersection,None,1,On Roadway,1,Daylight,98,Not Reported,0,No Additional Atmospheric Conditions,98,Not Reported,No,0000000,99,99,99,99,99,99,0,None,0,None,0,None,1,0,2015-02-15 16:37:00+00:00,Siang (12-17),Akhir Pekan,Minggu
25,Massachusetts,250332,1,1,0,0,0,1,1,17,261,11,7,2015,7,19,50,0,2,Urban,7,Local,4,City or Municipal Highway Agency,8,Other,1260 BRIDGE STREET,,99998,42.66647222,-71.30457222,0,No Special Jurisdiction (Includes National Forests Since 2008),30,Utility Pole/Light Support,0,"Not Collision with Motor Vehicle in Transport (Not Necessarily in Transport for
2005-2009)",No,1,Non-Junction,Not an Intersection,None,4,On Roadside,8,Not Reported,98,Not Reported,0,No Additional Atmospheric Conditions,98,Not Reported,No,0000000,99,98,99,98,99,98,0,None,0,None,0,None,1,0,2015-07-11 19:50:00+00:00,Malam (18-23),Akhir Pekan,Sabtu
36,New York,360185,1,1,0,0,0,2,2,103,705,21,3,2015,7,3,44,0,2,Urban,7,Local,3,Town or Township Highway Agency,5,Local Street – Township,UNION AVE,MAPLE AVE,0,40.81188611,-73.08384722,0,No Special Jurisdiction (Includes National Forests Since 2008),33,Curb,0,"Not Collision with Motor Vehicle in Transport (Not Necessarily in Transport for
2005-2009)",No,3,Intersection Related,T-Intersection,None,4,On Roadside,3,Dark – Lighted,3,"Sleet, Hail",12,Freezing Rain or Drizzle,3,"Sleet, Hail",No,0000000,3,44,3,51,99,99,0,None,0,None,0,None,2,1,2015-03-21 03:44:00+00:00,Dini hari (00-05),Akhir Pekan,Sabtu
25,Massachusetts,250305,3,1,2,0,0,1,1,9,570,16,5,2015,7,4,2,0,2,Urban,7,Local,4,City or Municipal Highway Agency,8,Other,788 ESSEX STREET,GREENWOOD STREET,99998,42.70234722,-71.17549444,0,No Special Jurisdiction (Includes National Forests Since 2008),30,Utility Pole/Light Support,0,"Not Collision with Motor Vehicle in Transport (Not Necessarily in Transport for
2005-2009)",No,3,Intersection Related,Four-Way Intersection,None,4,On Roadside,8,Not Reported,98,Not Reported,0,No Additional Atmospheric Conditions,98,Not Reported,No,0000000,99,99,99,99,99,99,14,"Motor Vehicle (In Transport 1983-2004) Struck By Falling Cargo or
Something That Came Loose From or Something That Was Set in Motion By
a Vehicle
(Since 1983)",0,None,0,None,1,1,2015-05-16 04:02:00+00:00,Dini hari (00-05),Akhir Pekan,Sabtu
42,Pennsylvania,420110,1,1,0,1,1,1,1,3,0,3,1,2015,7,8,13,0,1,Rural,7,Local,3,Town or Township Highway Agency,6,Local Street – Municipality,SEWICKLEY RIDGE DR,,0,40.54044722,-80.14957222,0,No Special Jurisdiction (Includes National Forests Since 2008),8,Pedestrian,0,"Not Collision with Motor Vehicle in Transport (Not Necessarily in Transport for
2005-2009)",No,1,Non-Junction,Not an Intersection,None,99,Unknown,1,Daylight,8,Other,0,No Additional Atmospheric Conditions,8,Other,No,0000000,99,99,99,99,88,88,0,None,0,None,0,None,1,0,2015-01-03 08:13:00+00:00,Pagi (06-11),Akhir Pekan,Sabtu
35,New Mexico,350210,1,1,0,1,1,1,1,45,335,1,6,2015,2,1,6,0,1,Rural,7,Local,50,Indian Tribe Nation,9,Unknown,N 3005,,0,36.69108611,-108.35974722,3,Indian Reservation,8,Pedestrian,0,"Not Collision with Motor Vehicle in Transport (Not Necessarily in Transport for
2005-2009)",No,1,Non-Junction,Not an Intersection,None,1,On Roadway,2,Dark – Not Lighted,98,Not Reported,0,No Additional Atmospheric Conditions,98,Not Reported,No,0000000,99,99,99,99,99,99,0,None,0,None,0,None,1,0,2015-06-01 01:06:00+00:00,Dini hari (00-05),Hari Kerja,Senin
37,North Carolina,370071,1,1,0,1,1,1,1,67,5120,3,1,2015,7,2,41,0,2,Urban,7,Local,99,Unknown,6,Local Street – Municipality,BUTTERFIELD DRIVE,SAWYER STREET,99999,36.14143889,-80.21411111,0,No Special Jurisdiction (Includes National Forests Since 2008),8,Pedestrian,0,"Not Collision with Motor Vehicle in Transport (Not Necessarily in Transport for
2005-2009)",No,1,Non-Junction,Not an Intersection,None,1,On Roadway,2,Dark – Not Lighted,3,"Sleet, Hail",0,No Additional Atmospheric Conditions,3,"Sleet, Hail",No,0000000,2,43,2,50,88,88,0,None,0,None,0,None,1,0,2015-01-03 02:41:00+00:00,Dini hari (00-05),Akhir Pekan,Sabtu
18,Indiana,180278,1,1,0,1,1,1,1,97,2210,22,5,2015,6,22,17,0,2,Urban,7,Local,4,City or Municipal Highway Agency,5,Local Street – Township,56TH ST,,0,39.85321389,-86.24588889,0,No Special Jurisdiction (Includes National Forests Since 2008),8,Pedestrian,0,"Not Collision with Motor Vehicle in Transport (Not Necessarily in Transport for
2005-2009)",No,1,Non-Junction,Not an Intersection,None,1,On Roadway,2,Dark – Not Lighted,98,Not Reported,0,No Additional Atmospheric Conditions,98,Not Reported,No,0000000,99,99,99,99,99,99,0,None,0,None,0,None,1,0,2015-05-22 22:17:00+00:00,Malam (18-23),Hari Kerja,Jumat
36,New York,360810,1,1,0,1,1,1,1,7,1880,8,10,2015,5,19,58,0,2,Urban,7,Local,3,Town or Township Highway Agency,5,Local Street – Township,N NANTICOKE AVE,,0,42.09989722,-76.065575,0,No Special Jurisdiction (Includes National Forests Since 2008),8,Pedestrian,0,"Not Collision with Motor Vehicle in Transport (Not Necessarily in Transport for
2005-2009)",No,1,Non-Junction,Not an Intersection,None,1,On Roadway,3,Dark – Lighted,98,Not Reported,0,No Additional Atmospheric Conditions,98,Not Reported,No,0000000,19,58,20,7,20,34,0,None,0,None,0,None,1,0,2015-10-08 19:58:00+00:00,Malam (18-23),Hari Kerja,Kamis
36,New York,360926,1,1,0,1,1,1,1,81,4170,6,12,2015,1,15,52,0,2,Urban,7,Local,4,City or Municipal Highway Agency,6,Local Street – Municipality,37TH AVE,105TH ST,0,40.75377778,-73.8626,0,No Special Jurisdiction (Includes National Forests Since 2008),8,Pedestrian,0,"Not Collision with Motor Vehicle in Transport (Not Necessarily in Transport for
2005-2009)",No,1,Non-Junction,Not an Intersection,None,1,On Roadway,1,Daylight,98,Not Reported,0,No Additional Atmospheric Conditions,98,Not Reported,No,0000000,99,99,99,99,99,99,0,None,0,None,0,None,1,1,2015-12-06 15:52:00+00:00,Siang (12-17),Akhir Pekan,Minggu
36,New York,360640,1,1,0,1,1,1,1,85,4170,17,8,2015,2,4,20,0,2,Urban,7,Local,4,City or Municipal Highway Agency,6,Local Street – Municipality,EBBITTS ST,,0,40.565225,-74.11167222,0,No Special Jurisdiction (Includes National Forests Since 2008),8,Pedestrian,0,"Not Collision with Motor Vehicle in Transport (Not Necessarily in Transport for
2005-2009)",No,1,Non-Junction,Not an Intersection,None,1,On Roadway,3,Dark – Lighted,98,Not Reported,0,No Additional Atmospheric Conditions,98,Not Reported,No,0000000,4,20,4,27,4,44,0,None,0,None,0,None,1,0,2015-08-17 04:20:00+00:00,Dini hari (00-05),Hari Kerja,Senin
24,Maryland,240388,1,1,0,1,1,1,1,5,0,8,11,2015,1,12,54,0,2,Urban,7,Local,2,County Highway Agency,9,Unknown,JASMINE ROAD ALLEY,,0,39.26032222,-76.48791667,0,No Special Jurisdiction (Includes National Forests Since 2008),9,Pedalcyclist,0,"Not Collision with Motor Vehicle in Transport (Not Necessarily in Transport for
2005-2009)",No,1,Non-Junction,Not an Intersection,None,5,Outside Trafficway,1,Daylight,98,Not Reported,0,No Additional Atmospheric Conditions,98,Not Reported,No,0000000,12,53,12,59,99,99,0,None,0,None,0,None,1,0,2015-11-08 12:54:00+00:00,Siang (12-17),Akhir Pekan,Minggu
36,New York,360242,1,1,0,1,1,3,3,103,4670,3,4,2015,6,11,38,0,2,Urban,7,Local,4,City or Municipal Highway Agency,6,Local Street – Municipality,S OCEAN AVE,MAIN ST,0,40.76565278,-73.01511944,0,No Special Jurisdiction (Includes National Forests Since 2008),8,Pedestrian,0,"Not Collision with Motor Vehicle in Transport (Not Necessarily in Transport for
2005-2009)",No,3,Intersection Related,Four-Way Intersection,None,1,On Roadway,1,Daylight,3,"Sleet, Hail",0,No Additional Atmospheric Conditions,3,"Sleet, Hail",No,0000000,99,99,99,99,99,99,0,None,0,None,0,None,1,0,2015-04-03 11:38:00+00:00,Pagi (06-11),Hari Kerja,Jumat
23,Maine,230145,1,1,0,0,0,3,3,3,3825,22,12,2015,3,18,12,1,1,Rural,1,Interstate,1,State Highway Agency,1,Interstate,I-95,,99998,45.99943056,-68.27975,0,No Special Jurisdiction (Includes National Forests Since 2008),1,Rollover/Overturn,0,"Not Collision with Motor Vehicle in Transport (Not Necessarily in Transport for
2005-2009)",No,1,Non-Junction,Not an Intersection,None,5,Outside Trafficway,2,Dark – Not Lighted,3,"Sleet, Hail",12,Freezing Rain or Drizzle,3,"Sleet, Hail",No,0000000,18,19,18,49,19,29,0,None,0,None,0,None,1,0,2015-12-22 18:12:00+00:00,Malam (18-23),Hari Kerja,Selasa
48,Texas,480087,1,1,0,0,0,1,1,109,0,10,1,2015,7,7,30,1,1,Rural,1,Interstate,1,State Highway Agency,1,Interstate,I-10,,111,31.06613056,-104.21583889,0,No Special Jurisdiction (Includes National Forests Since 2008),1,Rollover/Overturn,0,"Not Collision with Motor Vehicle in Transport (Not Necessarily in Transport for
2005-2009)",No,1,Non-Junction,Not an Intersection,None,3,On Median,4,Dawn,3,"Sleet, Hail",0,No Additional Atmospheric Conditions,3,"Sleet, Hail",No,0000000,99,99,99,99,99,99,0,None,0,None,0,None,1,0,2015-01-10 07:30:00+00:00,Pagi (06-11),Akhir Pekan,Sabtu
21,Kentucky,210035,1,1,0,0,0,1,1,211,0,23,1,2015,6,16,31,1,1,Rural,1,Interstate,1,State Highway Agency,1,Interstate,I-64,,365,38.18310833,-85.18743333,0,No Special Jurisdiction (Includes National Forests Since 2008),35,Embankment,0,"Not Collision with Motor Vehicle in Transport (Not Necessarily in Transport for
2005-2009)",No,1,Non-Junction,Not an Intersection,None,3,On Median,1,Daylight,3,"Sleet, Hail",0,No Additional Atmospheric Conditions,3,"Sleet, Hail",No,0000000,16,34,16,40,88,88,0,None,0,None,0,None,1,0,2015-01-23 16:31:00+00:00,Siang (12-17),Hari Kerja,Jumat
40,Oklahoma,400066,1,1,0,0,0,1,1,51,0,23,2,2015,2,13,8,1,1,Rural,1,Interstate,1,State Highway Agency,1,Interstate,I-44,,341,35.2369,-97.6805,0,No Special Jurisdiction (Includes National Forests Since 2008),1,Rollover/Overturn,0,"Not Collision with Motor Vehicle in Transport (Not Necessarily in Transport for
2005-2009)",No,1,Non-Junction,Not an Intersection,None,4,On Roadside,1,Daylight,3,"Sleet, Hail",12,Freezing Rain or Drizzle,3,"Sleet, Hail",No,0000000,88,88,88,88,88,88,0,None,0,None,0,None,1,0,2015-02-23 13:08:00+00:00,Siang (12-17),Hari Kerja,Senin
47,Tennessee,470120,1,1,0,0,0,2,2,75,0,20,2,2015,6,13,44,1,1,Rural,1,Interstate,1,State Highway Agency,1,Interstate,I-40,,234,35.58903056,-89.08061111,0,No Special Jurisdiction (Includes National Forests Since 2008),1,Rollover/Overturn,0,"Not Collision with Motor Vehicle in Transport (Not Necessarily in Transport for
2005-2009)",No,1,Non-Junction,Not an Intersection,None,4,On Roadside,8,Not Reported,3,"Sleet, Hail",0,No Additional Atmospheric Conditions,3,"Sleet, Hail",No,0000000,99,99,99,99,99,99,0,None,0,None,0,None,1,0,2015-02-20 13:44:00+00:00,Siang (12-17),Hari Kerja,Jumat
55,Wisconsin,550462,1,1,0,0,0,1,1,71,0,1,12,2015,3,0,8,1,1,Rural,1,Interstate,1,State Highway Agency,1,Interstate,I-43,,1530,44.14798611,-87.73170833,0,No Special Jurisdiction (Includes National Forests Since 2008),1,Rollover/Overturn,0,"Not Collision with Motor Vehicle in Transport (Not Necessarily in Transport for
2005-2009)",No,1,Non-Junction,Not an Intersection,None,4,On Roadside,2,Dark – Not Lighted,3,"Sleet, Hail",12,Freezing Rain or Drizzle,3,"Sleet, Hail",No,0000000,0,15,0,23,88,88,0,None,0,None,0,None,1,0,2015-12-01 00:08:00+00:00,Dini hari (00-05),Hari Kerja,Selasa
48,Texas,482753,1,1,0,0,0,3,3,227,0,16,11,2015,2,11,40,1,1,Rural,1,Interstate,1,State Highway Agency,1,Interstate,I-20,,422,32.32495,-101.20073611,0,No Special Jurisdiction (Includes National Forests Since 2008),1,Rollover/Overturn,0,"Not Collision with Motor Vehicle in Transport (Not Necessarily in Transport for
2005-2009)",No,1,Non-Junction,Not an Intersection,None,4,On Roadside,1,Daylight,6,Severe Crosswinds,0,No Additional Atmospheric Conditions,6,Severe Crosswinds,No,0000000,99,98,99,98,88,88,0,None,0,None,0,None,1,0,2015-11-16 11:40:00+00:00,Pagi (06-11),Hari Kerja,Senin
17,Illinois,170742,1,1,0,0,0,2,2,107,0,24,10,2015,7,9,29,1,1,Rural,1,Interstate,1,State Highway Agency,1,Interstate,I-55,,1340,40.20431944,-89.29664167,0,No Special Jurisdiction (Includes National Forests Since 2008),1,Rollover/Overturn,0,"Not Collision with Motor Vehicle in Transport (Not Necessarily in Transport for
2005-2009)",No,1,Non-Junction,Not an Intersection,None,4,On Roadside,1,Daylight,6,Severe Crosswinds,0,No Additional Atmospheric Conditions,6,Severe Crosswinds,No,0000000,9,29,99,99,99,99,0,None,0,None,0,None,1,0,2015-10-24 09:29:00+00:00,Pagi (06-11),Akhir Pekan,Sabtu
37,North Carolina,370319,1,1,0,0,0,1,1,97,0,30,4,2015,5,19,4,1,1,Rural,1,Interstate,1,State Highway Agency,1,Interstate,I-77,,0,35.84970556,-80.85941667,0,No Special Jurisdiction (Includes National Forests Since 2008),24,Guardrail Face,0,"Not Collision with Motor Vehicle in Transport (Not Necessarily in Transport for
2005-2009)",No,1,Non-Junction,Not an Intersection,None,3,On Median,1,Daylight,6,Severe Crosswinds,1,Clear,6,Severe Crosswinds,No,0000000,18,51,19,0,99,99,0,None,0,None,0,None,1,0,2015-04-30 19:04:00+00:00,Malam (18-23),Hari Kerja,Kamis
35,New Mexico,350079,1,1,0,0,0,2,2,23,0,16,5,2015,7,12,40,1,1,Rural,1,Interstate,1,State Highway Agency,1,Interstate,I-10,,360,32.256225,-108.51276389,0,No Special Jurisdiction (Includes National Forests Since 2008),1,Rollover/Overturn,0,"Not Collision with Motor Vehicle in Transport (Not Necessarily in Transport for
2005-2009)",No,1,Non-Junction,Not an Intersection,None,3,On Median,1,Daylight,8,Other,0,No Additional Atmospheric Conditions,8,Other,No,0000000,99,99,99,99,99,99,0,None,0,None,0,None,1,0,2015-05-16 12:40:00+00:00,Siang (12-17),Akhir Pekan,Sabtu
35,New Mexico,350094,1,1,0,0,0,1,1,31,0,9,6,2015,3,7,16,1,1,Rural,1,Interstate,1,State Highway Agency,1,Interstate,I-40,,288,35.53118333,-108.62201111,3,Indian Reservation,38,Fence,0,"Not Collision with Motor Vehicle in Transport (Not Necessarily in Transport for
2005-2009)",No,1,Non-Junction,Not an Intersection,None,3,On Median,4,Dawn,8,Other,0,No Additional Atmospheric Conditions,8,Other,No,0000000,12,3,13,40,14,31,0,None,0,None,0,None,1,0,2015-06-09 07:16:00+00:00,Pagi (06-11),Hari Kerja,Selasa
56,Wyoming,560003,1,1,0,0,0,5,5,21,0,4,1,2015,1,8,32,1,1,Rural,1,Interstate,1,State Highway Agency,1,Interstate,I-25,,341,41.4718,-104.8931,0,No Special Jurisdiction (Includes National Forests Since 2008),1,Rollover/Overturn,0,"Not Collision with Motor Vehicle in Transport (Not Necessarily in Transport for
2005-2009)",No,1,Non-Junction,Not an Intersection,None,3,On Median,1,Daylight,11,Blowing Snow,10,Cloudy,11,Blowing Snow,No,0000000,8,34,8,57,10,5,0,None,0,None,0,None,1,0,2015-01-04 08:32:00+00:00,Pagi (06-11),Akhir Pekan,Minggu
46,South Dakota,460114,1,1,0,0,0,1,1,81,0,31,12,2015,5,9,18,1,1,Rural,1,Interstate,1,State Highway Agency,1,Interstate,I-90 E,,281,44.42842222,-103.57282778,0,No Special Jurisdiction (Includes National Forests Since 2008),1,Rollover/Overturn,0,"Not Collision with Motor Vehicle in Transport (Not Necessarily in Transport for
2005-2009)",No,1,Non-Junction,Not an Intersection,None,3,On Median,1,Daylight,11,Blowing Snow,0,No Additional Atmospheric Conditions,11,Blowing Snow,No,0000000,9,19,9,24,9,47,0,None,0,None,0,None,1,0,2015-12-31 09:18:00+00:00,Pagi (06-11),Hari Kerja,Kamis
5,Arkansas,50009,1,1,0,0,0,3,3,143,0,11,1,2015,1,5,20,1,1,Rural,1,Interstate,1,State Highway Agency,1,Interstate,I-49-28,,470,35.84558333,-94.18388611,0,No Special Jurisdiction (Includes National Forests Since 2008),1,Rollover/Overturn,0,"Not Collision with Motor Vehicle in Transport (Not Necessarily in Transport for
2005-2009)",No,1,Non-Junction,Not an Intersection,None,5,Outside Trafficway,2,Dark – Not Lighted,12,Freezing Rain or Drizzle,0,No Additional Atmospheric Conditions,12,Freezing Rain or Drizzle,No,0000000,5,23,5,44,99,99,0,None,0,None,0,None,1,0,2015-01-11 05:20:00+00:00,Dini hari (00-05),Akhir Pekan,Minggu
38,North Dakota,380112,1,1,0,0,0,4,4,93,0,14,12,2015,2,6,55,1,1,Rural,1,Interstate,1,State Highway Agency,1,Interstate,I-94,,2705,46.89258889,-98.45746944,0,No Special Jurisdiction (Includes National Forests Since 2008),1,Rollover/Overturn,0,"Not Collision with Motor Vehicle in Transport (Not Necessarily in Transport for
2005-2009)",No,1,Non-Junction,Not an Intersection,None,4,On Roadside,4,Dawn,12,Freezing Rain or Drizzle,0,No Additional Atmospheric Conditions,12,Freezing Rain or Drizzle,No,0000000,7,3,7,26,8,7,0,None,0,None,0,None,1,0,2015-12-14 06:55:00+00:00,Pagi (06-11),Hari Kerja,Senin
24,Maryland,240045,1,1,0,0,0,1,1,3,0,1,3,2015,1,18,58,1,2,Urban,1,Interstate,1,State Highway Agency,1,Interstate,I-695,,7,39.20223889,-76.63190556,0,No Special Jurisdiction (Includes National Forests Since 2008),25,Concrete Traffic Barrier,0,"Not Collision with Motor Vehicle in Transport (Not Necessarily in Transport for
2005-2009)",No,1,Non-Junction,Not an Intersection,None,4,On Roadside,2,Dark – Not Lighted,2,Rain,3,"Sleet, Hail",3,"Sleet, Hail",No,0000000,18,58,19,2,88,88,0,None,0,None,0,None,1,1,2015-03-01 18:58:00+00:00,Malam (18-23),Akhir Pekan,Minggu
49,Utah,490050,1,1,0,0,0,1,1,53,2050,3,3,2015,3,14,15,1,2,Urban,1,Interstate,1,State Highway Agency,1,Interstate,I-15,,164,37.16820833,-113.44891389,0,No Special Jurisdiction (Includes National Forests Since 2008),1,Rollover/Overturn,0,"Not Collision with Motor Vehicle in Transport (Not Necessarily in Transport for
2005-2009)",No,1,Non-Junction,Not an Intersection,None,4,On Roadside,1,Daylight,3,"Sleet, Hail",0,No Additional Atmospheric Conditions,3,"Sleet, Hail",No,0000000,14,23,14,30,14,51,0,None,0,None,0,None,1,0,2015-03-03 14:15:00+00:00,Siang (12-17),Hari Kerja,Selasa
51,Virginia,510089,1,1,0,0,0,4,4,87,0,5,3,2015,5,13,59,1,2,Urban,1,Interstate,1,State Highway Agency,1,Interstate,I-295,,75,37.67107778,-77.49213611,0,No Special Jurisdiction (Includes National Forests Since 2008),42,Tree (Standing Only),0,"Not Collision with Motor Vehicle in Transport (Not Necessarily in Transport for
2005-2009)",No,1,Non-Junction,Not an Intersection,None,4,On Roadside,1,Daylight,3,"Sleet, Hail",0,No Additional Atmospheric Conditions,3,"Sleet, Hail",No,0000000,99,99,99,99,99,99,0,None,0,None,0,None,1,0,2015-03-05 13:59:00+00:00,Siang (12-17),Hari Kerja,Kamis
22,Louisiana,220017,1,1,0,0,0,1,1,33,150,3,1,2015,7,3,12,1,2,Urban,1,Interstate,1,State Highway Agency,1,Interstate,I-110,,22,30.4591,-91.16641111,0,No Special Jurisdiction (Includes National Forests Since 2008),25,Concrete Traffic Barrier,0,"Not Collision with Motor Vehicle in Transport (Not Necessarily in Transport for
2005-2009)",No,1,Non-Junction,Not an Intersection,None,3,On Median,7,Other,8,Other,0,No Additional Atmospheric Conditions,8,Other,No,0000000,99,99,99,99,88,88,0,None,0,None,0,None,1,1,2015-01-03 03:12:00+00:00,Dini hari (00-05),Akhir Pekan,Sabtu
46,South Dakota,460006,1,1,0,0,0,2,2,103,2250,31,1,2015,7,15,20,1,2,Urban,1,Interstate,1,State Highway Agency,1,Interstate,I-90 E,,562,44.10815278,-103.26219444,0,No Special Jurisdiction (Includes National Forests Since 2008),31,"Other Post, Other Pole, or Other Support",0,"Not Collision with Motor Vehicle in Transport (Not Necessarily in Transport for
2005-2009)",No,1,Non-Junction,Not an Intersection,None,4,On Roadside,1,Daylight,12,Freezing Rain or Drizzle,0,No Additional Atmospheric Conditions,12,Freezing Rain or Drizzle,No,0000000,15,23,15,35,17,39,0,None,0,None,0,None,1,0,2015-01-31 15:20:00+00:00,Siang (12-17),Akhir Pekan,Sabtu
12,Florida,122013,1,1,0,0,0,1,1,11,0,28,9,2015,2,5,0,1,2,Urban,1,Interstate,1,State Highway Agency,1,Interstate,I-75,,99998,26.119925,-80.33665278,0,No Special Jurisdiction (Includes National Forests Since 2008),35,Embankment,0,"Not Collision with Motor Vehicle in Transport (Not Necessarily in Transport for
2005-2009)",No,1,Non-Junction,Not an Intersection,Utility,4,On Roadside,2,Dark – Not Lighted,98,Not Reported,0,No Additional Atmospheric Conditions,98,Not Reported,No,0000000,99,99,99,99,88,88,0,None,0,None,0,None,1,0,2015-09-28 05:00:00+00:00,Dini hari (00-05),Hari Kerja,Senin
24,Maryland,240140,1,1,0,0,0,1,1,5,0,10,5,2015,1,23,54,1,2,Urban,1,Interstate,1,State Highway Agency,1,Interstate,I-95,,0,39.42700833,-76.39000278,0,No Special Jurisdiction (Includes National Forests Since 2008),31,"Other Post, Other Pole, or Other Support",0,"Not Collision with Motor Vehicle in Transport (Not Necessarily in Transport for
2005-2009)",No,1,Non-Junction,Not an Intersection,None,4,On Roadside,2,Dark – Not Lighted,98,Not Reported,0,No Additional Atmospheric Conditions,98,Not Reported,No,0000000,99,99,99,99,88,88,0,None,0,None,0,None,1,0,2015-05-10 23:54:00+00:00,Malam (18-23),Akhir Pekan,Minggu
25,Massachusetts,250212,1,1,0,0,0,1,1,23,770,12,11,2015,5,6,30,1,2,Urban,1,Interstate,1,State Highway Agency,1,Interstate,I-495 N,,56,41.89056389,-70.9405,0,No Special Jurisdiction (Includes National Forests Since 2008),24,Guardrail Face,0,"Not Collision with Motor Vehicle in Transport (Not Necessarily in Transport for
2005-2009)",No,1,Non-Junction,Not an Intersection,None,4,On Roadside,4,Dawn,98,Not Reported,0,No Additional Atmospheric Conditions,98,Not Reported,No,0000000,6,40,6,45,7,8,0,None,0,None,0,None,1,0,2015-11-12 06:30:00+00:00,Pagi (06-11),Hari Kerja,Kamis
51,Virginia,510014,1,1,0,0,0,1,1,87,0,14,1,2015,4,5,30,1,2,Urban,1,Interstate,1,State Highway Agency,1,Interstate,I-295,,5,37.65944444,-77.44694444,0,No Special Jurisdiction (Includes National Forests Since 2008),1,Rollover/Overturn,0,"Not Collision with Motor Vehicle in Transport (Not Necessarily in Transport for
2005-2009)",Yes,5,Entrance/Exit Ramp Related,Not an Intersection,None,4,On Roadside,4,Dawn,3,"Sleet, Hail",0,No Additional Atmospheric Conditions,3,"Sleet, Hail",No,0000000,99,99,99,99,88,88,0,None,0,None,0,None,1,0,2015-01-14 05:30:00+00:00,Dini hari (00-05),Hari Kerja,Rabu
51,Virginia,510088,1,1,0,0,0,2,2,59,0,1,3,2015,1,15,46,1,2,Urban,1,Interstate,1,State Highway Agency,1,Interstate,I-95,,5,38.78083333,-77.17944444,0,No Special Jurisdiction (Includes National Forests Since 2008),24,Guardrail Face,0,"Not Collision with Motor Vehicle in Transport (Not Necessarily in Transport for
2005-2009)",No,5,Entrance/Exit Ramp Related,Not an Intersection,None,4,On Roadside,1,Daylight,3,"Sleet, Hail",0,No Additional Atmospheric Conditions,3,"Sleet, Hail",No,0000000,99,99,99,99,99,99,0,None,0,None,0,None,1,0,2015-03-01 15:46:00+00:00,Siang (12-17),Akhir Pekan,Minggu
13,Georgia,130800,1,1,0,0,0,1,1,121,280,19,8,2015,4,22,48,1,2,Urban,1,Interstate,1,State Highway Agency,1,Interstate,I-75(RAMP),,28,33.79386944,-84.39179444,0,No Special Jurisdiction (Includes National Forests Since 2008),34,Ditch,0,"Not Collision with Motor Vehicle in Transport (Not Necessarily in Transport for
2005-2009)",Yes,5,Entrance/Exit Ramp Related,Not an Intersection,None,4,On Roadside,2,Dark – Not Lighted,8,Other,0,No Additional Atmospheric Conditions,8,Other,No,0000000,22,53,23,1,23,26,0,None,0,None,0,None,1,0,2015-08-19 22:48:00+00:00,Malam (18-23),Hari Kerja,Rabu
17,Illinois,170884,1,1,0,0,0,7,7,31,1670,28,12,2015,2,6,40,1,2,Urban,1,Interstate,1,State Highway Agency,1,Interstate,I-55 (STEVENSON EXPWY),,2905,41.83692222,-87.67911389,0,No Special Jurisdiction (Includes National Forests Since 2008),18,Other Object (Not Fixed),0,"Not Collision with Motor Vehicle in Transport (Not Necessarily in Transport for
2005-2009)",Yes,19,Other Location Within Interchange Area,Not an Intersection,Construction,4,On Roadside,1,Daylight,3,"Sleet, Hail",0,No Additional Atmospheric Conditions,3,"Sleet, Hail",No,0000000,6,47,99,99,99,99,3,Other Maintenance or Construction-Created Condition,0,None,0,None,1,0,2015-12-28 06:40:00+00:00,Pagi (06-11),Hari Kerja,Senin
18,Indiana,180039,1,1,0,1,1,1,1,11,2630,27,1,2015,3,2,40,1,1,Rural,1,Interstate,1,State Highway Agency,1,Interstate,I-65 N,,1402,40.04766944,-86.48992778,0,No Special Jurisdiction (Includes National Forests Since 2008),8,Pedestrian,0,"Not Collision with Motor Vehicle in Transport (Not Necessarily in Transport for
2005-2009)",No,1,Non-Junction,Not an Intersection,None,1,On Roadway,2,Dark – Not Lighted,3,"Sleet, Hail",0,No Additional Atmospheric Conditions,3,"Sleet, Hail",No,0000000,99,98,99,98,99,98,19,Recent Previous Crash Scene Nearby (Since 1989),0,None,0,None,1,0,2015-01-27 02:40:00+00:00,Dini hari (00-05),Hari Kerja,Selasa
53,Washington,530480,1,1,0,1,1,2,2,37,0,2,12,2015,4,16,45,1,1,Rural,1,Interstate,1,State Highway Agency,1,Interstate,I-90,,1176,46.97160278,-120.35184167,0,No Special Jurisdiction (Includes National Forests Since 2008),8,Pedestrian,0,"Not Collision with Motor Vehicle in Transport (Not Necessarily in Transport for
2005-2009)",No,1,Non-Junction,Not an Intersection,None,2,On Shoulder,2,Dark – Not Lighted,3,"Sleet, Hail",0,No Additional Atmospheric Conditions,3,"Sleet, Hail",No,0000000,99,98,99,98,88,88,23,Indication of a Stalled/Disabled Vehicle (Since 2008),24,"Unstabilized Situation Began and All Harmful Events Occurred Off of the
Roadway (Since 2012)",0,None,1,0,2015-12-02 16:45:00+00:00,Siang (12-17),Hari Kerja,Rabu
5,Arkansas,50088,1,1,0,1,1,1,1,119,2320,14,3,2015,7,5,10,1,2,Urban,1,Interstate,1,State Highway Agency,1,Interstate,I-30-23,,1319,34.67823889,-92.35961667,0,No Special Jurisdiction (Includes National Forests Since 2008),8,Pedestrian,0,"Not Collision with Motor Vehicle in Transport (Not Necessarily in Transport for
2005-2009)",No,1,Non-Junction,Not an Intersection,None,1,On Roadway,2,Dark – Not Lighted,8,Other,0,No Additional Atmospheric Conditions,8,Other,No,0000000,5,12,5,31,99,99,0,None,0,None,0,None,1,0,2015-03-14 05:10:00+00:00,Dini hari (00-05),Akhir Pekan,Sabtu
40,Oklahoma,400010,1,1,0,2,2,3,3,103,0,1,1,2015,5,14,17,1,1,Rural,1,Interstate,1,State Highway Agency,1,Interstate,I-35,,46,36.2252,-97.3281,0,No Special Jurisdiction (Includes National Forests Since 2008),8,Pedestrian,0,"Not Collision with Motor Vehicle in Transport (Not Necessarily in Transport for
2005-2009)",No,1,Non-Junction,Not an Intersection,None,4,On Roadside,1,Daylight,3,"Sleet, Hail",12,Freezing Rain or Drizzle,3,"Sleet, Hail",No,0000000,14,9,14,18,14,29,19,Recent Previous Crash Scene Nearby (Since 1989),0,None,0,None,1,0,2015-01-01 14:17:00+00:00,Siang (12-17),Hari Kerja,Kamis
51,Virginia,510066,1,1,0,0,0,1,1,61,0,23,1,2015,6,19,7,0,1,Rural,4,Minor Arterial,1,State Highway Agency,2,U.S. Highway,US-50,,434,38.97083333,-77.78666667,0,No Special Jurisdiction (Includes National Forests Since 2008),35,Embankment,0,"Not Collision with Motor Vehicle in Transport (Not Necessarily in Transport for
2005-2009)",No,1,Non-Junction,Not an Intersection,None,4,On Roadside,2,Dark – Not Lighted,3,"Sleet, Hail",0,No Additional Atmospheric Conditions,3,"Sleet, Hail",No,0000000,19,8,19,14,21,31,0,None,0,None,0,None,1,0,2015-01-23 19:07:00+00:00,Malam (18-23),Hari Kerja,Jumat
51,Virginia,510061,1,1,0,0,0,2,2,41,0,21,2,2015,7,13,55,0,1,Rural,4,Minor Arterial,1,State Highway Agency,2,U.S. Highway,US-1,,1020,37.44444444,-77.70324722,0,No Special Jurisdiction (Includes National Forests Since 2008),42,Tree (Standing Only),0,"Not Collision with Motor Vehicle in Transport (Not Necessarily in Transport for
2005-2009)",No,1,Non-Junction,Not an Intersection,None,4,On Roadside,1,Daylight,3,"Sleet, Hail",0,No Additional Atmospheric Conditions,3,"Sleet, Hail",No,0000000,99,99,99,99,99,99,0,None,0,None,0,None,1,0,2015-02-21 13:55:00+00:00,Siang (12-17),Akhir Pekan,Sabtu
53,Washington,530459,1,1,0,0,0,1,1,63,0,17,11,2015,3,17,30,0,1,Rural,4,Minor Arterial,1,State Highway Agency,3,State Highway,SR-904,,160,47.55246667,-117.59153611,0,No Special Jurisdiction (Includes National Forests Since 2008),18,Other Object (Not Fixed),0,"Not Collision with Motor Vehicle in Transport (Not Necessarily in Transport for
2005-2009)",No,1,Non-Junction,Not an Intersection,None,1,On Roadway,2,Dark – Not Lighted,6,Severe Crosswinds,0,No Additional Atmospheric Conditions,6,Severe Crosswinds,No,0000000,88,88,88,88,88,88,0,None,0,None,0,None,1,0,2015-11-17 17:30:00+00:00,Siang (12-17),Hari Kerja,Selasa
21,Kentucky,210407,1,1,0,0,0,1,1,135,0,26,8,2015,4,19,40,0,1,Rural,4,Minor Arterial,1,State Highway Agency,3,State Highway,SR-8,,246,38.61251389,-83.209125,0,No Special Jurisdiction (Includes National Forests Since 2008),35,Embankment,0,"Not Collision with Motor Vehicle in Transport (Not Necessarily in Transport for
2005-2009)",No,1,Non-Junction,Not an Intersection,None,4,On Roadside,1,Daylight,7,"Blowing Sand, Soil, Dirt",0,No Additional Atmospheric Conditions,7,"Blowing Sand, Soil, Dirt",No,0000000,19,44,99,99,88,88,0,None,0,None,0,None,1,1,2015-08-26 19:40:00+00:00,Malam (18-23),Hari Kerja,Rabu
29,Missouri,290013,1,1,0,0,0,2,2,21,0,1,1,2015,5,7,46,0,1,Rural,4,Minor Arterial,1,State Highway Agency,2,U.S. Highway,US-169,,121,39.69441667,-94.71713889,0,No Special Jurisdiction (Includes National Forests Since 2008),35,Embankment,0,"Not Collision with Motor Vehicle in Transport (Not Necessarily in Transport for
2005-2009)",No,1,Non-Junction,Not an Intersection,None,4,On Roadside,1,Daylight,8,Other,1,Clear,8,Other,No,0000000,99,99,99,99,99,99,0,None,0,None,0,None,1,1,2015-01-01 07:46:00+00:00,Pagi (06-11),Hari Kerja,Kamis
22,Louisiana,220643,1,1,0,0,0,1,1,71,1690,26,12,2015,7,6,17,0,1,Rural,4,Minor Arterial,1,State Highway Agency,2,U.S. Highway,US-90 CHEF MENTEUR,,2817,30.09046389,-89.78187222,0,No Special Jurisdiction (Includes National Forests Since 2008),42,Tree (Standing Only),0,"Not Collision with Motor Vehicle in Transport (Not Necessarily in Transport for
2005-2009)",No,1,Non-Junction,Not an Intersection,None,4,On Roadside,1,Daylight,8,Other,0,No Additional Atmospheric Conditions,8,Other,No,0000000,88,88,88,88,88,88,0,None,0,None,0,None,1,0,2015-12-26 06:17:00+00:00,Pagi (06-11),Akhir Pekan,Sabtu
42,Pennsylvania,420187,1,1,0,0,0,1,1,75,0,10,3,2015,3,8,5,0,1,Rural,4,Minor Arterial,1,State Highway Agency,3,State Highway,SR-501,,51,40.32198611,-76.30240833,0,No Special Jurisdiction (Includes National Forests Since 2008),30,Utility Pole/Light Support,0,"Not Collision with Motor Vehicle in Transport (Not Necessarily in Transport for
2005-2009)",No,1,Non-Junction,Not an Intersection,None,4,On Roadside,1,Daylight,8,Other,0,No Additional Atmospheric Conditions,8,Other,No,0000000,99,99,99,99,88,88,0,None,0,None,0,None,1,0,2015-03-10 08:05:00+00:00,Pagi (06-11),Hari Kerja,Selasa
26,Michigan,260521,3,1,2,0,0,1,1,55,0,23,8,2015,1,2,18,0,1,Rural,4,Minor Arterial,98,Not Reported,4,County Road,CR-CASS RD,,29,44.73605833,-85.62552222,0,No Special Jurisdiction (Includes National Forests Since 2008),43,Other Fixed Object,0,"Not Collision with Motor Vehicle in Transport (Not Necessarily in Transport for
2005-2009)",No,1,Non-Junction,Not an Intersection,None,4,On Roadside,2,Dark – Not Lighted,8,Other,0,No Additional Atmospheric Conditions,8,Other,No,0000000,11,19,11,26,88,88,0,None,0,None,0,None,1,1,2015-08-23 02:18:00+00:00,Dini hari (00-05),Akhir Pekan,Minggu
27,Minnesota,270357,1,1,0,0,0,2,2,41,0,15,12,2015,3,5,22,0,1,Rural,4,Minor Arterial,1,State Highway Agency,3,State Highway,SR-29,,933,46.05157778,-95.31798333,0,No Special Jurisdiction (Includes National Forests Since 2008),34,Ditch,0,"Not Collision with Motor Vehicle in Transport (Not Necessarily in Transport for
2005-2009)",No,1,Non-Junction,Not an Intersection,None,4,On Roadside,2,Dark – Not Lighted,10,Cloudy,12,Freezing Rain or Drizzle,12,Freezing Rain or Drizzle,No,0000000,5,24,5,39,99,99,0,None,0,None,0,None,1,0,2015-12-15 05:22:00+00:00,Dini hari (00-05),Hari Kerja,Selasa
27,Minnesota,270058,1,1,0,0,0,1,1,109,0,29,3,2015,1,8,9,0,1,Rural,4,Minor Arterial,1,State Highway Agency,3,State Highway,SR-30,,2301,43.86266389,-92.36703333,0,No Special Jurisdiction (Includes National Forests Since 2008),34,Ditch,0,"Not Collision with Motor Vehicle in Transport (Not Necessarily in Transport for
2005-2009)",No,1,Non-Junction,Not an Intersection,None,4,On Roadside,1,Daylight,10,Cloudy,6,Severe Crosswinds,6,Severe Crosswinds,No,0000000,99,99,99,99,99,99,0,None,0,None,0,None,1,0,2015-03-29 08:09:00+00:00,Pagi (06-11),Akhir Pekan,Minggu
31,Nebraska,310030,1,1,0,0,0,1,1,55,0,3,3,2015,3,6,35,0,1,Rural,4,Minor Arterial,2,County Highway Agency,4,County Road,CR-STATE ST,,0,41.33531667,-96.21028889,0,No Special Jurisdiction (Includes National Forests Since 2008),42,Tree (Standing Only),0,"Not Collision with Motor Vehicle in Transport (Not Necessarily in Transport for
2005-2009)",No,1,Non-Junction,Not an Intersection,None,4,On Roadside,4,Dawn,12,Freezing Rain or Drizzle,0,No Additional Atmospheric Conditions,12,Freezing Rain or Drizzle,No,0000000,88,88,88,88,88,88,0,None,0,None,0,None,1,0,2015-03-03 06:35:00+00:00,Pagi (06-11),Hari Kerja,Selasa
41,Oregon,410086,1,1,0,0,0,4,4,19,0,12,4,2015,1,12,1,0,1,Rural,4,Minor Arterial,1,State Highway Agency,3,State Highway,SR-138E (ODOT 138),,420,43.32054167,-122.693925,0,No Special Jurisdiction (Includes National Forests Since 2008),42,Tree (Standing Only),0,"Not Collision with Motor Vehicle in Transport (Not Necessarily in Transport for
2005-2009)",No,1,Non-Junction,Not an Intersection,None,4,On Roadside,1,Daylight,98,Not Reported,0,No Additional Atmospheric Conditions,98,Not Reported,No,0000000,13,30,14,0,99,99,0,None,0,None,0,None,2,0,2015-04-12 12:01:00+00:00,Siang (12-17),Akhir Pekan,Minggu
28,Mississippi,280550,1,1,0,0,0,1,1,89,0,2,12,2015,4,6,42,0,1,Rural,4,Minor Arterial,11,"State Park, Forest or Reservation Agency",3,State Highway,SR-NATCHEZ TRACE PKWY,,1270,32.60726667,-89.84206667,1,National Park Service,42,Tree (Standing Only),0,"Not Collision with Motor Vehicle in Transport (Not Necessarily in Transport for
2005-2009)",No,1,Non-Junction,Not an Intersection,None,4,On Roadside,1,Daylight,98,Not Reported,0,No Additional Atmospheric Conditions,98,Not Reported,No,0000000,6,42,7,0,88,88,0,None,0,None,0,None,1,0,2015-12-02 06:42:00+00:00,Pagi (06-11),Hari Kerja,Rabu
36,New York,360019,1,1,0,0,0,1,1,71,1140,12,1,2015,2,10,16,0,1,Rural,4,Minor Arterial,25,Other Local Agency,3,State Highway,SR-94,RICK WAY,0,41.34958333,-74.314275,0,No Special Jurisdiction (Includes National Forests Since 2008),35,Embankment,0,"Not Collision with Motor Vehicle in Transport (Not Necessarily in Transport for
2005-2009)",No,3,Intersection Related,T-Intersection,None,4,On Roadside,1,Daylight,3,"Sleet, Hail",12,Freezing Rain or Drizzle,3,"Sleet, Hail",No,0000000,10,16,10,22,88,88,0,None,0,None,0,None,1,0,2015-01-12 10:16:00+00:00,Pagi (06-11),Hari Kerja,Senin
42,Pennsylvania,420574,1,1,0,0,0,1,1,69,7460,30,8,2015,1,3,27,0,2,Urban,4,Minor Arterial,1,State Highway Agency,3,State Highway,SR-3025 WYOMING AVE,PINE ST,5,41.41473056,-75.65849167,0,No Special Jurisdiction (Includes National Forests Since 2008),18,Other Object (Not Fixed),0,"Not Collision with Motor Vehicle in Transport (Not Necessarily in Transport for
2005-2009)",No,2,Intersection,T-Intersection,None,1,On Roadway,2,Dark – Not Lighted,8,Other,0,No Additional Atmospheric Conditions,8,Other,No,0000000,99,99,99,99,88,88,0,None,0,None,0,None,1,1,2015-08-30 03:27:00+00:00,Dini hari (00-05),Akhir Pekan,Minggu
24,Maryland,240009,1,1,0,0,0,1,1,5,0,18,1,2015,1,7,36,0,2,Urban,4,Minor Arterial,2,County Highway Agency,4,County Road,CR-4090,,10,39.38904167,-76.47615,0,No Special Jurisdiction (Includes National Forests Since 2008),33,Curb,0,"Not Collision with Motor Vehicle in Transport (Not Necessarily in Transport for
2005-2009)",No,1,Non-Junction,Not an Intersection,None,4,On Roadside,1,Daylight,3,"Sleet, Hail",0,No Additional Atmospheric Conditions,3,"Sleet, Hail",No,0000000,7,36,7,41,8,14,0,None,0,None,0,None,1,0,2015-01-18 07:36:00+00:00,Pagi (06-11),Akhir Pekan,Minggu
26,Michigan,260577,1,1,0,0,0,3,3,163,1260,16,8,2015,1,0,40,0,2,Urban,4,Minor Arterial,98,Not Reported,6,Local Street – Municipality,FENKELL ST,NORTHLAWN ST,83,42.40256111,-83.15338056,0,No Special Jurisdiction (Includes National Forests Since 2008),30,Utility Pole/Light Support,0,"Not Collision with Motor Vehicle in Transport (Not Necessarily in Transport for
2005-2009)",No,1,Non-Junction,Not an Intersection,None,4,On Roadside,3,Dark – Lighted,6,Severe Crosswinds,0,No Additional Atmospheric Conditions,6,Severe Crosswinds,No,0000000,99,99,99,99,99,99,0,None,0,None,0,None,1,0,2015-08-16 00:40:00+00:00,Dini hari (00-05),Akhir Pekan,Minggu
32,Nevada,320051,1,1,0,0,0,1,1,3,0,14,4,2015,3,21,9,0,2,Urban,4,Minor Arterial,3,Town or Township Highway Agency,3,State Highway,SR-596 JONES BLVD,,99998,36.01540556,-115.22574167,0,No Special Jurisdiction (Includes National Forests Since 2008),59,Traffic Sign Support,0,"Not Collision with Motor Vehicle in Transport (Not Necessarily in Transport for
2005-2009)",No,1,Non-Junction,Not an Intersection,"Work Zone, Type Unknown",3,On Median,3,Dark – Lighted,10,Cloudy,7,"Blowing Sand, Soil, Dirt",7,"Blowing Sand, Soil, Dirt",No,0000000,99,99,99,99,99,99,0,None,0,None,0,None,1,1,2015-04-14 21:09:00+00:00,Malam (18-23),Hari Kerja,Selasa
41,Oregon,410354,1,1,0,0,0,2,2,41,1225,16,12,2015,4,20,6,0,2,Urban,4,Minor Arterial,4,City or Municipal Highway Agency,6,Local Street – Municipality,NE 22ND ST,NE WEST DEVILS LAKE RD,0,44.98164444,-123.997725,0,No Special Jurisdiction (Includes National Forests Since 2008),42,Tree (Standing Only),0,"Not Collision with Motor Vehicle in Transport (Not Necessarily in Transport for
2005-2009)",No,3,Intersection Related,T-Intersection,None,4,On Roadside,2,Dark – Not Lighted,98,Not Reported,0,No Additional Atmospheric Conditions,98,Not Reported,No,0000000,20,11,20,15,99,99,0,None,0,None,0,None,1,0,2015-12-16 20:06:00+00:00,Malam (18-23),Hari Kerja,Rabu
29,Missouri,290056,1,1,0,0,0,1,1,510,7080,8,1,2015,5,6,45,0,2,Urban,4,Minor Arterial,1,State Highway Agency,6,Local Street – Municipality,W FLORISSANT RD,,26,38.68339722,-90.22892222,0,No Special Jurisdiction (Includes National Forests Since 2008),24,Guardrail Face,0,"Not Collision with Motor Vehicle in Transport (Not Necessarily in Transport for
2005-2009)",Yes,5,Entrance/Exit Ramp Related,Not an Intersection,None,4,On Roadside,2,Dark – Not Lighted,8,Other,0,No Additional Atmospheric Conditions,8,Other,No,0000000,99,98,99,98,88,88,0,None,0,None,0,None,1,1,2015-01-08 06:45:00+00:00,Pagi (06-11),Hari Kerja,Kamis
35,New Mexico,350107,1,1,0,1,1,3,3,31,0,5,6,2015,6,21,1,0,1,Rural,4,Minor Arterial,1,State Highway Agency,3,State Highway,SR-602,,241,35.43683889,-108.74506944,0,No Special Jurisdiction (Includes National Forests Since 2008),8,Pedestrian,0,"Not Collision with Motor Vehicle in Transport (Not Necessarily in Transport for
2005-2009)",No,1,Non-Junction,Not an Intersection,None,1,On Roadway,2,Dark – Not Lighted,8,Other,0,No Additional Atmospheric Conditions,8,Other,No,0000000,99,99,99,99,88,88,0,None,0,None,0,None,1,0,2015-06-05 21:01:00+00:00,Malam (18-23),Hari Kerja,Jumat
5,Arkansas,50399,1,1,0,1,1,2,2,111,3860,28,10,2015,4,6,8,0,2,Urban,4,Minor Arterial,1,State Highway Agency,3,State Highway,SR-463-02,CS- WILLOW ROAD EXTENDED,18,35.68262222,-90.52685833,0,No Special Jurisdiction (Includes National Forests Since 2008),8,Pedestrian,0,"Not Collision with Motor Vehicle in Transport (Not Necessarily in Transport for
2005-2009)",No,2,Intersection,T-Intersection,None,1,On Roadway,2,Dark – Not Lighted,8,Other,0,No Additional Atmospheric Conditions,8,Other,No,0000000,99,99,6,15,88,88,0,None,0,None,0,None,1,0,2015-10-28 06:08:00+00:00,Pagi (06-11),Hari Kerja,Rabu
36,New York,360243,1,1,0,1,1,1,1,103,1337,20,4,2015,2,20,21,0,2,Urban,4,Minor Arterial,3,Town or Township Highway Agency,5,Local Street – Township,125 MIDDLE COUNTRY RD,,0,40.87296389,-72.98595,0,No Special Jurisdiction (Includes National Forests Since 2008),8,Pedestrian,0,"Not Collision with Motor Vehicle in Transport (Not Necessarily in Transport for
2005-2009)",No,1,Non-Junction,Not an Intersection,None,2,On Shoulder,3,Dark – Lighted,3,"Sleet, Hail",0,No Additional Atmospheric Conditions,3,"Sleet, Hail",No,0000000,99,99,99,99,99,99,0,None,0,None,0,None,1,0,2015-04-20 20:21:00+00:00,Malam (18-23),Hari Kerja,Senin
42,Pennsylvania,420096,1,1,0,1,1,0,0,5,180,3,1,2015,7,7,12,0,2,Urban,4,Minor Arterial,1,State Highway Agency,3,State Highway,SR-56 FIRST ST,,27,40.58162778,-79.56594167,0,No Special Jurisdiction (Includes National Forests Since 2008),8,Pedestrian,0,"Not Collision with Motor Vehicle in Transport (Not Necessarily in Transport for
2005-2009)",No,1,Non-Junction,Not an Intersection,None,1,On Roadway,4,Dawn,8,Other,0,No Additional Atmospheric Conditions,8,Other,No,0000000,7,11,7,22,99,96,0,None,0,None,0,None,1,0,2015-01-03 07:12:00+00:00,Pagi (06-11),Akhir Pekan,Sabtu
29,Missouri,290089,1,1,0,1,1,1,1,510,7080,28,2,2015,7,0,27,0,2,Urban,4,Minor Arterial,4,City or Municipal Highway Agency,6,Local Street – Municipality,N BROADWAY AVE,,15,38.70752778,-90.23022778,0,No Special Jurisdiction (Includes National Forests Since 2008),8,Pedestrian,0,"Not Collision with Motor Vehicle in Transport (Not Necessarily in Transport for
2005-2009)",No,1,Non-Junction,Not an Intersection,None,1,On Roadway,3,Dark – Lighted,8,Other,0,No Additional Atmospheric Conditions,8,Other,No,0000000,99,98,99,98,88,88,0,None,0,None,0,None,1,0,2015-02-28 00:27:00+00:00,Dini hari (00-05),Akhir Pekan,Sabtu
48,Texas,481062,1,1,0,1,1,1,1,233,780,10,2,2015,3,23,28,0,2,Urban,4,Minor Arterial,98,Not Reported,2,U.S. Highway,US-136 WILSON ST,,28,35.65468611,-101.44268056,0,No Special Jurisdiction (Includes National Forests Since 2008),8,Pedestrian,0,"Not Collision with Motor Vehicle in Transport (Not Necessarily in Transport for
2005-2009)",No,1,Non-Junction,Not an Intersection,None,1,On Roadway,8,Not Reported,98,Not Reported,0,No Additional Atmospheric Conditions,98,Not Reported,No,0000000,99,98,99,98,88,88,0,None,0,None,0,None,1,0,2015-02-10 23:28:00+00:00,Malam (18-23),Hari Kerja,Selasa
41,Oregon,410042,1,1,0,1,1,1,1,33,0,24,2,2015,3,20,12,0,2,Urban,4,Minor Arterial,1,State Highway Agency,3,State Highway,SR-99 (ODOT 60),,30,42.42476944,-123.27999167,0,No Special Jurisdiction (Includes National Forests Since 2008),8,Pedestrian,0,"Not Collision with Motor Vehicle in Transport (Not Necessarily in Transport for
2005-2009)",No,1,Non-Junction,Not an Intersection,None,1,On Roadway,2,Dark – Not Lighted,98,Not Reported,0,No Additional Atmospheric Conditions,98,Not Reported,No,0000000,20,13,20,15,99,99,0,None,0,None,0,None,1,0,2015-02-24 20:12:00+00:00,Malam (18-23),Hari Kerja,Selasa
25,Massachusetts,250258,1,1,0,1,1,1,1,5,850,21,11,2015,7,2,10,0,2,Urban,4,Minor Arterial,4,City or Municipal Highway Agency,3,State Highway,SR-18 ACUSHNET AVE,,99998,41.62785278,-70.92385556,0,No Special Jurisdiction (Includes National Forests Since 2008),8,Pedestrian,0,"Not Collision with Motor Vehicle in Transport (Not Necessarily in Transport for
2005-2009)",No,1,Non-Junction,Not an Intersection,None,1,On Roadway,3,Dark – Lighted,98,Not Reported,0,No Additional Atmospheric Conditions,98,Not Reported,No,0000000,99,99,99,99,99,99,0,None,0,None,0,None,1,0,2015-11-21 02:10:00+00:00,Dini hari (00-05),Akhir Pekan,Sabtu
41,Oregon,410390,1,1,0,1,1,1,1,29,0,19,9,2015,7,1,13,0,2,Urban,4,Minor Arterial,4,City or Municipal Highway Agency,4,County Road,CR-TABLE ROCK RD,,40,42.40405,-122.88535833,0,No Special Jurisdiction (Includes National Forests Since 2008),8,Pedestrian,0,"Not Collision with Motor Vehicle in Transport (Not Necessarily in Transport for
2005-2009)",No,1,Non-Junction,Not an Intersection,None,1,On Roadway,2,Dark – Not Lighted,98,Not Reported,0,No Additional Atmospheric Conditions,98,Not Reported,No,0000000,1,14,1,18,88,88,0,None,0,None,0,None,1,1,2015-09-19 01:13:00+00:00,Dini hari (00-05),Akhir Pekan,Sabtu
41,Oregon,410278,1,1,0,1,1,0,0,33,0,5,9,2015,7,1,26,0,2,Urban,4,Minor Arterial,2,County Highway Agency,4,County Road,CR-HIGHLAND AVE,,31,42.49703889,-123.36188333,0,No Special Jurisdiction (Includes National Forests Since 2008),8,Pedestrian,0,"Not Collision with Motor Vehicle in Transport (Not Necessarily in Transport for
2005-2009)",No,1,Non-Junction,Not an Intersection,None,2,On Shoulder,2,Dark – Not Lighted,98,Not Reported,0,No Additional Atmospheric Conditions,98,Not Reported,No,0000000,99,99,99,99,88,88,23,Indication of a Stalled/Disabled Vehicle (Since 2008),0,None,0,None,1,0,2015-09-05 01:26:00+00:00,Dini hari (00-05),Akhir Pekan,Sabtu
41,Oregon,410393,1,1,0,1,1,1,1,47,1168,25,9,2015,6,7,38,0,2,Urban,4,Minor Arterial,4,City or Municipal Highway Agency,6,Local Street – Municipality,CHEMAWA RD N,,0,44.99699722,-123.035225,0,No Special Jurisdiction (Includes National Forests Since 2008),8,Pedestrian,0,"Not Collision with Motor Vehicle in Transport (Not Necessarily in Transport for
2005-2009)",No,1,Non-Junction,Not an Intersection,None,1,On Roadway,1,Daylight,98,Not Reported,0,No Additional Atmospheric Conditions,98,Not Reported,No,0000000,99,99,99,99,99,99,0,None,0,None,0,None,1,0,2015-09-25 07:38:00+00:00,Pagi (06-11),Hari Kerja,Jumat
4,Arizona,40298,1,1,0,1,1,1,1,19,530,21,5,2015,5,17,0,0,2,Urban,4,Minor Arterial,2,County Highway Agency,6,Local Street – Municipality,RUTHRAUFF RD,,0,32.29446111,-111.025825,0,No Special Jurisdiction (Includes National Forests Since 2008),8,Pedestrian,0,"Not Collision with Motor Vehicle in Transport (Not Necessarily in Transport for
2005-2009)",No,1,Non-Junction,Not an Intersection,None,4,On Roadside,1,Daylight,98,Not Reported,0,No Additional Atmospheric Conditions,98,Not Reported,No,0000000,99,99,99,99,99,99,0,None,0,None,0,None,1,0,2015-05-21 17:00:00+00:00,Siang (12-17),Hari Kerja,Kamis
51,Virginia,510097,1,1,0,1,1,1,1,95,0,5,3,2015,5,20,59,0,2,Urban,4,Minor Arterial,98,Not Reported,3,State Highway,SR-143,LEE DRIVE,331,37.26416667,-76.67416667,0,No Special Jurisdiction (Includes National Forests Since 2008),8,Pedestrian,0,"Not Collision with Motor Vehicle in Transport (Not Necessarily in Transport for
2005-2009)",No,3,Intersection Related,T-Intersection,None,1,On Roadway,2,Dark – Not Lighted,3,"Sleet, Hail",0,No Additional Atmospheric Conditions,3,"Sleet, Hail",No,0000000,21,1,21,4,21,13,0,None,0,None,0,None,1,0,2015-03-05 20:59:00+00:00,Malam (18-23),Hari Kerja,Kamis
29,Missouri,290038,1,1,0,1,1,1,1,510,7080,8,1,2015,5,5,30,0,2,Urban,4,Minor Arterial,4,City or Municipal Highway Agency,6,Local Street – Municipality,UNION BLVD,COTE BRILLIANTE AVE,24,38.66815278,-90.26611111,0,No Special Jurisdiction (Includes National Forests Since 2008),8,Pedestrian,0,"Not Collision with Motor Vehicle in Transport (Not Necessarily in Transport for
2005-2009)",No,3,Intersection Related,Four-Way Intersection,None,1,On Roadway,3,Dark – Lighted,8,Other,1,Clear,8,Other,No,0000000,99,98,99,98,88,88,0,None,0,None,0,None,1,0,2015-01-08 05:30:00+00:00,Dini hari (00-05),Hari Kerja,Kamis
27,Minnesota,270360,1,1,0,1,1,3,3,145,6250,15,12,2015,3,19,20,0,2,Urban,4,Minor Arterial,4,City or Municipal Highway Agency,6,Local Street – Municipality,9TH AVE S,5TH ST S,28,45.5549,-94.16025,0,No Special Jurisdiction (Includes National Forests Since 2008),8,Pedestrian,0,"Not Collision with Motor Vehicle in Transport (Not Necessarily in Transport for
2005-2009)",No,3,Intersection Related,Four-Way Intersection,None,1,On Roadway,3,Dark – Lighted,10,Cloudy,12,Freezing Rain or Drizzle,12,Freezing Rain or Drizzle,No,0000000,19,20,19,24,99,99,0,None,0,None,0,None,1,0,2015-12-15 19:20:00+00:00,Malam (18-23),Hari Kerja,Selasa
17,Illinois,170242,1,1,0,1,1,1,1,31,1670,28,4,2015,3,12,55,0,2,Urban,4,Minor Arterial,4,City or Municipal Highway Agency,6,Local Street – Municipality,BROADWAY ST,WILSON AVE,0,41.96542778,-87.65747778,0,No Special Jurisdiction (Includes National Forests Since 2008),8,Pedestrian,0,"Not Collision with Motor Vehicle in Transport (Not Necessarily in Transport for
2005-2009)",No,3,Intersection Related,Four-Way Intersection,None,1,On Roadway,1,Daylight,98,Not Reported,0,No Additional Atmospheric Conditions,98,Not Reported,No,0000000,99,99,99,99,99,99,0,None,0,None,0,None,1,0,2015-04-28 12:55:00+00:00,Siang (12-17),Hari Kerja,Selasa
23,Maine,230146,1,1,0,0,0,1,1,25,1310,25,12,2015,6,4,10,0,1,Rural,5,Major Collector,1,State Highway Agency,3,State Highway,SR-23 HINCKLEY ROAD,,99998,44.75270278,-69.57305,0,No Special Jurisdiction (Includes National Forests Since 2008),1,Rollover/Overturn,0,"Not Collision with Motor Vehicle in Transport (Not Necessarily in Transport for
2005-2009)",No,1,Non-Junction,Not an Intersection,None,4,On Roadside,2,Dark – Not Lighted,3,"Sleet, Hail",12,Freezing Rain or Drizzle,3,"Sleet, Hail",No,0000000,4,19,4,20,88,88,0,None,0,None,0,None,1,1,2015-12-25 04:10:00+00:00,Dini hari (00-05),Hari Kerja,Jumat
18,Indiana,180002,1,1,0,0,0,1,1,37,2260,2,1,2015,6,5,8,0,1,Rural,5,Major Collector,1,State Highway Agency,3,State Highway,SR-56,,0,38.48046389,-86.81777222,0,No Special Jurisdiction (Includes National Forests Since 2008),1,Rollover/Overturn,0,"Not Collision with Motor Vehicle in Transport (Not Necessarily in Transport for
2005-2009)",No,1,Non-Junction,Not an Intersection,None,4,On Roadside,2,Dark – Not Lighted,3,"Sleet, Hail",12,Freezing Rain or Drizzle,3,"Sleet, Hail",No,0000000,99,99,99,99,99,99,0,None,0,None,0,None,1,0,2015-01-02 05:08:00+00:00,Dini hari (00-05),Hari Kerja,Jumat
31,Nebraska,310077,1,1,0,0,0,1,1,27,0,16,5,2015,7,15,0,0,1,Rural,5,Major Collector,1,State Highway Agency,3,State Highway,SR-84,,430,42.61253889,-97.24558333,0,No Special Jurisdiction (Includes National Forests Since 2008),1,Rollover/Overturn,0,"Not Collision with Motor Vehicle in Transport (Not Necessarily in Transport for
2005-2009)",No,1,Non-Junction,Not an Intersection,None,4,On Roadside,1,Daylight,6,Severe Crosswinds,0,No Additional Atmospheric Conditions,6,Severe Crosswinds,No,0000000,99,99,99,99,99,99,0,None,0,None,0,None,1,0,2015-05-16 15:00:00+00:00,Siang (12-17),Akhir Pekan,Sabtu
47,Tennessee,470784,1,1,0,0,0,1,1,183,0,17,11,2015,3,14,12,0,1,Rural,5,Major Collector,1,State Highway Agency,3,State Highway,SR-217 COUNTY MAINTENANCE RD,,9,36.28298889,-88.66203889,0,No Special Jurisdiction (Includes National Forests Since 2008),16,Thrown or Falling Object,0,"Not Collision with Motor Vehicle in Transport (Not Necessarily in Transport for
2005-2009)",No,1,Non-Junction,Not an Intersection,None,1,On Roadway,1,Daylight,6,Severe Crosswinds,0,No Additional Atmospheric Conditions,6,Severe Crosswinds,No,0000000,99,99,99,99,88,88,0,None,0,None,0,None,1,0,2015-11-17 14:12:00+00:00,Siang (12-17),Hari Kerja,Selasa
53,Washington,530117,1,1,0,0,0,1,1,25,0,11,4,2015,7,15,20,0,1,Rural,5,Major Collector,2,County Highway Agency,4,County Road,CR-RD O SW,,12,46.64996389,-119.81124722,0,No Special Jurisdiction (Includes National Forests Since 2008),1,Rollover/Overturn,0,"Not Collision with Motor Vehicle in Transport (Not Necessarily in Transport for
2005-2009)",No,1,Non-Junction,Not an Intersection,None,1,On Roadway,1,Daylight,6,Severe Crosswinds,0,No Additional Atmospheric Conditions,6,Severe Crosswinds,No,0000000,99,99,99,99,88,88,0,None,0,None,0,None,1,0,2015-04-11 15:20:00+00:00,Siang (12-17),Akhir Pekan,Sabtu
53,Washington,530460,1,1,0,0,0,1,1,61,0,17,11,2015,3,13,8,0,1,Rural,5,Major Collector,2,County Highway Agency,4,County Road,CR-BEN HOWARD RD,,64,47.8391,-121.84301944,0,No Special Jurisdiction (Includes National Forests Since 2008),18,Other Object (Not Fixed),0,"Not Collision with Motor Vehicle in Transport (Not Necessarily in Transport for
2005-2009)",No,1,Non-Junction,Not an Intersection,None,1,On Roadway,1,Daylight,6,Severe Crosswinds,0,No Additional Atmospheric Conditions,6,Severe Crosswinds,No,0000000,99,98,99,98,88,88,0,None,0,None,0,None,1,0,2015-11-17 13:08:00+00:00,Siang (12-17),Hari Kerja,Selasa
17,Illinois,170062,1,1,0,0,0,1,1,19,0,12,1,2015,2,15,35,0,1,Rural,5,Major Collector,2,County Highway Agency,5,Local Street – Township,CURTIS RD,,0,40.069125,-88.21026111,0,No Special Jurisdiction (Includes National Forests Since 2008),30,Utility Pole/Light Support,0,"Not Collision with Motor Vehicle in Transport (Not Necessarily in Transport for
2005-2009)",No,1,Non-Junction,Not an Intersection,None,4,On Roadside,1,Daylight,6,Severe Crosswinds,0,No Additional Atmospheric Conditions,6,Severe Crosswinds,No,0000000,15,35,99,99,99,99,0,None,0,None,0,None,1,0,2015-01-12 15:35:00+00:00,Siang (12-17),Hari Kerja,Senin
29,Missouri,290016,1,1,0,0,0,1,1,183,0,7,1,2015,4,20,0,0,1,Rural,5,Major Collector,1,State Highway Agency,3,State Highway,SR-D,,171,38.70425,-90.73411111,0,No Special Jurisdiction (Includes National Forests Since 2008),1,Rollover/Overturn,0,"Not Collision with Motor Vehicle in Transport (Not Necessarily in Transport for
2005-2009)",No,1,Non-Junction,Not an Intersection,None,4,On Roadside,2,Dark – Not Lighted,8,Other,0,No Additional Atmospheric Conditions,8,Other,No,0000000,99,98,99,98,88,88,0,None,0,None,0,None,1,1,2015-01-07 20:00:00+00:00,Malam (18-23),Hari Kerja,Rabu
29,Missouri,290082,1,1,0,0,0,2,2,109,0,26,2,2015,5,9,35,0,1,Rural,5,Major Collector,1,State Highway Agency,3,State Highway,SR-V,,21,37.09861111,-93.86238889,0,No Special Jurisdiction (Includes National Forests Since 2008),34,Ditch,0,"Not Collision with Motor Vehicle in Transport (Not Necessarily in Transport for
2005-2009)",No,1,Non-Junction,Not an Intersection,None,4,On Roadside,1,Daylight,8,Other,1,Clear,8,Other,No,0000000,10,22,10,49,11,12,0,None,0,None,0,None,1,0,2015-02-26 09:35:00+00:00,Pagi (06-11),Hari Kerja,Kamis
29,Missouri,290729,1,1,0,0,0,1,1,59,0,2,12,2015,4,0,30,0,1,Rural,5,Major Collector,1,State Highway Agency,3,State Highway,SR-64,,83,37.74405556,-93.04375,0,No Special Jurisdiction (Includes National Forests Since 2008),58,Ground,0,"Not Collision with Motor Vehicle in Transport (Not Necessarily in Transport for
2005-2009)",No,1,Non-Junction,Not an Intersection,None,4,On Roadside,2,Dark – Not Lighted,8,Other,1,Clear,8,Other,No,0000000,99,98,99,98,88,88,0,None,0,None,0,None,1,0,2015-12-02 00:30:00+00:00,Dini hari (00-05),Hari Kerja,Rabu
42,Pennsylvania,420103,1,1,0,0,0,2,2,129,0,22,2,2015,1,2,26,0,1,Rural,5,Major Collector,1,State Highway Agency,3,State Highway,SR-3016 LOWBER RD,,11,40.2429,-79.77533611,0,No Special Jurisdiction (Includes National Forests Since 2008),30,Utility Pole/Light Support,0,"Not Collision with Motor Vehicle in Transport (Not Necessarily in Transport for
2005-2009)",No,1,Non-Junction,Not an Intersection,None,4,On Roadside,2,Dark – Not Lighted,8,Other,0,No Additional Atmospheric Conditions,8,Other,No,0000000,2,32,2,45,88,88,0,None,0,None,0,None,1,1,2015-02-22 02:26:00+00:00,Dini hari (00-05),Akhir Pekan,Minggu
48,Texas,480477,1,1,0,0,0,3,3,471,0,11,3,2015,4,5,21,0,1,Rural,5,Major Collector,98,Not Reported,8,Other,FM247,,2,30.90335833,-95.68164167,0,No Special Jurisdiction (Includes National Forests Since 2008),18,Other Object (Not Fixed),0,"Not Collision with Motor Vehicle in Transport (Not Necessarily in Transport for
2005-2009)",No,1,Non-Junction,Not an Intersection,None,1,On Roadway,2,Dark – Not Lighted,10,Cloudy,8,Other,8,Other,No,0000000,5,21,5,39,6,42,0,None,0,None,0,None,1,0,2015-03-11 05:21:00+00:00,Dini hari (00-05),Hari Kerja,Rabu
21,Kentucky,210144,1,1,0,0,0,1,1,87,0,14,1,2015,4,3,40,0,1,Rural,5,Major Collector,1,State Highway Agency,2,U.S. Highway,US-68,,47,37.16259722,-85.53497222,0,No Special Jurisdiction (Includes National Forests Since 2008),30,Utility Pole/Light Support,0,"Not Collision with Motor Vehicle in Transport (Not Necessarily in Transport for
2005-2009)",No,1,Non-Junction,Not an Intersection,None,4,On Roadside,2,Dark – Not Lighted,11,Blowing Snow,0,No Additional Atmospheric Conditions,11,Blowing Snow,No,0000000,3,46,4,0,88,88,0,None,0,None,0,None,1,0,2015-01-14 03:40:00+00:00,Dini hari (00-05),Hari Kerja,Rabu
27,Minnesota,270329,1,1,0,0,0,1,1,97,0,22,11,2015,1,20,6,0,1,Rural,5,Major Collector,1,State Highway Agency,3,State Highway,SR-27,,1609,46.04943333,-93.94518611,0,No Special Jurisdiction (Includes National Forests Since 2008),34,Ditch,0,"Not Collision with Motor Vehicle in Transport (Not Necessarily in Transport for
2005-2009)",No,1,Non-Junction,Not an Intersection,None,4,On Roadside,2,Dark – Not Lighted,11,Blowing Snow,0,No Additional Atmospheric Conditions,11,Blowing Snow,No,0000000,20,6,99,99,88,88,0,None,0,None,0,None,1,1,2015-11-22 20:06:00+00:00,Malam (18-23),Akhir Pekan,Minggu
4,Arizona,40191,1,1,0,0,0,6,6,1,0,28,3,2015,7,4,17,0,1,Rural,5,Major Collector,1,State Highway Agency,2,U.S. Highway,US-191,,4530,36.23214444,-109.59984722,3,Indian Reservation,35,Embankment,0,"Not Collision with Motor Vehicle in Transport (Not Necessarily in Transport for
2005-2009)",No,1,Non-Junction,Not an Intersection,None,4,On Roadside,6,Dark – Unknown Lighting,98,Not Reported,0,No Additional Atmospheric Conditions,98,Not Reported,No,0000000,99,99,99,99,99,99,0,None,0,None,0,None,1,1,2015-03-28 04:17:00+00:00,Dini hari (00-05),Akhir Pekan,Sabtu
41,Oregon,410403,1,1,0,0,0,2,2,33,0,20,11,2015,6,9,14,0,1,Rural,5,Major Collector,1,State Highway Agency,3,State Highway,SR-46 (ODOT 38),,50,42.11943333,-123.60997778,0,No Special Jurisdiction (Includes National Forests Since 2008),42,Tree (Standing Only),0,"Not Collision with Motor Vehicle in Transport (Not Necessarily in Transport for
2005-2009)",No,1,Non-Junction,Not an Intersection,None,4,On Roadside,1,Daylight,98,Not Reported,0,No Additional Atmospheric Conditions,98,Not Reported,No,0000000,9,14,9,15,99,99,0,None,0,None,0,None,1,0,2015-11-20 09:14:00+00:00,Pagi (06-11),Hari Kerja,Jumat
41,Oregon,410323,1,1,0,0,0,1,1,39,0,31,8,2015,2,7,55,0,1,Rural,5,Major Collector,2,County Highway Agency,4,County Road,CR-DEXTER RD,,1,43.91434444,-122.81015556,0,No Special Jurisdiction (Includes National Forests Since 2008),1,Rollover/Overturn,0,"Not Collision with Motor Vehicle in Transport (Not Necessarily in Transport for
2005-2009)",No,1,Non-Junction,Not an Intersection,None,4,On Roadside,1,Daylight,98,Not Reported,0,No Additional Atmospheric Conditions,98,Not Reported,No,0000000,7,59,8,24,8,57,0,None,0,None,0,None,1,0,2015-08-31 07:55:00+00:00,Pagi (06-11),Hari Kerja,Senin
41,Oregon,410385,1,1,0,0,0,1,1,9,0,19,8,2015,4,16,6,0,1,Rural,5,Major Collector,2,County Highway Agency,4,County Road,CR-NICOLAI RD,,31,45.99021667,-122.91852778,0,No Special Jurisdiction (Includes National Forests Since 2008),1,Rollover/Overturn,0,"Not Collision with Motor Vehicle in Transport (Not Necessarily in Transport for
2005-2009)",No,1,Non-Junction,Not an Intersection,None,1,On Roadway,1,Daylight,98,Not Reported,0,No Additional Atmospheric Conditions,98,Not Reported,No,0000000,99,99,99,99,88,88,0,None,0,None,0,None,1,0,2015-08-19 16:06:00+00:00,Siang (12-17),Hari Kerja,Rabu
41,Oregon,410401,1,1,0,0,0,1,1,11,0,30,10,2015,6,20,30,0,1,Rural,5,Major Collector,2,County Highway Agency,4,County Road,CR-GLEN CREEK LN,,15,43.4827,-123.93322778,0,No Special Jurisdiction (Includes National Forests Since 2008),1,Rollover/Overturn,0,"Not Collision with Motor Vehicle in Transport (Not Necessarily in Transport for
2005-2009)",No,1,Non-Junction,Not an Intersection,None,4,On Roadside,2,Dark – Not Lighted,98,Not Reported,0,No Additional Atmospheric Conditions,98,Not Reported,No,0000000,10,47,11,21,88,88,0,None,0,None,0,None,1,0,2015-10-30 20:30:00+00:00,Malam (18-23),Hari Kerja,Jumat
41,Oregon,410409,1,1,0,0,0,1,1,15,0,13,12,2015,1,2,30,0,1,Rural,5,Major Collector,2,County Highway Agency,4,County Road,CR-CEDAR VALLEY RD,,10,42.55083056,-124.37339722,0,No Special Jurisdiction (Includes National Forests Since 2008),3,"Immersion (or Partial Immersion, Since 2012)",0,"Not Collision with Motor Vehicle in Transport (Not Necessarily in Transport for
2005-2009)",No,1,Non-Junction,Not an Intersection,None,4,On Roadside,2,Dark – Not Lighted,98,Not Reported,0,No Additional Atmospheric Conditions,98,Not Reported,No,0000000,99,99,99,99,88,88,0,None,0,None,0,None,1,1,2015-12-13 02:30:00+00:00,Dini hari (00-05),Akhir Pekan,Minggu
41,Oregon,410375,1,1,0,0,0,3,3,71,0,11,5,2015,2,3,22,0,1,Rural,5,Major Collector,2,County Highway Agency,4,County Road,CR-BAKER CREEK RD,,41,45.22780556,-123.27225278,0,No Special Jurisdiction (Includes National Forests Since 2008),42,Tree (Standing Only),0,"Not Collision with Motor Vehicle in Transport (Not Necessarily in Transport for
2005-2009)",No,1,Non-Junction,Not an Intersection,None,4,On Roadside,2,Dark – Not Lighted,98,Not Reported,0,No Additional Atmospheric Conditions,98,Not Reported,No,0000000,3,22,3,31,99,99,0,None,0,None,0,None,1,1,2015-05-11 03:22:00+00:00,Dini hari (00-05),Hari Kerja,Senin
26,Michigan,260636,1,1,0,0,0,1,1,27,0,28,9,2015,2,7,48,0,1,Rural,5,Major Collector,98,Not Reported,4,County Road,CR-ADAMSVILLE RD,,0,41.76062222,-86.00120833,0,No Special Jurisdiction (Includes National Forests Since 2008),42,Tree (Standing Only),0,"Not Collision with Motor Vehicle in Transport (Not Necessarily in Transport for
2005-2009)",No,1,Non-Junction,Not an Intersection,None,4,On Roadside,8,Not Reported,98,Not Reported,0,No Additional Atmospheric Conditions,98,Not Reported,No,0000000,8,2,8,8,88,88,0,None,0,None,0,None,1,0,2015-09-28 07:48:00+00:00,Pagi (06-11),Hari Kerja,Senin
53,Washington,530063,1,1,0,0,0,1,1,65,0,7,2,2015,7,12,29,0,1,Rural,5,Major Collector,50,Indian Tribe Nation,8,Other,FORD-WELLPINIT RD,,99999,47.88663333,-117.98889167,3,Indian Reservation,17,Boulder,0,"Not Collision with Motor Vehicle in Transport (Not Necessarily in Transport for
2005-2009)",No,1,Non-Junction,Not an Intersection,None,4,On Roadside,1,Daylight,98,Not Reported,0,No Additional Atmospheric Conditions,98,Not Reported,No,0000000,99,99,99,99,88,88,0,None,0,None,0,None,1,0,2015-02-07 12:29:00+00:00,Siang (12-17),Akhir Pekan,Sabtu
4,Arizona,40391,1,1,0,0,0,1,1,1,0,27,6,2015,7,12,50,0,1,Rural,5,Major Collector,2,County Highway Agency,4,County Road,CR-3140,,0,34.20054167,-109.72441389,0,No Special Jurisdiction (Includes National Forests Since 2008),99,Unknown,0,"Not Collision with Motor Vehicle in Transport (Not Necessarily in Transport for
2005-2009)",No,98,Not Reported,Unknown,None,98,Not Reported,1,Daylight,98,Not Reported,0,No Additional Atmospheric Conditions,98,Not Reported,No,0000000,99,99,99,99,99,99,0,None,0,None,0,None,1,0,2015-06-27 12:50:00+00:00,Siang (12-17),Akhir Pekan,Sabtu
18,Indiana,180027,1,1,0,0,0,2,2,39,1410,18,1,2015,1,4,40,0,2,Urban,5,Major Collector,2,County Highway Agency,4,County Road,CR-20,,0,41.656525,-86.00621389,0,No Special Jurisdiction (Includes National Forests Since 2008),42,Tree (Standing Only),0,"Not Collision with Motor Vehicle in Transport (Not Necessarily in Transport for
2005-2009)",No,1,Non-Junction,Not an Intersection,None,4,On Roadside,3,Dark – Lighted,3,"Sleet, Hail",0,No Additional Atmospheric Conditions,3,"Sleet, Hail",No,0000000,99,99,99,99,99,99,0,None,0,None,0,None,1,1,2015-01-18 04:40:00+00:00,Dini hari (00-05),Akhir Pekan,Minggu
29,Missouri,290802,1,1,0,0,0,1,1,21,7070,25,12,2015,6,2,33,0,2,Urban,5,Major Collector,4,City or Municipal Highway Agency,6,Local Street – Municipality,HIGHLY ST,17TH ST,3,39.77686389,-94.84036389,0,No Special Jurisdiction (Includes National Forests Since 2008),39,Wall,0,"Not Collision with Motor Vehicle in Transport (Not Necessarily in Transport for
2005-2009)",No,1,Non-Junction,Not an Intersection,None,4,On Roadside,3,Dark – Lighted,8,Other,10,Cloudy,8,Other,No,0000000,99,99,99,99,99,99,0,None,0,None,0,None,1,1,2015-12-25 02:33:00+00:00,Dini hari (00-05),Hari Kerja,Jumat
9,Connecticut,90055,1,1,0,0,0,1,1,15,550,17,4,2015,6,0,57,0,2,Urban,5,Major Collector,1,State Highway Agency,3,State Highway,SR-14A,,12,41.68719167,-71.94405278,0,No Special Jurisdiction (Includes National Forests Since 2008),42,Tree (Standing Only),0,"Not Collision with Motor Vehicle in Transport (Not Necessarily in Transport for
2005-2009)",No,1,Non-Junction,Not an Intersection,None,4,On Roadside,6,Dark – Unknown Lighting,98,Not Reported,0,No Additional Atmospheric Conditions,98,Not Reported,No,0000000,99,99,99,99,99,99,0,None,0,None,0,None,1,0,2015-04-17 00:57:00+00:00,Dini hari (00-05),Hari Kerja,Jumat
6,California,61116,1,1,0,0,0,2,2,85,3340,10,7,2015,6,10,46,0,2,Urban,5,Major Collector,98,Not Reported,6,Local Street – Municipality,RUBY AVE,,0,37.32519444,-121.78216667,0,No Special Jurisdiction (Includes National Forests Since 2008),39,Wall,0,"Not Collision with Motor Vehicle in Transport (Not Necessarily in Transport for
2005-2009)",No,1,Non-Junction,Not an Intersection,None,4,On Roadside,1,Daylight,98,Not Reported,0,No Additional Atmospheric Conditions,98,Not Reported,No,0000000,99,99,99,99,99,99,0,None,0,None,0,None,1,0,2015-07-10 10:46:00+00:00,Pagi (06-11),Hari Kerja,Jumat
41,Oregon,410395,1,1,0,1,1,1,1,11,0,29,9,2015,3,16,33,0,2,Urban,5,Major Collector,2,County Highway Agency,4,County Road,CR-LIBBY RD,,52,43.34107222,-124.30994444,0,No Special Jurisdiction (Includes National Forests Since 2008),8,Pedestrian,0,"Not Collision with Motor Vehicle in Transport (Not Necessarily in Transport for
2005-2009)",No,1,Non-Junction,Not an Intersection,None,1,On Roadway,1,Daylight,98,Not Reported,0,No Additional Atmospheric Conditions,98,Not Reported,No,0000000,16,33,16,41,88,88,0,None,0,None,0,None,1,0,2015-09-29 16:33:00+00:00,Siang (12-17),Hari Kerja,Selasa
51,Virginia,510579,1,1,0,1,1,2,2,171,0,13,11,2015,6,15,55,0,2,Urban,5,Major Collector,98,Not Reported,2,U.S. Highway,US-11,SIGNAL KNOB RD,3129,39.00194444,-78.34388889,0,No Special Jurisdiction (Includes National Forests Since 2008),9,Pedalcyclist,0,"Not Collision with Motor Vehicle in Transport (Not Necessarily in Transport for
2005-2009)",No,3,Intersection Related,Not Reported,None,1,On Roadway,1,Daylight,6,Severe Crosswinds,0,No Additional Atmospheric Conditions,6,Severe Crosswinds,No,0000000,15,56,16,0,16,33,0,None,0,None,0,None,1,0,2015-11-13 15:55:00+00:00,Siang (12-17),Hari Kerja,Jumat
42,Pennsylvania,420094,1,1,0,0,0,1,1,33,0,25,1,2015,1,1,50,0,1,Rural,6,Minor Collector,1,State Highway Agency,3,State Highway,SR-2023 OSHANTER TO GLEN R HWY,1ST AVE,26,40.94620278,-78.47478889,0,No Special Jurisdiction (Includes National Forests Since 2008),5,Fell/Jumped from Vehicle,0,"Not Collision with Motor Vehicle in Transport (Not Necessarily in Transport for
2005-2009)",No,2,Intersection,T-Intersection,None,1,On Roadway,3,Dark – Lighted,8,Other,0,No Additional Atmospheric Conditions,8,Other,No,0000000,99,99,99,99,88,88,0,None,0,None,0,None,1,1,2015-01-25 01:50:00+00:00,Dini hari (00-05),Akhir Pekan,Minggu
28,Mississippi,280076,1,1,0,0,0,1,1,149,0,23,2,2015,2,16,39,0,1,Rural,6,Minor Collector,2,County Highway Agency,4,County Road,CR-OAKRIDGE ROAD,,99998,32.40391667,-90.78651944,0,No Special Jurisdiction (Includes National Forests Since 2008),42,Tree (Standing Only),0,"Not Collision with Motor Vehicle in Transport (Not Necessarily in Transport for
2005-2009)",No,1,Non-Junction,Not an Intersection,None,4,On Roadside,1,Daylight,3,"Sleet, Hail",10,Cloudy,3,"Sleet, Hail",No,0000000,99,99,99,99,99,99,0,None,0,None,0,None,1,0,2015-02-23 16:39:00+00:00,Siang (12-17),Hari Kerja,Senin
41,Oregon,410405,1,1,0,0,0,1,1,31,0,30,11,2015,2,23,2,0,1,Rural,6,Minor Collector,2,County Highway Agency,4,County Road,CR-TENINO RD S,,0,44.75854444,-121.26659444,0,No Special Jurisdiction (Includes National Forests Since 2008),1,Rollover/Overturn,0,"Not Collision with Motor Vehicle in Transport (Not Necessarily in Transport for
2005-2009)",No,1,Non-Junction,Not an Intersection,None,4,On Roadside,2,Dark – Not Lighted,98,Not Reported,0,No Additional Atmospheric Conditions,98,Not Reported,No,0000000,99,99,99,99,88,88,0,None,0,None,0,None,1,1,2015-11-30 23:02:00+00:00,Malam (18-23),Hari Kerja,Senin
27,Minnesota,270165,1,1,0,0,0,1,1,137,0,27,6,2015,7,6,59,0,1,Rural,6,Minor Collector,2,County Highway Agency,4,County Road,CR-341 STEPETZ RD,,33,47.49351111,-92.28568611,0,No Special Jurisdiction (Includes National Forests Since 2008),1,Rollover/Overturn,0,"Not Collision with Motor Vehicle in Transport (Not Necessarily in Transport for
2005-2009)",No,1,Non-Junction,Not an Intersection,None,4,On Roadside,8,Not Reported,98,Not Reported,0,No Additional Atmospheric Conditions,98,Not Reported,No,0000000,99,99,99,99,88,88,0,None,0,None,0,None,1,1,2015-06-27 06:59:00+00:00,Pagi (06-11),Akhir Pekan,Sabtu
25,Massachusetts,250193,1,1,0,0,0,1,1,13,439,3,11,2015,3,14,38,0,1,Rural,6,Minor Collector,3,Town or Township Highway Agency,8,Other,BORDEN BROOK ROAD,,99998,42.12300556,-72.94264444,0,No Special Jurisdiction (Includes National Forests Since 2008),34,Ditch,0,"Not Collision with Motor Vehicle in Transport (Not Necessarily in Transport for
2005-2009)",No,1,Non-Junction,Not an Intersection,None,4,On Roadside,1,Daylight,98,Not Reported,0,No Additional Atmospheric Conditions,98,Not Reported,No,0000000,14,31,14,42,99,99,0,None,0,None,0,None,1,0,2015-11-03 14:38:00+00:00,Siang (12-17),Hari Kerja,Selasa
41,Oregon,410406,1,1,0,0,0,1,1,31,0,6,12,2015,1,15,55,0,1,Rural,6,Minor Collector,50,Indian Tribe Nation,4,County Road,CR-JACKSON TRAIL RD,,0,44.74815,-121.22711667,3,Indian Reservation,99,Unknown,98,Not Reported,No,98,Not Reported,Not Reported,None,98,Not Reported,1,Daylight,98,Not Reported,0,No Additional Atmospheric Conditions,98,Not Reported,No,8888888,99,99,99,99,88,88,0,None,0,None,0,None,1,1,2015-12-06 15:55:00+00:00,Siang (12-17),Akhir Pekan,Minggu
39,Ohio,390011,1,1,0,0,0,1,1,57,558,11,1,2015,1,20,0,0,2,Urban,6,Minor Collector,2,County Highway Agency,4,County Road,CR-20 FAIRGROUND RD,,0,39.73640278,-83.98141111,0,No Special Jurisdiction (Includes National Forests Since 2008),35,Embankment,0,"Not Collision with Motor Vehicle in Transport (Not Necessarily in Transport for
2005-2009)",No,1,Non-Junction,Not an Intersection,None,4,On Roadside,2,Dark – Not Lighted,3,"Sleet, Hail",0,No Additional Atmospheric Conditions,3,"Sleet, Hail",No,0000000,88,88,88,88,88,88,0,None,0,None,0,None,1,1,2015-01-11 20:00:00+00:00,Malam (18-23),Akhir Pekan,Minggu
28,Mississippi,280067,2,1,1,3,3,1,1,3,0,20,2,2015,6,13,37,1,1,Rural,3,Principal Arterial – Other,1,State Highway Agency,2,U.S. Highway,US-72,,99998,34.86159444,-88.40831944,0,No Special Jurisdiction (Includes National Forests Since 2008),51,Jackknife (Harmful to This Vehicle),0,"Not Collision with Motor Vehicle in Transport (Not Necessarily in Transport for
2005-2009)",No,1,Non-Junction,Not an Intersection,None,4,On Roadside,1,Daylight,2,Rain,3,"Sleet, Hail",3,"Sleet, Hail",No,0000000,13,37,14,51,15,17,23,Indication of a Stalled/Disabled Vehicle (Since 2008),0,None,0,None,2,0,2015-02-20 13:37:00+00:00,Siang (12-17),Hari Kerja,Jumat
48,Texas,480046,1,1,0,0,0,7,7,165,0,9,1,2015,6,7,33,1,1,Rural,3,Principal Arterial – Other,98,Not Reported,2,U.S. Highway,US-385,,318,32.53671944,-102.61803056,0,No Special Jurisdiction (Includes National Forests Since 2008),1,Rollover/Overturn,0,"Not Collision with Motor Vehicle in Transport (Not Necessarily in Transport for
2005-2009)",No,1,Non-Junction,Not an Intersection,None,4,On Roadside,4,Dawn,3,"Sleet, Hail",0,No Additional Atmospheric Conditions,3,"Sleet, Hail",No,0000000,7,33,7,51,8,38,0,None,0,None,0,None,2,0,2015-01-09 07:33:00+00:00,Pagi (06-11),Hari Kerja,Jumat
48,Texas,480357,1,1,0,0,0,3,3,135,0,22,2,2015,1,21,19,1,1,Rural,3,Principal Arterial – Other,98,Not Reported,2,U.S. Highway,US-385,,89,32.03045556,-102.43258333,0,No Special Jurisdiction (Includes National Forests Since 2008),1,Rollover/Overturn,0,"Not Collision with Motor Vehicle in Transport (Not Necessarily in Transport for
2005-2009)",No,1,Non-Junction,Not an Intersection,None,4,On Roadside,2,Dark – Not Lighted,3,"Sleet, Hail",0,No Additional Atmospheric Conditions,3,"Sleet, Hail",No,0000000,99,98,99,98,88,88,0,None,0,None,0,None,1,0,2015-02-22 21:19:00+00:00,Malam (18-23),Akhir Pekan,Minggu
20,Kansas,200329,1,1,0,0,0,1,1,113,0,26,12,2015,7,16,35,0,1,Rural,3,Principal Arterial – Other,1,State Highway Agency,2,U.S. Highway,US-56,,0,38.37690278,-97.38062222,0,No Special Jurisdiction (Includes National Forests Since 2008),42,Tree (Standing Only),0,"Not Collision with Motor Vehicle in Transport (Not Necessarily in Transport for
2005-2009)",No,1,Non-Junction,Not an Intersection,None,4,On Roadside,1,Daylight,3,"Sleet, Hail",12,Freezing Rain or Drizzle,3,"Sleet, Hail",No,0000000,16,45,16,50,18,5,0,None,0,None,0,None,1,0,2015-12-26 16:35:00+00:00,Siang (12-17),Akhir Pekan,Sabtu
47,Tennessee,470031,1,1,0,0,0,3,3,151,1880,24,1,2015,7,1,26,1,1,Rural,3,Principal Arterial – Other,1,State Highway Agency,2,U.S. Highway,US-27 SR-29 ALBERTA ST,,223,36.53783889,-84.46851111,0,No Special Jurisdiction (Includes National Forests Since 2008),42,Tree (Standing Only),0,"Not Collision with Motor Vehicle in Transport (Not Necessarily in Transport for
2005-2009)",No,1,Non-Junction,Not an Intersection,None,4,On Roadside,2,Dark – Not Lighted,3,"Sleet, Hail",0,No Additional Atmospheric Conditions,3,"Sleet, Hail",No,0000000,99,99,99,99,99,99,0,None,0,None,0,None,1,0,2015-01-24 01:26:00+00:00,Dini hari (00-05),Akhir Pekan,Sabtu
48,Texas,480361,1,1,0,0,0,2,2,329,4560,22,2,2015,1,16,1,1,1,Rural,3,Principal Arterial – Other,98,Not Reported,3,State Highway,SR-191 ANDREWS HWY,,83,31.98775833,-102.19524444,0,No Special Jurisdiction (Includes National Forests Since 2008),1,Rollover/Overturn,0,"Not Collision with Motor Vehicle in Transport (Not Necessarily in Transport for
2005-2009)",No,1,Non-Junction,Not an Intersection,None,10,Separator,1,Daylight,3,"Sleet, Hail",0,No Additional Atmospheric Conditions,3,"Sleet, Hail",No,0000000,99,99,99,99,99,99,0,None,0,None,0,None,1,0,2015-02-22 16:01:00+00:00,Siang (12-17),Akhir Pekan,Minggu
37,North Carolina,370064,1,1,0,0,0,2,2,197,0,14,1,2015,4,6,26,0,1,Rural,3,Principal Arterial – Other,99,Unknown,3,State Highway,SR-1331,,0,36.21525833,-80.7787,0,No Special Jurisdiction (Includes National Forests Since 2008),42,Tree (Standing Only),0,"Not Collision with Motor Vehicle in Transport (Not Necessarily in Transport for
2005-2009)",No,1,Non-Junction,Not an Intersection,None,4,On Roadside,2,Dark – Not Lighted,3,"Sleet, Hail",12,Freezing Rain or Drizzle,3,"Sleet, Hail",No,0000000,6,56,7,7,8,3,0,None,0,None,0,None,1,0,2015-01-14 06:26:00+00:00,Pagi (06-11),Hari Kerja,Rabu
37,North Carolina,370126,1,1,0,0,0,2,2,133,0,24,2,2015,3,11,59,0,1,Rural,3,Principal Arterial – Other,99,Unknown,3,State Highway,SR-1107,,0,34.697225,-77.560425,0,No Special Jurisdiction (Includes National Forests Since 2008),42,Tree (Standing Only),0,"Not Collision with Motor Vehicle in Transport (Not Necessarily in Transport for
2005-2009)",No,1,Non-Junction,Not an Intersection,None,4,On Roadside,1,Daylight,3,"Sleet, Hail",0,No Additional Atmospheric Conditions,3,"Sleet, Hail",No,0000000,11,54,12,10,12,46,0,None,0,None,0,None,1,0,2015-02-24 11:59:00+00:00,Pagi (06-11),Hari Kerja,Selasa
4,Arizona,40282,1,1,0,0,0,1,1,5,0,8,5,2015,6,12,28,1,1,Rural,3,Principal Arterial – Other,1,State Highway Agency,2,U.S. Highway,US-89,,4398,35.50431667,-111.54928889,0,No Special Jurisdiction (Includes National Forests Since 2008),1,Rollover/Overturn,0,"Not Collision with Motor Vehicle in Transport (Not Necessarily in Transport for
2005-2009)",No,1,Non-Junction,Not an Intersection,None,4,On Roadside,1,Daylight,6,Severe Crosswinds,0,No Additional Atmospheric Conditions,6,Severe Crosswinds,No,0000000,12,28,12,45,88,88,0,None,0,None,0,None,1,0,2015-05-08 12:28:00+00:00,Siang (12-17),Hari Kerja,Jumat
30,Montana,300185,1,1,0,0,0,2,2,57,0,22,11,2015,1,16,42,0,1,Rural,3,Principal Arterial – Other,1,State Highway Agency,2,U.S. Highway,US-287,,266,45.04250278,-111.64821111,0,No Special Jurisdiction (Includes National Forests Since 2008),31,"Other Post, Other Pole, or Other Support",0,"Not Collision with Motor Vehicle in Transport (Not Necessarily in Transport for
2005-2009)",No,1,Non-Junction,Not an Intersection,None,4,On Roadside,1,Daylight,6,Severe Crosswinds,0,No Additional Atmospheric Conditions,6,Severe Crosswinds,No,0000000,16,51,17,23,18,13,0,None,0,None,0,None,1,0,2015-11-22 16:42:00+00:00,Siang (12-17),Akhir Pekan,Minggu
8,Colorado,80497,1,1,0,0,0,1,1,49,0,21,12,2015,2,9,50,1,1,Rural,3,Principal Arterial – Other,1,State Highway Agency,2,U.S. Highway,US-40,,1953,40.06530556,-106.19505556,0,No Special Jurisdiction (Includes National Forests Since 2008),1,Rollover/Overturn,0,"Not Collision with Motor Vehicle in Transport (Not Necessarily in Transport for
2005-2009)",No,1,Non-Junction,Not an Intersection,None,4,On Roadside,1,Daylight,6,Severe Crosswinds,0,No Additional Atmospheric Conditions,6,Severe Crosswinds,No,0000000,9,59,10,8,88,88,0,None,0,None,0,None,1,1,2015-12-21 09:50:00+00:00,Pagi (06-11),Hari Kerja,Senin
29,Missouri,290081,1,1,0,0,0,1,1,151,0,20,2,2015,6,21,53,0,1,Rural,3,Principal Arterial – Other,1,State Highway Agency,2,U.S. Highway,US-63,,16,38.47486111,-92.00469444,0,No Special Jurisdiction (Includes National Forests Since 2008),35,Embankment,0,"Not Collision with Motor Vehicle in Transport (Not Necessarily in Transport for
2005-2009)",No,1,Non-Junction,Not an Intersection,None,4,On Roadside,2,Dark – Not Lighted,8,Other,3,"Sleet, Hail",3,"Sleet, Hail",No,0000000,21,53,21,57,22,34,0,None,0,None,0,None,1,0,2015-02-20 21:53:00+00:00,Malam (18-23),Hari Kerja,Jumat
27,Minnesota,270013,2,1,1,0,1,1,2,137,0,28,1,2015,4,21,48,1,1,Rural,3,Principal Arterial – Other,1,State Highway Agency,2,U.S. Highway,US-2,,2227,46.9024,-92.889875,0,No Special Jurisdiction (Includes National Forests Since 2008),45,Working Motor Vehicle,0,"Not Collision with Motor Vehicle in Transport (Not Necessarily in Transport for
2005-2009)",No,1,Non-Junction,Not an Intersection,Maintenance,1,On Roadway,2,Dark – Not Lighted,8,Other,0,No Additional Atmospheric Conditions,8,Other,No,0000000,21,51,22,11,22,53,0,None,0,None,0,None,1,0,2015-01-28 21:48:00+00:00,Malam (18-23),Hari Kerja,Rabu
42,Pennsylvania,420945,1,1,0,0,0,1,1,121,0,9,12,2015,4,6,43,1,1,Rural,3,Principal Arterial – Other,99,Unknown,2,U.S. Highway,US-322 TWENTYEIGHTH DIVISI HWY,,211,41.33770278,-79.68574722,0,No Special Jurisdiction (Includes National Forests Since 2008),18,Other Object (Not Fixed),0,"Not Collision with Motor Vehicle in Transport (Not Necessarily in Transport for
2005-2009)",No,1,Non-Junction,Not an Intersection,None,4,On Roadside,4,Dawn,8,Other,0,No Additional Atmospheric Conditions,8,Other,No,0000000,6,41,6,45,88,88,0,None,0,None,0,None,1,0,2015-12-09 06:43:00+00:00,Pagi (06-11),Hari Kerja,Rabu
6,California,60765,1,1,0,0,0,1,1,37,0,26,5,2015,3,6,15,0,1,Rural,3,Principal Arterial – Other,98,Not Reported,4,County Road,CR-SLAUSON AVE,,0,33.98898056,-118.37795,0,No Special Jurisdiction (Includes National Forests Since 2008),1,Rollover/Overturn,0,"Not Collision with Motor Vehicle in Transport (Not Necessarily in Transport for
2005-2009)",No,1,Non-Junction,Not an Intersection,None,4,On Roadside,1,Daylight,8,Other,0,No Additional Atmospheric Conditions,8,Other,No,0000000,99,99,99,99,99,99,0,None,0,None,0,None,1,0,2015-05-26 06:15:00+00:00,Pagi (06-11),Hari Kerja,Selasa
30,Montana,300177,1,1,0,0,0,2,2,57,0,8,11,2015,1,10,15,0,1,Rural,3,Principal Arterial – Other,1,State Highway Agency,2,U.S. Highway,US-287,,220,44.98654722,-111.64838889,0,No Special Jurisdiction (Includes National Forests Since 2008),1,Rollover/Overturn,0,"Not Collision with Motor Vehicle in Transport (Not Necessarily in Transport for
2005-2009)",No,1,Non-Junction,Not an Intersection,None,4,On Roadside,1,Daylight,11,Blowing Snow,0,No Additional Atmospheric Conditions,11,Blowing Snow,No,0000000,10,15,10,52,11,54,0,None,0,None,0,None,1,0,2015-11-08 10:15:00+00:00,Pagi (06-11),Akhir Pekan,Minggu
55,Wisconsin,550008,1,1,0,0,0,2,2,135,0,9,1,2015,6,9,4,1,1,Rural,3,Principal Arterial – Other,1,State Highway Agency,2,U.S. Highway,US-10,,0,44.26328611,-88.91235556,0,No Special Jurisdiction (Includes National Forests Since 2008),24,Guardrail Face,0,"Not Collision with Motor Vehicle in Transport (Not Necessarily in Transport for
2005-2009)",No,1,Non-Junction,Not an Intersection,None,3,On Median,1,Daylight,11,Blowing Snow,0,No Additional Atmospheric Conditions,11,Blowing Snow,No,0000000,99,99,99,99,99,99,0,None,0,None,0,None,1,0,2015-01-09 09:04:00+00:00,Pagi (06-11),Hari Kerja,Jumat
5,Arkansas,50058,1,1,0,0,0,1,1,17,0,16,2,2015,2,17,2,1,1,Rural,3,Principal Arterial – Other,98,Not Reported,2,U.S. Highway,US-82-11,,19,33.26938056,-91.22075278,0,No Special Jurisdiction (Includes National Forests Since 2008),32,Culvert,0,"Not Collision with Motor Vehicle in Transport (Not Necessarily in Transport for
2005-2009)",No,1,Non-Junction,Not an Intersection,None,5,Outside Trafficway,1,Daylight,12,Freezing Rain or Drizzle,0,No Additional Atmospheric Conditions,12,Freezing Rain or Drizzle,No,0000000,17,4,17,11,99,99,0,None,0,None,0,None,1,0,2015-02-16 17:02:00+00:00,Siang (12-17),Hari Kerja,Senin
20,Kansas,200296,1,1,0,0,0,3,3,83,2290,26,11,2015,5,13,55,0,1,Rural,3,Principal Arterial – Other,1,State Highway Agency,3,State Highway,SR-156,,630,38.09416944,-99.75971389,0,No Special Jurisdiction (Includes National Forests Since 2008),1,Rollover/Overturn,0,"Not Collision with Motor Vehicle in Transport (Not Necessarily in Transport for
2005-2009)",No,1,Non-Junction,Not an Intersection,None,4,On Roadside,1,Daylight,12,Freezing Rain or Drizzle,0,No Additional Atmospheric Conditions,12,Freezing Rain or Drizzle,No,0000000,14,8,14,43,14,53,0,None,0,None,0,None,1,0,2015-11-26 13:55:00+00:00,Siang (12-17),Hari Kerja,Kamis
48,Texas,481668,1,1,0,0,0,1,1,27,5920,11,7,2015,7,6,20,1,1,Rural,3,Principal Arterial – Other,98,Not Reported,2,U.S. Highway,US-190/MESQUITE AVE,,85,30.93987778,-97.23821667,0,No Special Jurisdiction (Includes National Forests Since 2008),59,Traffic Sign Support,0,"Not Collision with Motor Vehicle in Transport (Not Necessarily in Transport for
2005-2009)",No,1,Non-Junction,Not an Intersection,None,4,On Roadside,8,Not Reported,98,Not Reported,0,No Additional Atmospheric Conditions,98,Not Reported,No,0000000,99,98,99,98,88,88,0,None,0,None,0,None,1,1,2015-07-11 06:20:00+00:00,Pagi (06-11),Akhir Pekan,Sabtu
41,Oregon,410262,1,1,0,0,0,2,2,25,0,24,9,2015,5,20,12,1,1,Rural,3,Principal Arterial – Other,1,State Highway Agency,2,U.S. Highway,US-20 (ODOT 7),,1145,43.53169444,-119.31376389,0,No Special Jurisdiction (Includes National Forests Since 2008),1,Rollover/Overturn,0,"Not Collision with Motor Vehicle in Transport (Not Necessarily in Transport for
2005-2009)",No,1,Non-Junction,Not an Intersection,None,4,On Roadside,2,Dark – Not Lighted,98,Not Reported,0,No Additional Atmospheric Conditions,98,Not Reported,No,0000000,20,12,20,45,88,88,0,None,0,None,0,None,2,1,2015-09-24 20:12:00+00:00,Malam (18-23),Hari Kerja,Kamis
41,Oregon,410272,1,1,0,0,0,1,1,55,0,3,10,2015,7,0,30,1,1,Rural,3,Principal Arterial – Other,1,State Highway Agency,2,U.S. Highway,US-97 (ODOT 42),,37,45.55951944,-120.69107222,0,No Special Jurisdiction (Includes National Forests Since 2008),1,Rollover/Overturn,0,"Not Collision with Motor Vehicle in Transport (Not Necessarily in Transport for
2005-2009)",No,1,Non-Junction,Not an Intersection,None,4,On Roadside,2,Dark – Not Lighted,98,Not Reported,0,No Additional Atmospheric Conditions,98,Not Reported,No,0000000,99,99,99,99,88,88,0,None,0,None,0,None,1,1,2015-10-03 00:30:00+00:00,Dini hari (00-05),Akhir Pekan,Sabtu
41,Oregon,410084,1,1,0,0,0,1,1,19,0,11,4,2015,7,14,0,1,1,Rural,3,Principal Arterial – Other,1,State Highway Agency,3,State Highway,SR-38 (ODOT 45),,488,43.6616,-123.34694722,0,No Special Jurisdiction (Includes National Forests Since 2008),42,Tree (Standing Only),0,"Not Collision with Motor Vehicle in Transport (Not Necessarily in Transport for
2005-2009)",No,1,Non-Junction,Not an Intersection,None,4,On Roadside,1,Daylight,98,Not Reported,0,No Additional Atmospheric Conditions,98,Not Reported,No,0000000,14,51,15,2,88,88,0,None,0,None,0,None,1,0,2015-04-11 14:00:00+00:00,Siang (12-17),Akhir Pekan,Sabtu
41,Oregon,410305,1,1,0,0,0,1,1,57,0,16,11,2015,2,18,20,1,1,Rural,3,Principal Arterial – Other,1,State Highway Agency,3,State Highway,SR-18 (ODOT 39),,110,45.05197222,-123.77776667,0,No Special Jurisdiction (Includes National Forests Since 2008),42,Tree (Standing Only),0,"Not Collision with Motor Vehicle in Transport (Not Necessarily in Transport for
2005-2009)",No,1,Non-Junction,Not an Intersection,None,4,On Roadside,2,Dark – Not Lighted,98,Not Reported,0,No Additional Atmospheric Conditions,98,Not Reported,No,0000000,18,20,18,38,88,88,0,None,0,None,0,None,1,0,2015-11-16 18:20:00+00:00,Malam (18-23),Hari Kerja,Senin
5,Arkansas,50071,1,1,0,0,0,3,3,89,0,28,2,2015,7,16,5,1,1,Rural,3,Principal Arterial – Other,98,Not Reported,2,U.S. Highway,US-62-08,RITA LN.,48,36.25291667,-92.81085,0,No Special Jurisdiction (Includes National Forests Since 2008),42,Tree (Standing Only),0,"Not Collision with Motor Vehicle in Transport (Not Necessarily in Transport for
2005-2009)",No,3,Intersection Related,T-Intersection,None,4,On Roadside,1,Daylight,3,"Sleet, Hail",0,No Additional Atmospheric Conditions,3,"Sleet, Hail",No,0000000,16,10,16,36,99,99,0,None,0,None,0,None,1,0,2015-02-28 16:05:00+00:00,Siang (12-17),Akhir Pekan,Sabtu
37,North Carolina,370839,1,1,0,0,0,1,1,51,0,10,9,2015,5,14,32,0,1,Rural,3,Principal Arterial – Other,99,Unknown,3,State Highway,SR-1704,SR-1609,0,35.21292778,-78.82135833,0,No Special Jurisdiction (Includes National Forests Since 2008),34,Ditch,0,"Not Collision with Motor Vehicle in Transport (Not Necessarily in Transport for
2005-2009)",No,3,Intersection Related,T-Intersection,None,4,On Roadside,9,Unknown,8,Other,0,No Additional Atmospheric Conditions,8,Other,No,0000000,99,99,99,99,88,88,0,None,0,None,0,None,1,1,2015-09-10 14:32:00+00:00,Siang (12-17),Hari Kerja,Kamis
42,Pennsylvania,420091,1,1,0,0,0,1,1,111,0,25,1,2015,1,0,55,1,1,Rural,3,Principal Arterial – Other,99,Unknown,2,U.S. Highway,US-219 FLIGHT 93 MEMORIAL HWY,,465,40.21805556,-78.940025,0,No Special Jurisdiction (Includes National Forests Since 2008),1,Rollover/Overturn,0,"Not Collision with Motor Vehicle in Transport (Not Necessarily in Transport for
2005-2009)",Yes,19,Other Location Within Interchange Area,Not an Intersection,None,3,On Median,3,Dark – Lighted,3,"Sleet, Hail",0,No Additional Atmospheric Conditions,3,"Sleet, Hail",No,0000000,0,55,1,4,88,88,0,None,0,None,0,None,1,1,2015-01-25 00:55:00+00:00,Dini hari (00-05),Akhir Pekan,Minggu
13,Georgia,130976,1,1,0,0,0,1,1,121,0,4,10,2015,1,4,2,1,2,Urban,3,Principal Arterial – Other,1,State Highway Agency,3,State Highway,SR-6 / CAMP CREEK PKWY,,41,33.68420556,-84.56584444,0,No Special Jurisdiction (Includes National Forests Since 2008),34,Ditch,0,"Not Collision with Motor Vehicle in Transport (Not Necessarily in Transport for
2005-2009)",No,1,Non-Junction,Not an Intersection,Construction,4,On Roadside,2,Dark – Not Lighted,8,Other,0,No Additional Atmospheric Conditions,8,Other,No,0000000,99,98,99,98,88,88,0,None,0,None,0,None,1,0,2015-10-04 04:02:00+00:00,Dini hari (00-05),Akhir Pekan,Minggu
29,Missouri,290755,1,1,0,0,0,3,3,47,4120,28,11,2015,7,8,40,1,2,Urban,3,Principal Arterial – Other,1,State Highway Agency,3,State Highway,SR-210,,155,39.15474722,-94.47167222,0,No Special Jurisdiction (Includes National Forests Since 2008),33,Curb,0,"Not Collision with Motor Vehicle in Transport (Not Necessarily in Transport for
2005-2009)",No,1,Non-Junction,Not an Intersection,None,3,On Median,1,Daylight,8,Other,0,No Additional Atmospheric Conditions,8,Other,No,0000000,8,41,8,48,9,3,0,None,0,None,0,None,1,0,2015-11-28 08:40:00+00:00,Pagi (06-11),Akhir Pekan,Sabtu
9,Connecticut,90044,1,1,0,0,0,1,1,9,430,18,1,2015,1,7,58,1,2,Urban,3,Principal Arterial – Other,1,State Highway Agency,3,State Highway,SR-706,,1,41.30715,-72.93807778,0,No Special Jurisdiction (Includes National Forests Since 2008),30,Utility Pole/Light Support,0,"Not Collision with Motor Vehicle in Transport (Not Necessarily in Transport for
2005-2009)",No,1,Non-Junction,Not an Intersection,None,4,On Roadside,1,Daylight,12,Freezing Rain or Drizzle,0,No Additional Atmospheric Conditions,12,Freezing Rain or Drizzle,No,0000000,7,57,8,10,99,99,0,None,0,None,0,None,1,0,2015-01-18 07:58:00+00:00,Pagi (06-11),Akhir Pekan,Minggu
51,Virginia,510714,1,1,0,0,0,2,2,59,0,18,12,2015,6,23,2,1,2,Urban,3,Principal Arterial – Other,98,Not Reported,3,State Highway,SR-289/RAMP,BACKLICK RD,17,38.76582222,-77.18430833,0,No Special Jurisdiction (Includes National Forests Since 2008),42,Tree (Standing Only),0,"Not Collision with Motor Vehicle in Transport (Not Necessarily in Transport for
2005-2009)",No,1,Non-Junction,Not an Intersection,None,4,On Roadside,3,Dark – Lighted,98,Not Reported,0,No Additional Atmospheric Conditions,98,Not Reported,No,0000000,99,99,99,99,99,99,0,None,0,None,0,None,1,0,2015-12-18 23:02:00+00:00,Malam (18-23),Hari Kerja,Jumat
41,Oregon,410383,1,1,0,0,0,1,1,51,880,18,8,2015,3,1,46,1,2,Urban,3,Principal Arterial – Other,4,City or Municipal Highway Agency,6,Local Street – Municipality,NE GLISAN ST,,0,45.5264,-122.49494167,0,No Special Jurisdiction (Includes National Forests Since 2008),30,Utility Pole/Light Support,0,"Not Collision with Motor Vehicle in Transport (Not Necessarily in Transport for
2005-2009)",No,1,Non-Junction,Not an Intersection,None,4,On Roadside,3,Dark – Lighted,98,Not Reported,0,No Additional Atmospheric Conditions,98,Not Reported,No,0000000,1,54,1,54,88,88,0,None,0,None,0,None,1,0,2015-08-18 01:46:00+00:00,Dini hari (00-05),Hari Kerja,Selasa
6,California,62197,1,1,0,0,0,3,3,85,3340,9,11,2015,2,3,55,0,2,Urban,3,Principal Arterial – Other,98,Not Reported,6,Local Street – Municipality,ALMADEN EXPRESSWAY,,0,37.22743611,-121.86945,0,No Special Jurisdiction (Includes National Forests Since 2008),42,Tree (Standing Only),0,"Not Collision with Motor Vehicle in Transport (Not Necessarily in Transport for
2005-2009)",No,1,Non-Junction,Not an Intersection,None,3,On Median,2,Dark – Not Lighted,98,Not Reported,0,No Additional Atmospheric Conditions,98,Not Reported,No,0000000,99,99,99,99,99,99,0,None,0,None,0,None,1,0,2015-11-09 03:55:00+00:00,Dini hari (00-05),Hari Kerja,Senin
25,Massachusetts,250027,1,1,0,0,0,1,1,25,120,5,4,2015,1,15,54,0,2,Urban,3,Principal Arterial – Other,1,State Highway Agency,8,Other,CHARLESGATE EAST ON RAMP,,99998,42.35095,-71.09137778,0,No Special Jurisdiction (Includes National Forests Since 2008),18,Other Object (Not Fixed),0,"Not Collision with Motor Vehicle in Transport (Not Necessarily in Transport for
2005-2009)",No,20,Entrance/Exit Ramp,Not an Intersection,None,1,On Roadway,1,Daylight,98,Not Reported,0,No Additional Atmospheric Conditions,98,Not Reported,No,0000000,99,99,99,99,99,99,0,None,0,None,0,None,1,0,2015-04-05 15:54:00+00:00,Siang (12-17),Akhir Pekan,Minggu
48,Texas,482818,1,1,0,0,0,1,1,49,950,21,11,2015,7,11,18,1,2,Urban,3,Principal Arterial – Other,98,Not Reported,8,Other,FM 2524 AUSTIN AVE,DUKE ST,103,31.72856667,-98.98996389,0,No Special Jurisdiction (Includes National Forests Since 2008),33,Curb,0,"Not Collision with Motor Vehicle in Transport (Not Necessarily in Transport for
2005-2009)",No,3,Intersection Related,T-Intersection,None,4,On Roadside,1,Daylight,6,Severe Crosswinds,0,No Additional Atmospheric Conditions,6,Severe Crosswinds,No,0000000,11,20,11,26,11,57,0,None,0,None,0,None,1,0,2015-11-21 11:18:00+00:00,Pagi (06-11),Akhir Pekan,Sabtu
19,Iowa,190246,1,1,0,0,0,7,7,79,0,16,11,2015,2,23,58,1,2,Urban,3,Principal Arterial – Other,1,State Highway Agency,2,U.S. Highway,US-20 RAMP,,0,42.44928333,-93.80898611,0,No Special Jurisdiction (Includes National Forests Since 2008),1,Rollover/Overturn,0,"Not Collision with Motor Vehicle in Transport (Not Necessarily in Transport for
2005-2009)",Yes,5,Entrance/Exit Ramp Related,Not an Intersection,None,4,On Roadside,2,Dark – Not Lighted,10,Cloudy,12,Freezing Rain or Drizzle,12,Freezing Rain or Drizzle,No,0000000,23,57,23,59,99,99,0,None,0,None,0,None,2,0,2015-11-16 23:58:00+00:00,Malam (18-23),Hari Kerja,Senin
37,North Carolina,370025,1,1,0,1,1,4,4,85,0,23,1,2015,6,19,29,0,1,Rural,3,Principal Arterial – Other,99,Unknown,3,State Highway,SR-1002,,0,35.27055556,-78.61728889,0,No Special Jurisdiction (Includes National Forests Since 2008),9,Pedalcyclist,0,"Not Collision with Motor Vehicle in Transport (Not Necessarily in Transport for
2005-2009)",No,1,Non-Junction,Not an Intersection,None,1,On Roadway,2,Dark – Not Lighted,3,"Sleet, Hail",0,No Additional Atmospheric Conditions,3,"Sleet, Hail",No,0000000,19,20,19,24,19,26,0,None,0,None,0,None,1,0,2015-01-23 19:29:00+00:00,Malam (18-23),Hari Kerja,Jumat
29,Missouri,290019,1,1,0,1,1,1,1,159,0,12,1,2015,2,6,59,0,1,Rural,3,Principal Arterial – Other,1,State Highway Agency,2,U.S. Highway,US-50,,4,38.76627778,-93.49444444,0,No Special Jurisdiction (Includes National Forests Since 2008),8,Pedestrian,0,"Not Collision with Motor Vehicle in Transport (Not Necessarily in Transport for
2005-2009)",No,1,Non-Junction,Not an Intersection,None,1,On Roadway,2,Dark – Not Lighted,8,Other,0,No Additional Atmospheric Conditions,8,Other,No,0000000,99,98,99,98,88,88,19,Recent Previous Crash Scene Nearby (Since 1989),0,None,0,None,1,0,2015-01-12 06:59:00+00:00,Pagi (06-11),Hari Kerja,Senin
41,Oregon,410331,1,1,0,1,1,1,1,43,0,22,11,2015,1,0,30,1,1,Rural,3,Principal Arterial – Other,1,State Highway Agency,3,State Highway,SR-34 (ODOT 210),,5,44.564,-123.22423889,0,No Special Jurisdiction (Includes National Forests Since 2008),8,Pedestrian,0,"Not Collision with Motor Vehicle in Transport (Not Necessarily in Transport for
2005-2009)",No,1,Non-Junction,Not an Intersection,None,1,On Roadway,2,Dark – Not Lighted,98,Not Reported,0,No Additional Atmospheric Conditions,98,Not Reported,No,0000000,10,10,10,10,88,88,0,None,0,None,0,None,1,0,2015-11-22 00:30:00+00:00,Dini hari (00-05),Akhir Pekan,Minggu
55,Wisconsin,550028,1,1,0,1,1,1,1,5,0,28,1,2015,4,23,45,1,1,Rural,3,Principal Arterial – Other,1,State Highway Agency,2,U.S. Highway,US-8,3 3/4TH ST,0,45.40958333,-92.07920278,0,No Special Jurisdiction (Includes National Forests Since 2008),8,Pedestrian,0,"Not Collision with Motor Vehicle in Transport (Not Necessarily in Transport for
2005-2009)",No,3,Intersection Related,T-Intersection,None,1,On Roadway,2,Dark – Not Lighted,3,"Sleet, Hail",12,Freezing Rain or Drizzle,3,"Sleet, Hail",No,0000000,88,88,88,88,88,88,0,None,0,None,0,None,1,0,2015-01-28 23:45:00+00:00,Malam (18-23),Hari Kerja,Rabu
6,California,61084,1,1,0,1,1,1,1,87,4100,4,7,2015,7,4,48,0,2,Urban,3,Principal Arterial – Other,98,Not Reported,6,Local Street – Municipality,MAIN ST,CROSSROADS SQ,0,36.91804167,-121.78066667,0,No Special Jurisdiction (Includes National Forests Since 2008),8,Pedestrian,0,"Not Collision with Motor Vehicle in Transport (Not Necessarily in Transport for
2005-2009)",No,2,Intersection,T-Intersection,None,1,On Roadway,3,Dark – Lighted,8,Other,0,No Additional Atmospheric Conditions,8,Other,No,0000000,99,99,99,99,88,88,0,None,0,None,0,None,1,0,2015-07-04 04:48:00+00:00,Dini hari (00-05),Akhir Pekan,Sabtu
25,Massachusetts,250336,1,1,0,1,1,1,1,25,120,3,12,2015,5,18,20,1,2,Urban,3,Principal Arterial – Other,4,City or Municipal Highway Agency,2,U.S. Highway,US-20 COMMONWEALTH AVE,AGGANIS WAY,99998,42.35060833,-71.11093333,0,No Special Jurisdiction (Includes National Forests Since 2008),8,Pedestrian,0,"Not Collision with Motor Vehicle in Transport (Not Necessarily in Transport for
2005-2009)",No,2,Intersection,Four-Way Intersection,None,1,On Roadway,5,Dusk,98,Not Reported,0,No Additional Atmospheric Conditions,98,Not Reported,No,0000000,99,99,99,99,99,99,0,None,0,None,0,None,1,0,2015-12-03 18:20:00+00:00,Malam (18-23),Hari Kerja,Kamis
5,Arkansas,50020,1,1,0,1,1,1,1,89,4270,20,1,2015,3,17,51,0,2,Urban,3,Principal Arterial – Other,1,State Highway Agency,3,State Highway,SR-14-03,CS- POTTER ST.,3,36.22135556,-92.68028611,0,No Special Jurisdiction (Includes National Forests Since 2008),8,Pedestrian,0,"Not Collision with Motor Vehicle in Transport (Not Necessarily in Transport for
2005-2009)",No,2,Intersection,Four-Way Intersection,None,1,On Roadway,6,Dark – Unknown Lighting,98,Not Reported,0,No Additional Atmospheric Conditions,98,Not Reported,No,0000000,17,57,18,3,99,99,0,None,0,None,0,None,1,0,2015-01-20 17:51:00+00:00,Siang (12-17),Hari Kerja,Selasa
35,New Mexico,350047,1,1,0,1,1,1,1,25,410,22,3,2015,1,17,51,0,2,Urban,3,Principal Arterial – Other,4,City or Municipal Highway Agency,6,Local Street – Municipality,W NAVAJO,N FOWLER,0,32.74020278,-103.13627778,0,No Special Jurisdiction (Includes National Forests Since 2008),9,Pedalcyclist,0,"Not Collision with Motor Vehicle in Transport (Not Necessarily in Transport for
2005-2009)",No,2,Intersection,Four-Way Intersection,None,1,On Roadway,1,Daylight,98,Not Reported,0,No Additional Atmospheric Conditions,98,Not Reported,No,0000000,17,53,17,57,18,11,0,None,0,None,0,None,1,1,2015-03-22 17:51:00+00:00,Siang (12-17),Akhir Pekan,Minggu
22,Louisiana,220104,1,1,0,1,1,1,1,73,1560,5,3,2015,5,4,22,1,2,Urban,3,Principal Arterial – Other,1,State Highway Agency,2,U.S. Highway,US-165 STERLINGTON RD,,1797,32.53846944,-92.07846944,0,No Special Jurisdiction (Includes National Forests Since 2008),8,Pedestrian,0,"Not Collision with Motor Vehicle in Transport (Not Necessarily in Transport for
2005-2009)",No,1,Non-Junction,Not an Intersection,None,1,On Roadway,3,Dark – Lighted,3,"Sleet, Hail",6,Severe Crosswinds,3,"Sleet, Hail",No,0000000,4,23,4,29,4,51,0,None,0,None,0,None,1,0,2015-03-05 04:22:00+00:00,Dini hari (00-05),Hari Kerja,Kamis
37,North Carolina,371119,1,1,0,1,1,1,1,125,10,30,11,2015,2,21,40,1,2,Urban,3,Principal Arterial – Other,1,State Highway Agency,2,U.S. Highway,US-1,,0,35.15620278,-79.41824167,0,No Special Jurisdiction (Includes National Forests Since 2008),8,Pedestrian,0,"Not Collision with Motor Vehicle in Transport (Not Necessarily in Transport for
2005-2009)",No,1,Non-Junction,Not an Intersection,None,1,On Roadway,3,Dark – Lighted,3,"Sleet, Hail",10,Cloudy,3,"Sleet, Hail",No,0000000,99,99,99,99,99,99,0,None,0,None,0,None,1,0,2015-11-30 21:40:00+00:00,Malam (18-23),Hari Kerja,Senin
36,New York,360903,1,1,0,1,1,1,1,29,1512,27,11,2015,6,19,15,0,2,Urban,3,Principal Arterial – Other,1,State Highway Agency,3,State Highway,SR-5,,0,42.69810833,-78.986825,0,No Special Jurisdiction (Includes National Forests Since 2008),8,Pedestrian,0,"Not Collision with Motor Vehicle in Transport (Not Necessarily in Transport for
2005-2009)",No,1,Non-Junction,Not an Intersection,None,1,On Roadway,3,Dark – Lighted,12,Freezing Rain or Drizzle,10,Cloudy,12,Freezing Rain or Drizzle,No,0000000,19,15,19,20,19,50,0,None,0,None,0,None,1,0,2015-11-27 19:15:00+00:00,Malam (18-23),Hari Kerja,Jumat
41,Oregon,410415,1,1,0,1,1,1,1,11,1510,31,12,2015,5,1,35,1,2,Urban,3,Principal Arterial – Other,1,State Highway Agency,2,U.S. Highway,US-101 (ODOT 9),,2350,43.40465833,-124.22333889,0,No Special Jurisdiction (Includes National Forests Since 2008),8,Pedestrian,0,"Not Collision with Motor Vehicle in Transport (Not Necessarily in Transport for
2005-2009)",No,1,Non-Junction,Not an Intersection,None,1,On Roadway,2,Dark – Not Lighted,98,Not Reported,0,No Additional Atmospheric Conditions,98,Not Reported,No,0000000,1,35,1,39,88,88,0,None,0,None,0,None,1,1,2015-12-31 01:35:00+00:00,Dini hari (00-05),Hari Kerja,Kamis
12,Florida,121522,1,1,0,1,1,1,1,5,431,24,4,2015,6,20,28,1,2,Urban,3,Principal Arterial – Other,1,State Highway Agency,2,U.S. Highway,US-98,,99998,30.15549722,-85.59105556,0,No Special Jurisdiction (Includes National Forests Since 2008),8,Pedestrian,0,"Not Collision with Motor Vehicle in Transport (Not Necessarily in Transport for
2005-2009)",No,1,Non-Junction,Not an Intersection,None,1,On Roadway,3,Dark – Lighted,98,Not Reported,0,No Additional Atmospheric Conditions,98,Not Reported,No,0000000,99,99,99,99,99,99,0,None,0,None,0,None,1,0,2015-04-24 20:28:00+00:00,Malam (18-23),Hari Kerja,Jumat
45,South Carolina,450745,1,1,0,1,1,1,1,19,1805,24,9,2015,5,22,30,1,2,Urban,3,Principal Arterial – Other,1,State Highway Agency,2,U.S. Highway,US-52,SR-793,78,32.88647222,-80.00963611,0,No Special Jurisdiction (Includes National Forests Since 2008),8,Pedestrian,0,"Not Collision with Motor Vehicle in Transport (Not Necessarily in Transport for
2005-2009)",No,1,Non-Junction,Not an Intersection,None,1,On Roadway,2,Dark – Not Lighted,98,Not Reported,0,No Additional Atmospheric Conditions,98,Not Reported,No,0000000,22,33,22,37,22,44,0,None,0,None,0,None,1,0,2015-09-24 22:30:00+00:00,Malam (18-23),Hari Kerja,Kamis
41,Oregon,410049,1,1,0,1,1,4,4,67,1000,1,3,2015,1,1,28,1,2,Urban,3,Principal Arterial – Other,1,State Highway Agency,3,State Highway,SR-8 (ODOT 29),,83,45.49743333,-122.90176111,0,No Special Jurisdiction (Includes National Forests Since 2008),8,Pedestrian,0,"Not Collision with Motor Vehicle in Transport (Not Necessarily in Transport for
2005-2009)",No,1,Non-Junction,Not an Intersection,None,1,On Roadway,6,Dark – Unknown Lighting,98,Not Reported,0,No Additional Atmospheric Conditions,98,Not Reported,No,0000000,99,99,99,99,88,88,0,None,0,None,0,None,1,1,2015-03-01 01:28:00+00:00,Dini hari (00-05),Akhir Pekan,Minggu
45,South Carolina,450813,1,1,0,1,1,1,1,19,1805,25,2,2015,4,22,44,1,2,Urban,3,Principal Arterial – Other,1,State Highway Agency,3,State Highway,SR-7,,54,32.85024722,-79.979375,0,No Special Jurisdiction (Includes National Forests Since 2008),9,Pedalcyclist,0,"Not Collision with Motor Vehicle in Transport (Not Necessarily in Transport for
2005-2009)",No,1,Non-Junction,Not an Intersection,None,1,On Roadway,6,Dark – Unknown Lighting,98,Not Reported,0,No Additional Atmospheric Conditions,98,Not Reported,No,0000000,99,99,99,99,99,99,0,None,0,None,0,None,1,0,2015-02-25 22:44:00+00:00,Malam (18-23),Hari Kerja,Rabu
17,Illinois,170915,2,1,1,1,1,2,2,31,1670,12,4,2015,1,3,0,1,2,Urban,3,Principal Arterial – Other,4,City or Municipal Highway Agency,6,Local Street – Municipality,GARFIELD BLVD,,0,41.794275,-87.62588056,0,No Special Jurisdiction (Includes National Forests Since 2008),30,Utility Pole/Light Support,0,"Not Collision with Motor Vehicle in Transport (Not Necessarily in Transport for
2005-2009)",No,1,Non-Junction,Not an Intersection,None,4,On Roadside,3,Dark – Lighted,98,Not Reported,0,No Additional Atmospheric Conditions,98,Not Reported,No,0000000,99,99,99,99,99,99,19,Recent Previous Crash Scene Nearby (Since 1989),0,None,0,None,1,0,2015-04-12 03:00:00+00:00,Dini hari (00-05),Akhir Pekan,Minggu
6,California,62980,1,1,0,1,1,1,1,19,740,18,11,2015,4,18,24,0,2,Urban,3,Principal Arterial – Other,4,City or Municipal Highway Agency,6,Local Street – Municipality,W HERNDON AVE,,0,36.83738889,-119.69667222,0,No Special Jurisdiction (Includes National Forests Since 2008),8,Pedestrian,0,"Not Collision with Motor Vehicle in Transport (Not Necessarily in Transport for
2005-2009)",No,1,Non-Junction,Not an Intersection,"Work Zone, Type Unknown",1,On Roadway,6,Dark – Unknown Lighting,98,Not Reported,0,No Additional Atmospheric Conditions,98,Not Reported,No,0000000,99,99,99,99,99,99,0,None,0,None,0,None,1,0,2015-11-18 18:24:00+00:00,Malam (18-23),Hari Kerja,Rabu
6,California,60492,1,1,0,1,1,1,1,67,3150,16,3,2015,2,1,3,0,2,Urban,3,Principal Arterial – Other,98,Not Reported,6,Local Street – Municipality,POWER INN RD,,0,38.53566389,-121.40920833,0,No Special Jurisdiction (Includes National Forests Since 2008),9,Pedalcyclist,0,"Not Collision with Motor Vehicle in Transport (Not Necessarily in Transport for
2005-2009)",No,1,Non-Junction,Not an Intersection,None,1,On Roadway,2,Dark – Not Lighted,98,Not Reported,0,No Additional Atmospheric Conditions,98,Not Reported,No,0000000,99,99,99,99,88,88,0,None,0,None,0,None,1,0,2015-03-16 01:03:00+00:00,Dini hari (00-05),Hari Kerja,Senin
25,Massachusetts,250333,1,1,0,1,1,1,1,25,120,7,8,2015,6,7,5,1,2,Urban,3,Principal Arterial – Other,1,State Highway Agency,3,State Highway,SR-2A MASSACHUSETTS AVE,BEACON ST,99998,42.35082222,-71.08935278,0,No Special Jurisdiction (Includes National Forests Since 2008),9,Pedalcyclist,0,"Not Collision with Motor Vehicle in Transport (Not Necessarily in Transport for
2005-2009)",No,3,Intersection Related,Four-Way Intersection,None,1,On Roadway,1,Daylight,98,Not Reported,0,No Additional Atmospheric Conditions,98,Not Reported,No,0000000,99,99,99,99,99,99,0,None,0,None,0,None,1,0,2015-08-07 07:05:00+00:00,Pagi (06-11),Hari Kerja,Jumat
4,Arizona,40190,1,1,0,1,1,1,1,13,370,14,3,2015,7,20,18,0,2,Urban,3,Principal Arterial – Other,4,City or Municipal Highway Agency,6,Local Street – Municipality,7TH AVE,PIMA ST,0,33.43322778,-112.08248889,0,No Special Jurisdiction (Includes National Forests Since 2008),8,Pedestrian,0,"Not Collision with Motor Vehicle in Transport (Not Necessarily in Transport for
2005-2009)",No,3,Intersection Related,Four-Way Intersection,None,1,On Roadway,6,Dark – Unknown Lighting,98,Not Reported,0,No Additional Atmospheric Conditions,98,Not Reported,No,0000000,20,19,20,22,20,34,0,None,0,None,0,None,1,0,2015-03-14 20:18:00+00:00,Malam (18-23),Akhir Pekan,Sabtu
49,Utah,490079,2,1,1,2,2,2,2,53,9997,15,5,2015,6,10,30,0,1,Rural,3,Principal Arterial – Other,1,State Highway Agency,3,State Highway,SR-18,,143,37.28340556,-113.65479444,0,No Special Jurisdiction (Includes National Forests Since 2008),14,Parked Motor Vehicle (Not In Transport),0,"Not Collision with Motor Vehicle in Transport (Not Necessarily in Transport for
2005-2009)",No,1,Non-Junction,Not an Intersection,None,2,On Shoulder,1,Daylight,3,"Sleet, Hail",0,No Additional Atmospheric Conditions,3,"Sleet, Hail",No,0000000,10,31,10,41,99,99,19,Recent Previous Crash Scene Nearby (Since 1989),0,None,0,None,1,0,2015-05-15 10:30:00+00:00,Pagi (06-11),Hari Kerja,Jumat
36,New York,360036,2,1,1,0,0,4,4,105,5276,18,1,2015,1,11,32,0,1,Rural,2,Principal Arterial – Other Freeways and Expressways,1,State Highway Agency,3,State Highway,SR-17,,0,41.93800278,-74.92800278,0,No Special Jurisdiction (Includes National Forests Since 2008),14,Parked Motor Vehicle (Not In Transport),0,"Not Collision with Motor Vehicle in Transport (Not Necessarily in Transport for
2005-2009)",No,1,Non-Junction,Not an Intersection,None,2,On Shoulder,1,Daylight,3,"Sleet, Hail",12,Freezing Rain or Drizzle,3,"Sleet, Hail",No,0000000,11,42,11,57,13,2,23,Indication of a Stalled/Disabled Vehicle (Since 2008),0,None,0,None,1,0,2015-01-18 11:32:00+00:00,Pagi (06-11),Akhir Pekan,Minggu
36,New York,360038,1,1,0,0,0,1,1,105,3230,18,1,2015,1,17,15,0,1,Rural,2,Principal Arterial – Other Freeways and Expressways,1,State Highway Agency,3,State Highway,SR-17,,0,41.831125,-74.73827778,0,No Special Jurisdiction (Includes National Forests Since 2008),24,Guardrail Face,0,"Not Collision with Motor Vehicle in Transport (Not Necessarily in Transport for
2005-2009)",No,1,Non-Junction,Not an Intersection,None,4,On Roadside,5,Dusk,3,"Sleet, Hail",12,Freezing Rain or Drizzle,3,"Sleet, Hail",No,0000000,17,15,17,31,18,0,0,None,0,None,0,None,1,0,2015-01-18 17:15:00+00:00,Siang (12-17),Akhir Pekan,Minggu
29,Missouri,290018,1,1,0,0,0,1,1,115,0,12,1,2015,2,16,52,1,1,Rural,2,Principal Arterial – Other Freeways and Expressways,1,State Highway Agency,3,State Highway,SR-36,,210,39.77794444,-93.24769444,0,No Special Jurisdiction (Includes National Forests Since 2008),59,Traffic Sign Support,0,"Not Collision with Motor Vehicle in Transport (Not Necessarily in Transport for
2005-2009)",No,1,Non-Junction,Not an Intersection,None,4,On Roadside,1,Daylight,8,Other,10,Cloudy,8,Other,No,0000000,99,98,99,98,88,88,0,None,0,None,0,None,1,0,2015-01-12 16:52:00+00:00,Siang (12-17),Hari Kerja,Senin
48,Texas,482795,1,1,0,0,0,1,1,303,4140,27,11,2015,6,8,28,1,2,Urban,2,Principal Arterial – Other Freeways and Expressways,98,Not Reported,2,U.S. Highway,US-62/87 MARSHA SHARP FWY,,123,33.56361111,-101.92384167,0,No Special Jurisdiction (Includes National Forests Since 2008),26,Other Traffic Barrier,0,"Not Collision with Motor Vehicle in Transport (Not Necessarily in Transport for
2005-2009)",No,1,Non-Junction,Not an Intersection,None,3,On Median,1,Daylight,3,"Sleet, Hail",0,No Additional Atmospheric Conditions,3,"Sleet, Hail",No,0000000,8,30,8,36,9,0,0,None,0,None,0,None,1,0,2015-11-27 08:28:00+00:00,Pagi (06-11),Hari Kerja,Jumat
48,Texas,480364,2,1,1,0,1,1,2,113,1190,23,2,2015,2,4,18,1,2,Urban,2,Principal Arterial – Other Freeways and Expressways,98,Not Reported,3,State Highway,SR-190 PRES GEORGE BUSH TPKE,,26,32.94724444,-96.92755278,0,No Special Jurisdiction (Includes National Forests Since 2008),14,Parked Motor Vehicle (Not In Transport),0,"Not Collision with Motor Vehicle in Transport (Not Necessarily in Transport for
2005-2009)",No,1,Non-Junction,Not an Intersection,None,2,On Shoulder,2,Dark – Not Lighted,3,"Sleet, Hail",0,No Additional Atmospheric Conditions,3,"Sleet, Hail",No,0000000,99,98,99,98,88,88,19,Recent Previous Crash Scene Nearby (Since 1989),0,None,0,None,1,0,2015-02-23 04:18:00+00:00,Dini hari (00-05),Hari Kerja,Senin
48,Texas,482831,1,1,0,0,0,4,4,303,4140,27,11,2015,6,5,28,1,2,Urban,2,Principal Arterial – Other Freeways and Expressways,98,Not Reported,7,Local Street – Frontage Road (Since 1994),SL289,,163,33.57438056,-101.94425278,0,No Special Jurisdiction (Includes National Forests Since 2008),30,Utility Pole/Light Support,0,"Not Collision with Motor Vehicle in Transport (Not Necessarily in Transport for
2005-2009)",No,1,Non-Junction,Not an Intersection,None,4,On Roadside,3,Dark – Lighted,3,"Sleet, Hail",0,No Additional Atmospheric Conditions,3,"Sleet, Hail",No,0000000,5,30,5,37,99,99,0,None,0,None,0,None,3,1,2015-11-27 05:28:00+00:00,Dini hari (00-05),Hari Kerja,Jumat
17,Illinois,170109,1,1,0,0,0,2,2,31,1670,19,1,2015,2,1,41,1,2,Urban,2,Principal Arterial – Other Freeways and Expressways,1,State Highway Agency,2,U.S. Highway,US-41 (LAKE SHORE DRIVE),,177,41.92478889,-87.63093056,0,No Special Jurisdiction (Includes National Forests Since 2008),24,Guardrail Face,0,"Not Collision with Motor Vehicle in Transport (Not Necessarily in Transport for
2005-2009)",No,1,Non-Junction,Not an Intersection,None,4,On Roadside,3,Dark – Lighted,8,Other,0,No Additional Atmospheric Conditions,8,Other,No,0000000,1,41,99,99,99,99,0,None,0,None,0,None,1,1,2015-01-19 01:41:00+00:00,Dini hari (00-05),Hari Kerja,Senin
34,New Jersey,340074,1,1,0,0,0,1,1,11,1970,1,3,2015,1,16,22,1,2,Urban,2,Principal Arterial – Other Freeways and Expressways,1,State Highway Agency,3,State Highway,SR-55,,253,39.40201111,-75.01380278,0,No Special Jurisdiction (Includes National Forests Since 2008),42,Tree (Standing Only),0,"Not Collision with Motor Vehicle in Transport (Not Necessarily in Transport for
2005-2009)",No,1,Non-Junction,Not an Intersection,None,3,On Median,1,Daylight,12,Freezing Rain or Drizzle,3,"Sleet, Hail",3,"Sleet, Hail",No,0000000,16,36,99,99,99,99,0,None,0,None,0,None,1,0,2015-03-01 16:22:00+00:00,Siang (12-17),Akhir Pekan,Minggu
6,California,60977,1,1,0,1,1,1,1,23,0,24,5,2015,1,0,40,1,1,Rural,2,Principal Arterial – Other Freeways and Expressways,98,Not Reported,2,U.S. Highway,US-101,,746,40.75178056,-124.19256111,0,No Special Jurisdiction (Includes National Forests Since 2008),8,Pedestrian,0,"Not Collision with Motor Vehicle in Transport (Not Necessarily in Transport for
2005-2009)",No,1,Non-Junction,Not an Intersection,None,1,On Roadway,2,Dark – Not Lighted,8,Other,0,No Additional Atmospheric Conditions,8,Other,No,0000000,99,99,99,99,88,88,0,None,0,None,0,None,1,0,2015-05-24 00:40:00+00:00,Dini hari (00-05),Akhir Pekan,Minggu
39,Ohio,390003,3,1,2,1,1,1,1,139,0,3,1,2015,7,7,30,1,2,Urban,2,Principal Arterial – Other Freeways and Expressways,1,State Highway Agency,2,U.S. Highway,US-30,,168,40.779575,-82.42028611,0,No Special Jurisdiction (Includes National Forests Since 2008),14,Parked Motor Vehicle (Not In Transport),0,"Not Collision with Motor Vehicle in Transport (Not Necessarily in Transport for
2005-2009)",No,5,Entrance/Exit Ramp Related,Not an Intersection,None,5,Outside Trafficway,2,Dark – Not Lighted,3,"Sleet, Hail",0,No Additional Atmospheric Conditions,3,"Sleet, Hail",No,0000000,7,25,7,29,88,88,19,Recent Previous Crash Scene Nearby (Since 1989),0,None,0,None,1,0,2015-01-03 07:30:00+00:00,Pagi (06-11),Akhir Pekan,Sabtu
25,Massachusetts,250330,1,1,0,0,0,1,1,5,850,2,3,2015,2,10,30,0,2,Urban,7,Local,4,City or Municipal Highway Agency,8,Other,ORCHARD STREET,,99998,77.7777,777.7777,0,No Special Jurisdiction (Includes National Forests Since 2008),99,Unknown,98,Not Reported,Not Reported,98,Not Reported,Not Reported,None,98,Not Reported,1,Daylight,98,Not Reported,0,No Additional Atmospheric Conditions,98,Not Reported,No,0000000,99,98,99,98,99,98,99,Unknown,99,Unknown,99,Unknown,1,0,2015-03-02 10:30:00+00:00,Pagi (06-11),Hari Kerja,Senin
25,Massachusetts,250337,1,1,0,0,0,1,1,25,120,24,11,2015,3,19,15,0,2,Urban,4,Minor Arterial,4,City or Municipal Highway Agency,8,Other,BENNINGTON ST,TRIDENT ST,99998,42.38544722,-71.01038056,0,No Special Jurisdiction (Includes National Forests Since 2008),58,Ground,0,"Not Collision with Motor Vehicle in Transport (Not Necessarily in Transport for
2005-2009)",No,2,Intersection,T-Intersection,None,1,On Roadway,6,Dark – Unknown Lighting,98,Not Reported,0,No Additional Atmospheric Conditions,98,Not Reported,No,0000000,99,99,99,99,99,99,99,Unknown,99,Unknown,99,Unknown,1,1,2015-11-24 19:15:00+00:00,Malam (18-23),Hari Kerja,Selasa
22,Louisiana,220721,1,1,0,0,0,2,2,77,1115,1,2,2015,1,21,48,0,2,Urban,5,Major Collector,1,State Highway Agency,3,State Highway,SR-413 (8400 ISLAND RD),,140,30.62372222,-91.46713889,0,No Special Jurisdiction (Includes National Forests Since 2008),5,Fell/Jumped from Vehicle,0,"Not Collision with Motor Vehicle in Transport (Not Necessarily in Transport for
2005-2009)",No,1,Non-Junction,Not an Intersection,None,1,On Roadway,2,Dark – Not Lighted,98,Not Reported,0,No Additional Atmospheric Conditions,98,Not Reported,No,0000000,99,99,99,99,99,99,99,Unknown,99,Unknown,99,Unknown,1,0,2015-02-01 21:48:00+00:00,Malam (18-23),Akhir Pekan,Minggu
22,Louisiana,220725,1,1,0,0,0,2,2,45,1680,12,11,2015,5,23,15,0,2,Urban,5,Major Collector,1,State Highway Agency,3,State Highway,SR-88 (5109 COTEAU ROAD),,3,30.047075,-91.95500833,0,No Special Jurisdiction (Includes National Forests Since 2008),5,Fell/Jumped from Vehicle,0,"Not Collision with Motor Vehicle in Transport (Not Necessarily in Transport for
2005-2009)",No,1,Non-Junction,Not an Intersection,None,1,On Roadway,2,Dark – Not Lighted,98,Not Reported,0,No Additional Atmospheric Conditions,98,Not Reported,No,0000000,99,99,99,99,99,99,99,Unknown,99,Unknown,99,Unknown,1,0,2015-11-12 23:15:00+00:00,Malam (18-23),Hari Kerja,Kamis
6,California,62856,1,1,0,0,0,1,1,71,4291,18,9,2015,6,3,33,0,2,Urban,3,Principal Arterial – Other,98,Not Reported,3,State Highway,SR-62,SAGE AVE,99998,34.12090556,-116.42229722,0,No Special Jurisdiction (Includes National Forests Since 2008),33,Curb,0,"Not Collision with Motor Vehicle in Transport (Not Necessarily in Transport for
2005-2009)",No,3,Intersection Related,Four-Way Intersection,None,4,On Roadside,8,Not Reported,98,Not Reported,0,No Additional Atmospheric Conditions,98,Not Reported,No,0000000,99,99,99,99,99,99,99,Unknown,99,Unknown,99,Unknown,1,1,2015-09-18 03:33:00+00:00,Dini hari (00-05),Hari Kerja,Jumat
42,Pennsylvania,420849,1,1,0,4,4,5,5,95,660,2,10,2015,6,21,22,0,2,Urban,7,Local,4,City or Municipal Highway Agency,6,Local Street – Municipality,ILLICKS MILL RD,,0,40.64130556,-75.38477778,0,No Special Jurisdiction (Includes National Forests Since 2008),8,Pedestrian,0,"Not Collision with Motor Vehicle in Transport (Not Necessarily in Transport for
2005-2009)",No,1,Non-Junction,Not an Intersection,None,1,On Roadway,3,Dark – Lighted,2,Rain,0,No Additional Atmospheric Conditions,2,Rain,No,0000000,99,99,99,99,99,99,0,None,0,None,0,None,1,0,2015-10-02 21:22:00+00:00,Malam (18-23),Hari Kerja,Jumat
39,Ohio,390999,1,1,0,0,0,2,2,7,1850,13,12,2015,1,1,11,9,9,Unknown,7,Local,4,City or Municipal Highway Agency,6,Local Street – Municipality,CLARK ST,,0,41.94833056,-80.57277778,0,No Special Jurisdiction (Includes National Forests Since 2008),42,Tree (Standing Only),0,"Not Collision with Motor Vehicle in Transport (Not Necessarily in Transport for
2005-2009)",No,1,Non-Junction,Not an Intersection,None,4,On Roadside,3,Dark – Lighted,2,Rain,0,No Additional Atmospheric Conditions,2,Rain,No,0000000,1,14,1,18,1,39,0,None,0,None,0,None,1,1,2015-12-13 01:11:00+00:00,Dini hari (00-05),Akhir Pekan,Minggu
12,Florida,121016,1,1,0,0,0,1,1,105,0,5,6,2015,6,18,40,0,1,Rural,7,Local,1,State Highway Agency,2,U.S. Highway,US-98,,99998,27.73369722,-81.56866389,0,No Special Jurisdiction (Includes National Forests Since 2008),34,Ditch,0,"Not Collision with Motor Vehicle in Transport (Not Necessarily in Transport for
2005-2009)",No,1,Non-Junction,Not an Intersection,None,4,On Roadside,5,Dusk,2,Rain,0,No Additional Atmospheric Conditions,2,Rain,No,0000000,99,99,99,99,99,99,0,None,0,None,0,None,1,0,2015-06-05 18:40:00+00:00,Malam (18-23),Hari Kerja,Jumat
18,Indiana,180758,1,1,0,0,0,1,1,169,2510,23,12,2015,4,17,1,0,1,Rural,7,Local,1,State Highway Agency,3,State Highway,SR-24 EAST RD,,0,40.79533056,-85.87084167,0,No Special Jurisdiction (Includes National Forests Since 2008),30,Utility Pole/Light Support,0,"Not Collision with Motor Vehicle in Transport (Not Necessarily in Transport for
2005-2009)",No,1,Non-Junction,Not an Intersection,None,4,On Roadside,1,Daylight,2,Rain,0,No Additional Atmospheric Conditions,2,Rain,No,0000000,99,99,99,99,99,99,0,None,0,None,0,None,1,1,2015-12-23 17:01:00+00:00,Siang (12-17),Hari Kerja,Rabu
21,Kentucky,210169,1,1,0,0,0,2,2,43,590,25,4,2015,7,22,0,0,1,Rural,7,Local,1,State Highway Agency,3,State Highway,SR-474,,43,38.4351,-83.13723889,0,No Special Jurisdiction (Includes National Forests Since 2008),1,Rollover/Overturn,0,"Not Collision with Motor Vehicle in Transport (Not Necessarily in Transport for
2005-2009)",No,1,Non-Junction,Not an Intersection,None,4,On Roadside,2,Dark – Not Lighted,2,Rain,0,No Additional Atmospheric Conditions,2,Rain,No,0000000,22,2,22,21,88,88,0,None,0,None,0,None,2,1,2015-04-25 22:00:00+00:00,Malam (18-23),Akhir Pekan,Sabtu
42,Pennsylvania,420188,1,1,0,0,0,1,1,109,0,21,3,2015,7,3,2,0,1,Rural,7,Local,1,State Highway Agency,3,State Highway,SR-2007 PRODUCE RD,,7,40.711825,-76.9033,0,No Special Jurisdiction (Includes National Forests Since 2008),35,Embankment,0,"Not Collision with Motor Vehicle in Transport (Not Necessarily in Transport for
2005-2009)",No,1,Non-Junction,Not an Intersection,None,4,On Roadside,2,Dark – Not Lighted,2,Rain,0,No Additional Atmospheric Conditions,2,Rain,No,0000000,2,58,3,15,3,59,0,None,0,None,0,None,1,1,2015-03-21 03:02:00+00:00,Dini hari (00-05),Akhir Pekan,Sabtu
42,Pennsylvania,420739,1,1,0,0,0,1,1,97,0,12,9,2015,7,12,19,0,1,Rural,7,Local,1,State Highway Agency,3,State Highway,SR-2022 SCHOOL HOUSE RD,,14,40.82205,-76.602275,0,No Special Jurisdiction (Includes National Forests Since 2008),42,Tree (Standing Only),0,"Not Collision with Motor Vehicle in Transport (Not Necessarily in Transport for
2005-2009)",No,1,Non-Junction,Not an Intersection,None,4,On Roadside,1,Daylight,2,Rain,0,No Additional Atmospheric Conditions,2,Rain,No,0000000,12,19,12,24,88,88,0,None,0,None,0,None,1,0,2015-09-12 12:19:00+00:00,Siang (12-17),Akhir Pekan,Sabtu
19,Iowa,190231,1,1,0,0,0,1,1,121,0,31,10,2015,7,4,49,0,1,Rural,7,Local,2,County Highway Agency,4,County Road,CR-290TH ST,,0,41.22881389,-93.970375,0,No Special Jurisdiction (Includes National Forests Since 2008),1,Rollover/Overturn,0,"Not Collision with Motor Vehicle in Transport (Not Necessarily in Transport for
2005-2009)",No,1,Non-Junction,Not an Intersection,None,4,On Roadside,2,Dark – Not Lighted,2,Rain,0,No Additional Atmospheric Conditions,2,Rain,No,0000000,88,88,88,88,88,88,0,None,0,None,0,None,1,0,2015-10-31 04:49:00+00:00,Dini hari (00-05),Akhir Pekan,Sabtu
39,Ohio,390091,1,1,0,0,0,1,1,107,0,29,1,2015,5,19,21,0,1,Rural,7,Local,2,County Highway Agency,4,County Road,CR-105A HOENIE RD,,0,40.58121944,-84.59983056,0,No Special Jurisdiction (Includes National Forests Since 2008),30,Utility Pole/Light Support,0,"Not Collision with Motor Vehicle in Transport (Not Necessarily in Transport for
2005-2009)",No,1,Non-Junction,Not an Intersection,None,4,On Roadside,2,Dark – Not Lighted,2,Rain,0,No Additional Atmospheric Conditions,2,Rain,No,0000000,19,24,19,31,20,13,0,None,0,None,0,None,1,0,2015-01-29 19:21:00+00:00,Malam (18-23),Hari Kerja,Kamis
39,Ohio,390843,1,1,0,0,0,1,1,159,0,24,10,2015,7,17,40,0,1,Rural,7,Local,2,County Highway Agency,4,County Road,CR-199,,0,40.36650833,-83.32690833,0,No Special Jurisdiction (Includes National Forests Since 2008),34,Ditch,0,"Not Collision with Motor Vehicle in Transport (Not Necessarily in Transport for
2005-2009)",No,1,Non-Junction,Not an Intersection,None,4,On Roadside,1,Daylight,2,Rain,0,No Additional Atmospheric Conditions,2,Rain,No,0000000,17,40,17,51,18,9,0,None,0,None,0,None,1,1,2015-10-24 17:40:00+00:00,Siang (12-17),Akhir Pekan,Sabtu
48,Texas,480235,1,1,0,0,0,2,2,15,0,3,2,2015,3,22,6,0,1,Rural,7,Local,98,Not Reported,4,County Road,CR-WARD BEND RD,,0,29.73865833,-96.08968333,0,No Special Jurisdiction (Includes National Forests Since 2008),32,Culvert,0,"Not Collision with Motor Vehicle in Transport (Not Necessarily in Transport for
2005-2009)",No,1,Non-Junction,Not an Intersection,None,4,On Roadside,2,Dark – Not Lighted,2,Rain,0,No Additional Atmospheric Conditions,2,Rain,No,0000000,99,99,99,99,99,99,0,None,0,None,0,None,2,0,2015-02-03 22:06:00+00:00,Malam (18-23),Hari Kerja,Selasa
48,Texas,482446,1,1,0,0,0,1,1,209,0,21,10,2015,4,6,28,0,1,Rural,7,Local,98,Not Reported,4,County Road,CR-BELTERRA DR,,0,30.18811667,-97.99241111,0,No Special Jurisdiction (Includes National Forests Since 2008),33,Curb,0,"Not Collision with Motor Vehicle in Transport (Not Necessarily in Transport for
2005-2009)",No,1,Non-Junction,Not an Intersection,None,4,On Roadside,2,Dark – Not Lighted,2,Rain,0,No Additional Atmospheric Conditions,2,Rain,No,0000000,99,99,99,99,88,88,0,None,0,None,0,None,1,0,2015-10-21 06:28:00+00:00,Pagi (06-11),Hari Kerja,Rabu
48,Texas,482833,1,1,0,0,0,1,1,309,0,28,11,2015,7,8,30,0,1,Rural,7,Local,98,Not Reported,4,County Road,CR-WINCHESTER DR,,0,31.32805833,-97.29555278,0,No Special Jurisdiction (Includes National Forests Since 2008),43,Other Fixed Object,0,"Not Collision with Motor Vehicle in Transport (Not Necessarily in Transport for
2005-2009)",No,1,Non-Junction,Not an Intersection,None,4,On Roadside,4,Dawn,2,Rain,0,No Additional Atmospheric Conditions,2,Rain,No,0000000,99,98,99,98,88,88,0,None,0,None,0,None,1,1,2015-11-28 08:30:00+00:00,Pagi (06-11),Akhir Pekan,Sabtu
41,Oregon,410010,1,1,0,0,0,1,1,35,0,18,1,2015,1,2,36,0,1,Rural,7,Local,2,County Highway Agency,4,County Road,CR-ANDERSON RD,,11,42.03869722,-121.54823889,0,No Special Jurisdiction (Includes National Forests Since 2008),30,Utility Pole/Light Support,0,"Not Collision with Motor Vehicle in Transport (Not Necessarily in Transport for
2005-2009)",No,1,Non-Junction,Not an Intersection,None,4,On Roadside,2,Dark – Not Lighted,2,Rain,0,No Additional Atmospheric Conditions,2,Rain,No,0000000,2,35,2,52,88,88,0,None,0,None,0,None,1,1,2015-01-18 02:36:00+00:00,Dini hari (00-05),Akhir Pekan,Minggu
1,Alabama,10378,1,1,0,0,0,1,1,1,0,12,6,2015,6,7,20,0,1,Rural,7,Local,2,County Highway Agency,4,County Road,CR-5,,0,32.59590556,-86.82156667,0,No Special Jurisdiction (Includes National Forests Since 2008),1,Rollover/Overturn,0,"Not Collision with Motor Vehicle in Transport (Not Necessarily in Transport for
2005-2009)",No,1,Non-Junction,Not an Intersection,None,1,On Roadway,2,Dark – Not Lighted,2,Rain,0,No Additional Atmospheric Conditions,2,Rain,No,0000000,99,99,19,45,99,99,0,None,0,None,0,None,1,1,2015-06-12 07:20:00+00:00,Pagi (06-11),Hari Kerja,Jumat
1,Alabama,10070,1,1,0,0,0,1,1,121,0,22,2,2015,1,3,55,0,1,Rural,7,Local,2,County Highway Agency,4,County Road,CR-332,,0,33.493625,-86.16795833,0,No Special Jurisdiction (Includes National Forests Since 2008),34,Ditch,0,"Not Collision with Motor Vehicle in Transport (Not Necessarily in Transport for
2005-2009)",No,1,Non-Junction,Not an Intersection,None,4,On Roadside,2,Dark – Not Lighted,2,Rain,0,No Additional Atmospheric Conditions,2,Rain,No,0000000,99,99,4,15,88,88,0,None,0,None,0,None,1,1,2015-02-22 03:55:00+00:00,Dini hari (00-05),Akhir Pekan,Minggu
1,Alabama,10428,1,1,0,0,0,2,2,33,0,5,8,2015,4,19,55,0,1,Rural,7,Local,2,County Highway Agency,4,County Road,CR-3,,0,34.75677778,-88.06955833,0,No Special Jurisdiction (Includes National Forests Since 2008),34,Ditch,0,"Not Collision with Motor Vehicle in Transport (Not Necessarily in Transport for
2005-2009)",No,1,Non-Junction,Not an Intersection,None,4,On Roadside,2,Dark – Not Lighted,2,Rain,0,No Additional Atmospheric Conditions,2,Rain,No,0000000,99,99,20,20,99,99,0,None,0,None,0,None,1,0,2015-08-05 19:55:00+00:00,Malam (18-23),Hari Kerja,Rabu
1,Alabama,10625,1,1,0,0,0,2,2,15,0,1,11,2015,1,2,0,0,1,Rural,7,Local,2,County Highway Agency,4,County Road,CR-GILBERT'S FERRY RD,,0,33.87718611,-85.94563333,0,No Special Jurisdiction (Includes National Forests Since 2008),52,Guardrail End,0,"Not Collision with Motor Vehicle in Transport (Not Necessarily in Transport for
2005-2009)",No,1,Non-Junction,Not an Intersection,None,4,On Roadside,2,Dark – Not Lighted,2,Rain,0,No Additional Atmospheric Conditions,2,Rain,No,0000000,2,16,2,31,3,23,0,None,0,None,0,None,1,1,2015-11-01 02:00:00+00:00,Dini hari (00-05),Akhir Pekan,Minggu
12,Florida,120996,1,1,0,0,0,1,1,23,0,31,5,2015,1,18,30,0,1,Rural,7,Local,25,Other Local Agency,4,County Road,CR-131,,99998,30.04958889,-82.63966111,0,No Special Jurisdiction (Includes National Forests Since 2008),38,Fence,0,"Not Collision with Motor Vehicle in Transport (Not Necessarily in Transport for
2005-2009)",No,1,Non-Junction,Not an Intersection,None,4,On Roadside,1,Daylight,2,Rain,0,No Additional Atmospheric Conditions,2,Rain,No,0000000,99,99,99,99,88,88,0,None,0,None,0,None,1,1,2015-05-31 18:30:00+00:00,Malam (18-23),Akhir Pekan,Minggu
13,Georgia,131123,1,1,0,0,0,1,1,141,0,8,11,2015,1,7,11,0,1,Rural,7,Local,2,County Highway Agency,4,County Road,CR-7 / FAIRMONT RD,,69,33.33893056,-83.0147,0,No Special Jurisdiction (Includes National Forests Since 2008),1,Rollover/Overturn,0,"Not Collision with Motor Vehicle in Transport (Not Necessarily in Transport for
2005-2009)",No,1,Non-Junction,Not an Intersection,None,4,On Roadside,2,Dark – Not Lighted,2,Rain,0,No Additional Atmospheric Conditions,2,Rain,No,0000000,88,88,88,88,88,88,0,None,0,None,0,None,1,1,2015-11-08 07:11:00+00:00,Pagi (06-11),Akhir Pekan,Minggu
13,Georgia,130997,1,1,0,0,0,1,1,73,0,10,10,2015,7,9,35,0,1,Rural,7,Local,2,County Highway Agency,4,County Road,CR-1377 / CARRIAGE LN,,4,33.46764167,-82.30780278,0,No Special Jurisdiction (Includes National Forests Since 2008),34,Ditch,0,"Not Collision with Motor Vehicle in Transport (Not Necessarily in Transport for
2005-2009)",No,1,Non-Junction,Not an Intersection,None,4,On Roadside,1,Daylight,2,Rain,0,No Additional Atmospheric Conditions,2,Rain,No,0000000,9,46,9,56,10,30,0,None,0,None,0,None,1,0,2015-10-10 09:35:00+00:00,Pagi (06-11),Akhir Pekan,Sabtu
13,Georgia,131299,1,1,0,0,0,3,3,57,0,23,12,2015,4,18,45,0,1,Rural,7,Local,2,County Highway Agency,4,County Road,CR-LITTLE REFUGE ROAD,,10,34.29182778,-84.57111111,0,No Special Jurisdiction (Includes National Forests Since 2008),42,Tree (Standing Only),0,"Not Collision with Motor Vehicle in Transport (Not Necessarily in Transport for
2005-2009)",No,1,Non-Junction,Not an Intersection,None,4,On Roadside,2,Dark – Not Lighted,2,Rain,0,No Additional Atmospheric Conditions,2,Rain,No,0000000,18,45,18,52,19,44,0,None,0,None,0,None,1,0,2015-12-23 18:45:00+00:00,Malam (18-23),Hari Kerja,Rabu
13,Georgia,131323,1,1,0,0,0,2,2,293,0,28,12,2015,2,19,55,0,1,Rural,7,Local,2,County Highway Agency,4,County Road,CR-WILLIS ROAD,,56,32.96966944,-84.13195556,0,No Special Jurisdiction (Includes National Forests Since 2008),42,Tree (Standing Only),0,"Not Collision with Motor Vehicle in Transport (Not Necessarily in Transport for
2005-2009)",No,1,Non-Junction,Not an Intersection,None,4,On Roadside,2,Dark – Not Lighted,2,Rain,0,No Additional Atmospheric Conditions,2,Rain,No,0000000,19,55,20,10,20,56,0,None,0,None,0,None,1,1,2015-12-28 19:55:00+00:00,Malam (18-23),Hari Kerja,Senin
18,Indiana,180747,1,1,0,0,0,10,10,87,4870,14,12,2015,2,21,22,0,1,Rural,7,Local,2,County Highway Agency,4,County Road,CR- 500 SOUTH RD,,0,41.56740278,-85.61548333,0,No Special Jurisdiction (Includes National Forests Since 2008),32,Culvert,0,"Not Collision with Motor Vehicle in Transport (Not Necessarily in Transport for
2005-2009)",No,1,Non-Junction,Not an Intersection,None,4,On Roadside,2,Dark – Not Lighted,2,Rain,0,No Additional Atmospheric Conditions,2,Rain,No,0000000,99,99,99,99,99,99,0,None,0,None,0,None,1,0,2015-12-14 21:22:00+00:00,Malam (18-23),Hari Kerja,Senin
18,Indiana,180146,1,1,0,0,0,3,3,107,1060,3,4,2015,6,13,8,0,1,Rural,7,Local,2,County Highway Agency,4,County Road,CR- 150S,,0,40.01768611,-86.91485556,0,No Special Jurisdiction (Includes National Forests Since 2008),34,Ditch,0,"Not Collision with Motor Vehicle in Transport (Not Necessarily in Transport for
2005-2009)",No,1,Non-Junction,Not an Intersection,None,4,On Roadside,1,Daylight,2,Rain,0,No Additional Atmospheric Conditions,2,Rain,No,0000000,99,99,99,99,99,99,0,None,0,None,0,None,1,0,2015-04-03 13:08:00+00:00,Siang (12-17),Hari Kerja,Jumat
18,Indiana,180622,1,1,0,0,0,1,1,91,2570,24,10,2015,7,6,8,0,1,Rural,7,Local,2,County Highway Agency,4,County Road,CR- 200,,0,41.579675,-86.6591,0,No Special Jurisdiction (Includes National Forests Since 2008),42,Tree (Standing Only),0,"Not Collision with Motor Vehicle in Transport (Not Necessarily in Transport for
2005-2009)",No,1,Non-Junction,Not an Intersection,None,4,On Roadside,2,Dark – Not Lighted,2,Rain,0,No Additional Atmospheric Conditions,2,Rain,No,0000000,99,99,99,99,88,88,0,None,0,None,0,None,1,1,2015-10-24 06:08:00+00:00,Pagi (06-11),Akhir Pekan,Sabtu
5,Arkansas,50449,1,1,0,0,0,1,1,59,0,27,11,2015,6,0,57,0,1,Rural,7,Local,2,County Highway Agency,4,County Road,CR-MOUNT WILLOW ROAD,,0,34.37171667,-92.78373056,0,No Special Jurisdiction (Includes National Forests Since 2008),35,Embankment,0,"Not Collision with Motor Vehicle in Transport (Not Necessarily in Transport for
2005-2009)",No,1,Non-Junction,Not an Intersection,None,4,On Roadside,2,Dark – Not Lighted,2,Rain,10,Cloudy,2,Rain,No,0000000,1,3,1,18,88,88,0,None,0,None,0,None,1,1,2015-11-27 00:57:00+00:00,Dini hari (00-05),Hari Kerja,Jumat
5,Arkansas,50397,1,1,0,0,0,6,6,63,0,26,10,2015,2,22,27,0,1,Rural,7,Local,2,County Highway Agency,4,County Road,CR- MCHUE ROAD,,0,35.71676667,-91.65301389,0,No Special Jurisdiction (Includes National Forests Since 2008),42,Tree (Standing Only),0,"Not Collision with Motor Vehicle in Transport (Not Necessarily in Transport for
2005-2009)",No,1,Non-Junction,Not an Intersection,None,4,On Roadside,2,Dark – Not Lighted,2,Rain,0,No Additional Atmospheric Conditions,2,Rain,No,0000000,22,31,22,41,99,99,0,None,0,None,0,None,2,0,2015-10-26 22:27:00+00:00,Malam (18-23),Hari Kerja,Senin
21,Kentucky,210312,1,1,0,0,0,1,1,219,0,7,7,2015,3,20,18,0,1,Rural,7,Local,2,County Highway Agency,4,County Road,CR-SNARDON MILL ROAD,,26,36.69131389,-87.08029167,0,No Special Jurisdiction (Includes National Forests Since 2008),1,Rollover/Overturn,0,"Not Collision with Motor Vehicle in Transport (Not Necessarily in Transport for
2005-2009)",No,1,Non-Junction,Not an Intersection,None,4,On Roadside,2,Dark – Not Lighted,2,Rain,0,No Additional Atmospheric Conditions,2,Rain,No,0000000,19,58,20,19,88,88,0,None,0,None,0,None,1,0,2015-07-07 20:18:00+00:00,Malam (18-23),Hari Kerja,Selasa
21,Kentucky,210619,1,1,0,0,0,1,1,159,0,10,11,2015,3,0,52,0,1,Rural,7,Local,2,County Highway Agency,4,County Road,CR-CAMP BRANCH,,11,37.83336944,-82.53136944,0,No Special Jurisdiction (Includes National Forests Since 2008),34,Ditch,0,"Not Collision with Motor Vehicle in Transport (Not Necessarily in Transport for
2005-2009)",No,1,Non-Junction,Not an Intersection,None,4,On Roadside,2,Dark – Not Lighted,2,Rain,0,No Additional Atmospheric Conditions,2,Rain,No,0000000,88,88,88,88,88,88,0,None,0,None,0,None,1,0,2015-11-10 00:52:00+00:00,Dini hari (00-05),Hari Kerja,Selasa
21,Kentucky,210494,1,1,0,0,0,1,1,217,0,2,10,2015,6,22,28,0,1,Rural,7,Local,2,County Highway Agency,4,County Road,CR-OLD SUMMERSVILLE RD,,5,37.335675,-85.42325,0,No Special Jurisdiction (Includes National Forests Since 2008),42,Tree (Standing Only),0,"Not Collision with Motor Vehicle in Transport (Not Necessarily in Transport for
2005-2009)",No,1,Non-Junction,Not an Intersection,None,4,On Roadside,2,Dark – Not Lighted,2,Rain,0,No Additional Atmospheric Conditions,2,Rain,No,0000000,22,35,22,40,88,88,0,None,0,None,0,None,1,1,2015-10-02 22:28:00+00:00,Malam (18-23),Hari Kerja,Jumat
24,Maryland,240181,1,1,0,0,0,1,1,37,0,27,6,2015,7,12,57,0,1,Rural,7,Local,1,State Highway Agency,4,County Road,CR-7,,0,38.471575,-76.73151111,0,No Special Jurisdiction (Includes National Forests Since 2008),24,Guardrail Face,0,"Not Collision with Motor Vehicle in Transport (Not Necessarily in Transport for
2005-2009)",No,1,Non-Junction,Not an Intersection,None,4,On Roadside,1,Daylight,2,Rain,0,No Additional Atmospheric Conditions,2,Rain,No,0000000,12,54,13,2,88,88,0,None,0,None,0,None,1,1,2015-06-27 12:57:00+00:00,Siang (12-17),Akhir Pekan,Sabtu
26,Michigan,260831,1,1,0,0,0,1,1,69,0,13,12,2015,1,14,10,0,1,Rural,7,Local,98,Not Reported,4,County Road,CR-SHELLENBARGER RD,,39,44.40727222,-83.76464444,0,No Special Jurisdiction (Includes National Forests Since 2008),31,"Other Post, Other Pole, or Other Support",0,"Not Collision with Motor Vehicle in Transport (Not Necessarily in Transport for
2005-2009)",No,1,Non-Junction,Not an Intersection,None,5,Outside Trafficway,1,Daylight,2,Rain,0,No Additional Atmospheric Conditions,2,Rain,No,0000000,99,99,99,99,99,99,22,"Speed Limit Is a Statutory Limit as Recorded or Was Determined as This
State’s “Basic Rule” (Since 1999)",0,None,0,None,1,0,2015-12-13 14:10:00+00:00,Siang (12-17),Akhir Pekan,Minggu
26,Michigan,260379,1,1,0,0,0,2,2,55,0,13,7,2015,2,23,45,0,1,Rural,7,Local,98,Not Reported,4,County Road,CR-SAMELS RD,,52,44.75787778,-85.37361389,0,No Special Jurisdiction (Includes National Forests Since 2008),35,Embankment,0,"Not Collision with Motor Vehicle in Transport (Not Necessarily in Transport for
2005-2009)",No,1,Non-Junction,Not an Intersection,None,4,On Roadside,2,Dark – Not Lighted,2,Rain,0,No Additional Atmospheric Conditions,2,Rain,No,0000000,0,4,0,9,99,99,22,"Speed Limit Is a Statutory Limit as Recorded or Was Determined as This
State’s “Basic Rule” (Since 1999)",0,None,0,None,1,1,2015-07-13 23:45:00+00:00,Malam (18-23),Hari Kerja,Senin
26,Michigan,260722,1,1,0,0,0,1,1,125,0,31,10,2015,7,18,39,0,1,Rural,7,Local,98,Not Reported,4,County Road,CR-TAYLOR LAKE RD,,8,42.75121111,-83.65666389,0,No Special Jurisdiction (Includes National Forests Since 2008),43,Other Fixed Object,0,"Not Collision with Motor Vehicle in Transport (Not Necessarily in Transport for
2005-2009)",No,1,Non-Junction,Not an Intersection,None,4,On Roadside,2,Dark – Not Lighted,2,Rain,0,No Additional Atmospheric Conditions,2,Rain,No,0000000,99,99,99,99,99,99,0,None,0,None,0,None,1,1,2015-10-31 18:39:00+00:00,Malam (18-23),Akhir Pekan,Sabtu
29,Missouri,290720,1,1,0,0,0,3,3,59,0,29,11,2015,1,13,27,0,1,Rural,7,Local,2,County Highway Agency,4,County Road,CR-ROCKSDALE,,9,37.55519444,-93.12327778,0,No Special Jurisdiction (Includes National Forests Since 2008),23,Bridge Rail (Includes Parapet),0,"Not Collision with Motor Vehicle in Transport (Not Necessarily in Transport for
2005-2009)",No,1,Non-Junction,Not an Intersection,None,4,On Roadside,1,Daylight,2,Rain,10,Cloudy,2,Rain,No,0000000,13,29,13,44,16,14,0,None,0,None,0,None,1,0,2015-11-29 13:27:00+00:00,Siang (12-17),Akhir Pekan,Minggu
29,Missouri,290822,1,1,0,0,0,1,1,213,0,26,12,2015,7,18,30,0,1,Rural,7,Local,2,County Highway Agency,4,County Road,CR-PATTERSON DR,,9,36.74347222,-92.96702778,0,No Special Jurisdiction (Includes National Forests Since 2008),35,Embankment,0,"Not Collision with Motor Vehicle in Transport (Not Necessarily in Transport for
2005-2009)",No,1,Non-Junction,Not an Intersection,None,4,On Roadside,2,Dark – Not Lighted,2,Rain,10,Cloudy,2,Rain,No,0000000,18,32,18,44,19,57,0,None,0,None,0,None,1,0,2015-12-26 18:30:00+00:00,Malam (18-23),Akhir Pekan,Sabtu
29,Missouri,290251,1,1,0,0,0,3,3,209,0,16,5,2015,7,3,25,0,1,Rural,7,Local,2,County Highway Agency,4,County Road,CR-BOSTON MOUNTAIN RD,,10,36.901,-93.50061111,0,No Special Jurisdiction (Includes National Forests Since 2008),42,Tree (Standing Only),0,"Not Collision with Motor Vehicle in Transport (Not Necessarily in Transport for
2005-2009)",No,1,Non-Junction,Not an Intersection,None,4,On Roadside,2,Dark – Not Lighted,2,Rain,0,No Additional Atmospheric Conditions,2,Rain,No,0000000,3,38,3,53,99,99,0,None,0,None,0,None,1,1,2015-05-16 03:25:00+00:00,Dini hari (00-05),Akhir Pekan,Sabtu
36,New York,360033,1,1,0,0,0,1,1,115,790,18,1,2015,1,14,2,0,1,Rural,7,Local,2,County Highway Agency,4,County Road,CR-61,,0,43.09785278,-73.38668333,0,No Special Jurisdiction (Includes National Forests Since 2008),35,Embankment,0,"Not Collision with Motor Vehicle in Transport (Not Necessarily in Transport for
2005-2009)",No,1,Non-Junction,Not an Intersection,None,4,On Roadside,1,Daylight,2,Rain,0,No Additional Atmospheric Conditions,2,Rain,No,0000000,14,3,14,15,88,88,0,None,0,None,0,None,1,0,2015-01-18 14:02:00+00:00,Siang (12-17),Akhir Pekan,Minggu
51,Virginia,510482,1,1,0,0,0,3,3,29,0,26,9,2015,7,3,20,0,1,Rural,7,Local,1,State Highway Agency,4,County Road,CR-636,,51,37.47178889,-78.67207222,0,No Special Jurisdiction (Includes National Forests Since 2008),1,Rollover/Overturn,0,"Not Collision with Motor Vehicle in Transport (Not Necessarily in Transport for
2005-2009)",No,1,Non-Junction,Not an Intersection,None,4,On Roadside,2,Dark – Not Lighted,2,Rain,0,No Additional Atmospheric Conditions,2,Rain,No,0000000,3,52,4,14,6,59,0,None,0,None,0,None,1,1,2015-09-26 03:20:00+00:00,Dini hari (00-05),Akhir Pekan,Sabtu
51,Virginia,510281,1,1,0,0,0,2,2,143,0,21,6,2015,1,20,43,0,1,Rural,7,Local,1,State Highway Agency,4,County Road,CR-605,,3,36.78205,-79.46003889,0,No Special Jurisdiction (Includes National Forests Since 2008),35,Embankment,0,"Not Collision with Motor Vehicle in Transport (Not Necessarily in Transport for
2005-2009)",No,1,Non-Junction,Not an Intersection,None,4,On Roadside,1,Daylight,2,Rain,0,No Additional Atmospheric Conditions,2,Rain,No,0000000,21,12,21,36,22,26,0,None,0,None,0,None,1,0,2015-06-21 20:43:00+00:00,Malam (18-23),Akhir Pekan,Minggu
51,Virginia,510319,1,1,0,0,0,2,2,57,0,11,7,2015,7,6,0,0,1,Rural,7,Local,1,State Highway Agency,4,County Road,CR-635,,43,38.025,-77.07777778,0,No Special Jurisdiction (Includes National Forests Since 2008),42,Tree (Standing Only),0,"Not Collision with Motor Vehicle in Transport (Not Necessarily in Transport for
2005-2009)",No,1,Non-Junction,Not an Intersection,None,4,On Roadside,1,Daylight,2,Rain,0,No Additional Atmospheric Conditions,2,Rain,No,0000000,6,59,7,20,88,88,0,None,0,None,0,None,1,1,2015-07-11 06:00:00+00:00,Pagi (06-11),Akhir Pekan,Sabtu
22,Louisiana,220025,1,1,0,0,0,1,1,121,1920,9,1,2015,6,14,6,0,1,Rural,7,Local,2,County Highway Agency,4,County Road,CR-ROUGON RD,,0,30.52843056,-91.36453889,0,No Special Jurisdiction (Includes National Forests Since 2008),1,Rollover/Overturn,0,"Not Collision with Motor Vehicle in Transport (Not Necessarily in Transport for
2005-2009)",No,1,Non-Junction,Not an Intersection,None,5,Outside Trafficway,1,Daylight,2,Rain,0,No Additional Atmospheric Conditions,2,Rain,No,0000000,14,8,14,20,88,88,0,None,0,None,0,None,1,1,2015-01-09 14:06:00+00:00,Siang (12-17),Hari Kerja,Jumat
22,Louisiana,220300,1,1,0,0,0,1,1,125,0,24,6,2015,4,15,20,0,1,Rural,7,Local,2,County Highway Agency,4,County Road,CR-JONES VAUGHN CREEK,,0,30.89546111,-91.28163889,0,No Special Jurisdiction (Includes National Forests Since 2008),42,Tree (Standing Only),0,"Not Collision with Motor Vehicle in Transport (Not Necessarily in Transport for
2005-2009)",No,1,Non-Junction,Not an Intersection,None,4,On Roadside,1,Daylight,2,Rain,0,No Additional Atmospheric Conditions,2,Rain,No,0000000,15,23,15,30,88,88,0,None,0,None,0,None,1,0,2015-06-24 15:20:00+00:00,Siang (12-17),Hari Kerja,Rabu
22,Louisiana,220117,1,1,0,0,0,1,1,3,1740,13,3,2015,6,6,10,0,1,Rural,7,Local,3,Town or Township Highway Agency,4,County Road,CR-SAM CLOUD RD,,0,30.86166944,-92.69556111,0,No Special Jurisdiction (Includes National Forests Since 2008),42,Tree (Standing Only),0,"Not Collision with Motor Vehicle in Transport (Not Necessarily in Transport for
2005-2009)",No,1,Non-Junction,Not an Intersection,None,4,On Roadside,2,Dark – Not Lighted,2,Rain,0,No Additional Atmospheric Conditions,2,Rain,No,0000000,6,20,6,31,88,88,0,None,0,None,0,None,1,0,2015-03-13 06:10:00+00:00,Pagi (06-11),Hari Kerja,Jumat
22,Louisiana,220129,1,1,0,0,0,2,2,19,0,21,3,2015,7,14,0,0,1,Rural,7,Local,2,County Highway Agency,4,County Road,CR-OLD RIVER ROAD,,0,30.38788056,-93.69847222,0,No Special Jurisdiction (Includes National Forests Since 2008),53,Mail Box,0,"Not Collision with Motor Vehicle in Transport (Not Necessarily in Transport for
2005-2009)",No,1,Non-Junction,Not an Intersection,None,4,On Roadside,1,Daylight,2,Rain,0,No Additional Atmospheric Conditions,2,Rain,No,0000000,14,5,14,29,99,99,0,None,0,None,0,None,1,1,2015-03-21 14:00:00+00:00,Siang (12-17),Akhir Pekan,Sabtu
47,Tennessee,470148,1,1,0,0,0,2,2,1,0,11,3,2015,4,7,0,0,1,Rural,7,Local,2,County Highway Agency,4,County Road,CR-MOUNTAIN RD,,27,36.1572,-84.07251111,0,No Special Jurisdiction (Includes National Forests Since 2008),30,Utility Pole/Light Support,0,"Not Collision with Motor Vehicle in Transport (Not Necessarily in Transport for
2005-2009)",No,1,Non-Junction,Not an Intersection,None,4,On Roadside,4,Dawn,2,Rain,0,No Additional Atmospheric Conditions,2,Rain,No,0000000,99,99,99,99,99,99,0,None,0,None,0,None,1,0,2015-03-11 07:00:00+00:00,Pagi (06-11),Hari Kerja,Rabu
47,Tennessee,470737,1,1,0,0,0,1,1,35,0,2,11,2015,2,11,44,0,1,Rural,7,Local,2,County Highway Agency,4,County Road,CR-TAYLOR LOOP RD,,6,36.02688889,-85.0349,0,No Special Jurisdiction (Includes National Forests Since 2008),34,Ditch,0,"Not Collision with Motor Vehicle in Transport (Not Necessarily in Transport for
2005-2009)",No,1,Non-Junction,Not an Intersection,None,4,On Roadside,1,Daylight,2,Rain,0,No Additional Atmospheric Conditions,2,Rain,No,0000000,99,99,99,99,99,99,0,None,0,None,0,None,1,1,2015-11-02 11:44:00+00:00,Pagi (06-11),Hari Kerja,Senin
47,Tennessee,470796,1,1,0,0,0,1,1,89,0,1,12,2015,3,16,1,0,1,Rural,7,Local,2,County Highway Agency,4,County Road,CR-BUCK HOLLOW RD,,22,36.15206944,-83.59563889,0,No Special Jurisdiction (Includes National Forests Since 2008),42,Tree (Standing Only),0,"Not Collision with Motor Vehicle in Transport (Not Necessarily in Transport for
2005-2009)",No,1,Non-Junction,Not an Intersection,None,4,On Roadside,1,Daylight,2,Rain,0,No Additional Atmospheric Conditions,2,Rain,No,0000000,99,99,99,99,99,99,0,None,0,None,0,None,1,0,2015-12-01 16:01:00+00:00,Siang (12-17),Hari Kerja,Selasa
47,Tennessee,470145,1,1,0,0,0,1,1,31,0,9,3,2015,2,0,3,0,1,Rural,7,Local,2,County Highway Agency,4,County Road,CR-DECHERD HWY,,9,35.356,-86.02611944,0,No Special Jurisdiction (Includes National Forests Since 2008),42,Tree (Standing Only),0,"Not Collision with Motor Vehicle in Transport (Not Necessarily in Transport for
2005-2009)",No,1,Non-Junction,Not an Intersection,None,4,On Roadside,2,Dark – Not Lighted,2,Rain,0,No Additional Atmospheric Conditions,2,Rain,No,0000000,23,52,0,4,0,57,0,None,0,None,0,None,1,0,2015-03-09 00:03:00+00:00,Dini hari (00-05),Hari Kerja,Senin
47,Tennessee,470287,1,1,0,0,0,2,2,19,0,21,5,2015,5,21,20,0,1,Rural,7,Local,2,County Highway Agency,4,County Road,CR-CRABTREE RD,,2,36.20533889,-82.1064,0,No Special Jurisdiction (Includes National Forests Since 2008),42,Tree (Standing Only),0,"Not Collision with Motor Vehicle in Transport (Not Necessarily in Transport for
2005-2009)",No,1,Non-Junction,Not an Intersection,None,4,On Roadside,2,Dark – Not Lighted,2,Rain,0,No Additional Atmospheric Conditions,2,Rain,No,0000000,99,99,99,99,99,99,20,Police-Pursuit-Involved (Since 1994),0,None,0,None,1,1,2015-05-21 21:20:00+00:00,Malam (18-23),Hari Kerja,Kamis
47,Tennessee,470830,1,1,0,0,0,1,1,47,0,30,11,2015,2,19,40,0,1,Rural,7,Local,2,County Highway Agency,4,County Road,CR-NUCKOLLS RD,,12,35.13346944,-89.54878889,0,No Special Jurisdiction (Includes National Forests Since 2008),42,Tree (Standing Only),0,"Not Collision with Motor Vehicle in Transport (Not Necessarily in Transport for
2005-2009)",No,1,Non-Junction,Not an Intersection,None,4,On Roadside,2,Dark – Not Lighted,2,Rain,0,No Additional Atmospheric Conditions,2,Rain,No,0000000,99,99,99,99,88,88,0,None,0,None,0,None,1,0,2015-11-30 19:40:00+00:00,Malam (18-23),Hari Kerja,Senin
47,Tennessee,470037,1,1,0,0,0,1,1,119,0,23,1,2015,6,1,45,0,1,Rural,7,Local,2,County Highway Agency,4,County Road,CR-B DODSON RD,,11,35.76938889,-87.02258889,0,No Special Jurisdiction (Includes National Forests Since 2008),42,Tree (Standing Only),0,"Not Collision with Motor Vehicle in Transport (Not Necessarily in Transport for
2005-2009)",No,1,Non-Junction,Not an Intersection,None,4,On Roadside,2,Dark – Not Lighted,2,Rain,0,No Additional Atmospheric Conditions,2,Rain,No,0000000,99,99,99,99,99,99,0,None,0,None,0,None,1,1,2015-01-23 01:45:00+00:00,Dini hari (00-05),Hari Kerja,Jumat
47,Tennessee,470850,1,1,0,0,0,1,1,25,0,10,9,2015,5,4,0,0,1,Rural,7,Local,2,County Highway Agency,4,County Road,CR-MURPHY MILL RD,,26,36.4975,-83.54152778,0,No Special Jurisdiction (Includes National Forests Since 2008),42,Tree (Standing Only),0,"Not Collision with Motor Vehicle in Transport (Not Necessarily in Transport for
2005-2009)",No,1,Non-Junction,Not an Intersection,None,4,On Roadside,2,Dark – Not Lighted,2,Rain,0,No Additional Atmospheric Conditions,2,Rain,No,0000000,99,99,99,99,99,99,0,None,0,None,0,None,1,0,2015-09-10 04:00:00+00:00,Dini hari (00-05),Hari Kerja,Kamis
6,California,60029,1,1,0,0,0,2,2,37,0,10,1,2015,7,14,1,0,1,Rural,7,Local,98,Not Reported,4,County Road,CR-LOOKOUT TRAIL ROWHER FLATS,,0,34.53147222,-118.369525,0,No Special Jurisdiction (Includes National Forests Since 2008),1,Rollover/Overturn,0,"Not Collision with Motor Vehicle in Transport (Not Necessarily in Transport for
2005-2009)",No,1,Non-Junction,Not an Intersection,None,4,On Roadside,1,Daylight,2,Rain,0,No Additional Atmospheric Conditions,2,Rain,No,0000000,99,99,99,99,99,99,4,No or Obscured Pavement Marking,0,None,0,None,1,1,2015-01-10 14:01:00+00:00,Siang (12-17),Akhir Pekan,Sabtu
34,New Jersey,340370,1,1,0,0,0,1,1,41,0,28,10,2015,4,22,30,0,1,Rural,7,Local,2,County Highway Agency,4,County Road,CR-635,,5,40.64096111,-75.18018056,0,No Special Jurisdiction (Includes National Forests Since 2008),42,Tree (Standing Only),0,"Not Collision with Motor Vehicle in Transport (Not Necessarily in Transport for
2005-2009)",No,1,Non-Junction,Not an Intersection,None,5,Outside Trafficway,2,Dark – Not Lighted,2,Rain,0,No Additional Atmospheric Conditions,2,Rain,No,0000000,22,33,22,58,88,88,0,None,0,None,0,None,1,1,2015-10-28 22:30:00+00:00,Malam (18-23),Hari Kerja,Rabu
53,Washington,530429,1,1,0,0,0,1,1,43,0,31,10,2015,7,14,0,0,1,Rural,7,Local,2,County Highway Agency,4,County Road,CR-CRAZY RUN RD E,,1,47.77395,-118.61625278,0,No Special Jurisdiction (Includes National Forests Since 2008),1,Rollover/Overturn,0,"Not Collision with Motor Vehicle in Transport (Not Necessarily in Transport for
2005-2009)",No,1,Non-Junction,Not an Intersection,None,4,On Roadside,1,Daylight,2,Rain,0,No Additional Atmospheric Conditions,2,Rain,No,0000000,99,99,99,99,88,88,0,None,0,None,0,None,1,0,2015-10-31 14:00:00+00:00,Siang (12-17),Akhir Pekan,Sabtu
28,Mississippi,280102,1,1,0,0,0,3,3,121,0,19,3,2015,5,0,52,0,1,Rural,7,Local,2,County Highway Agency,4,County Road,CR-HURDLE ROAD,,99998,32.36735556,-89.84381944,0,No Special Jurisdiction (Includes National Forests Since 2008),42,Tree (Standing Only),0,"Not Collision with Motor Vehicle in Transport (Not Necessarily in Transport for
2005-2009)",No,1,Non-Junction,Not an Intersection,None,4,On Roadside,6,Dark – Unknown Lighting,2,Rain,0,No Additional Atmospheric Conditions,2,Rain,No,0000000,0,55,1,23,2,26,0,None,0,None,0,None,1,0,2015-03-19 00:52:00+00:00,Dini hari (00-05),Hari Kerja,Kamis
38,North Dakota,380032,1,1,0,0,0,4,4,95,0,7,5,2015,5,0,15,0,1,Rural,7,Local,2,County Highway Agency,4,County Road,CR-70 AVE NE,,0,48.55511111,-99.14433889,0,No Special Jurisdiction (Includes National Forests Since 2008),34,Ditch,0,"Not Collision with Motor Vehicle in Transport (Not Necessarily in Transport for
2005-2009)",No,1,Non-Junction,Not an Intersection,None,4,On Roadside,2,Dark – Not Lighted,2,Rain,0,No Additional Atmospheric Conditions,2,Rain,No,0000000,0,33,0,51,1,12,0,None,0,None,0,None,1,1,2015-05-07 00:15:00+00:00,Dini hari (00-05),Hari Kerja,Kamis
46,South Dakota,460021,1,1,0,0,0,3,3,95,0,6,4,2015,2,19,40,0,1,Rural,7,Local,3,Town or Township Highway Agency,4,County Road,CR-240TH AVE,,0,43.43686111,-101.15922778,0,No Special Jurisdiction (Includes National Forests Since 2008),1,Rollover/Overturn,0,"Not Collision with Motor Vehicle in Transport (Not Necessarily in Transport for
2005-2009)",No,1,Non-Junction,Not an Intersection,None,4,On Roadside,5,Dusk,2,Rain,0,No Additional Atmospheric Conditions,2,Rain,No,0000000,99,99,99,99,99,99,0,None,0,None,0,None,1,0,2015-04-06 19:40:00+00:00,Malam (18-23),Hari Kerja,Senin
37,North Carolina,371267,1,1,0,0,0,1,1,63,0,30,12,2015,4,6,45,0,1,Rural,7,Local,99,Unknown,4,County Road,CR-1610 RANGE RD,,99999,36.19907222,-78.82487778,0,No Special Jurisdiction (Includes National Forests Since 2008),35,Embankment,0,"Not Collision with Motor Vehicle in Transport (Not Necessarily in Transport for
2005-2009)",No,1,Non-Junction,Not an Intersection,None,4,On Roadside,4,Dawn,2,Rain,5,"Fog, Smog, Smoke",2,Rain,No,0000000,6,54,7,15,88,88,0,None,0,None,0,None,1,0,2015-12-30 06:45:00+00:00,Pagi (06-11),Hari Kerja,Rabu
45,South Carolina,450478,1,1,0,0,0,7,7,49,0,25,7,2015,7,15,50,0,1,Rural,7,Local,2,County Highway Agency,4,County Road,CR-ANNA LAUREL RD,,0,32.75576944,-80.92219722,0,No Special Jurisdiction (Includes National Forests Since 2008),34,Ditch,0,"Not Collision with Motor Vehicle in Transport (Not Necessarily in Transport for
2005-2009)",No,1,Non-Junction,Not an Intersection,None,4,On Roadside,1,Daylight,2,Rain,0,No Additional Atmospheric Conditions,2,Rain,No,0000000,99,99,99,99,99,99,0,None,0,None,0,None,1,0,2015-07-25 15:50:00+00:00,Siang (12-17),Akhir Pekan,Sabtu
39,Ohio,390814,1,1,0,0,0,1,1,81,5390,28,10,2015,4,1,30,0,1,Rural,7,Local,3,Town or Township Highway Agency,5,Local Street – Township,TR-129,,0,40.19880556,-80.84183333,0,No Special Jurisdiction (Includes National Forests Since 2008),23,Bridge Rail (Includes Parapet),0,"Not Collision with Motor Vehicle in Transport (Not Necessarily in Transport for
2005-2009)",No,1,Non-Junction,Not an Intersection,None,4,On Roadside,2,Dark – Not Lighted,2,Rain,0,No Additional Atmospheric Conditions,2,Rain,No,0000000,1,37,1,58,2,54,0,None,0,None,0,None,1,1,2015-10-28 01:30:00+00:00,Dini hari (00-05),Hari Kerja,Rabu
39,Ohio,390374,1,1,0,0,0,1,1,5,0,15,6,2015,2,4,21,0,1,Rural,7,Local,3,Town or Township Highway Agency,5,Local Street – Township,TR-653,,0,40.865825,-82.250125,0,No Special Jurisdiction (Includes National Forests Since 2008),34,Ditch,0,"Not Collision with Motor Vehicle in Transport (Not Necessarily in Transport for
2005-2009)",No,1,Non-Junction,Not an Intersection,None,4,On Roadside,2,Dark – Not Lighted,2,Rain,0,No Additional Atmospheric Conditions,2,Rain,No,0000000,4,21,4,28,88,88,0,None,0,None,0,None,1,1,2015-06-15 04:21:00+00:00,Dini hari (00-05),Hari Kerja,Senin
20,Kansas,200332,1,1,0,0,0,1,1,177,0,23,12,2015,4,12,5,0,1,Rural,7,Local,3,Town or Township Highway Agency,5,Local Street – Township,2ND STREET,,0,39.05109722,-95.50289444,0,No Special Jurisdiction (Includes National Forests Since 2008),42,Tree (Standing Only),0,"Not Collision with Motor Vehicle in Transport (Not Necessarily in Transport for
2005-2009)",No,1,Non-Junction,Not an Intersection,None,4,On Roadside,1,Daylight,2,Rain,0,No Additional Atmospheric Conditions,2,Rain,No,0000000,12,9,12,23,12,46,0,None,0,None,0,None,1,0,2015-12-23 12:05:00+00:00,Siang (12-17),Hari Kerja,Rabu
18,Indiana,180134,1,1,0,0,0,1,1,167,4840,26,3,2015,5,7,27,0,1,Rural,7,Local,4,City or Municipal Highway Agency,5,Local Street – Township,HULMAN DR,,0,39.44831667,-87.34465,0,No Special Jurisdiction (Includes National Forests Since 2008),24,Guardrail Face,0,"Not Collision with Motor Vehicle in Transport (Not Necessarily in Transport for
2005-2009)",No,1,Non-Junction,Not an Intersection,None,4,On Roadside,2,Dark – Not Lighted,2,Rain,0,No Additional Atmospheric Conditions,2,Rain,No,0000000,99,99,99,99,88,88,18,"Date of Crash and Date of EMS Notification Were Not Same Day (Since
1988)",0,None,0,None,1,0,2015-03-26 07:27:00+00:00,Pagi (06-11),Hari Kerja,Kamis
17,Illinois,170232,1,1,0,0,0,2,2,187,0,15,5,2015,6,7,39,0,1,Rural,7,Local,3,Town or Township Highway Agency,5,Local Street – Township,M A M TRL,,0,40.96202778,-90.71267222,0,No Special Jurisdiction (Includes National Forests Since 2008),1,Rollover/Overturn,0,"Not Collision with Motor Vehicle in Transport (Not Necessarily in Transport for
2005-2009)",No,1,Non-Junction,Not an Intersection,None,4,On Roadside,1,Daylight,2,Rain,0,No Additional Atmospheric Conditions,2,Rain,No,0000000,7,39,99,99,99,99,0,None,0,None,0,None,1,0,2015-05-15 07:39:00+00:00,Pagi (06-11),Hari Kerja,Jumat
17,Illinois,170972,1,1,0,0,0,5,5,121,0,26,12,2015,7,19,36,0,1,Rural,7,Local,3,Town or Township Highway Agency,5,Local Street – Township,FARTHING RD  (CR-400),,0,38.77367222,-89.06797222,0,No Special Jurisdiction (Includes National Forests Since 2008),3,"Immersion (or Partial Immersion, Since 2012)",0,"Not Collision with Motor Vehicle in Transport (Not Necessarily in Transport for
2005-2009)",No,1,Non-Junction,Not an Intersection,None,1,On Roadway,2,Dark – Not Lighted,2,Rain,0,No Additional Atmospheric Conditions,2,Rain,No,0000000,19,36,19,45,88,88,5,Surface Under Water,0,None,0,None,5,0,2015-12-26 19:36:00+00:00,Malam (18-23),Akhir Pekan,Sabtu
17,Illinois,170119,1,1,0,0,0,1,1,55,0,26,3,2015,5,9,23,0,1,Rural,7,Local,3,Town or Township Highway Agency,5,Local Street – Township,LOGAN RD,,0,37.87802222,-88.84484444,0,No Special Jurisdiction (Includes National Forests Since 2008),34,Ditch,0,"Not Collision with Motor Vehicle in Transport (Not Necessarily in Transport for
2005-2009)",No,1,Non-Junction,Not an Intersection,None,4,On Roadside,9,Unknown,2,Rain,0,No Additional Atmospheric Conditions,2,Rain,No,0000000,9,23,99,99,99,99,0,None,0,None,0,None,1,1,2015-03-26 09:23:00+00:00,Pagi (06-11),Hari Kerja,Kamis
17,Illinois,170928,1,1,0,0,0,1,1,55,8780,14,12,2015,2,9,56,0,1,Rural,7,Local,3,Town or Township Highway Agency,5,Local Street – Township,JEFFERSON ST,,0,38.00495833,-89.04431111,0,No Special Jurisdiction (Includes National Forests Since 2008),38,Fence,0,"Not Collision with Motor Vehicle in Transport (Not Necessarily in Transport for
2005-2009)",No,1,Non-Junction,Not an Intersection,None,4,On Roadside,1,Daylight,2,Rain,0,No Additional Atmospheric Conditions,2,Rain,No,0000000,9,56,99,99,88,88,0,None,0,None,0,None,1,0,2015-12-14 09:56:00+00:00,Pagi (06-11),Hari Kerja,Senin
36,New York,360397,1,1,0,0,0,1,1,29,3140,1,7,2015,4,23,54,0,1,Rural,7,Local,3,Town or Township Highway Agency,5,Local Street – Township,HARRIS HILL RD,,0,42.94855278,-78.67706389,0,No Special Jurisdiction (Includes National Forests Since 2008),21,Bridge Pier or Support,0,"Not Collision with Motor Vehicle in Transport (Not Necessarily in Transport for
2005-2009)",No,1,Non-Junction,Not an Intersection,None,4,On Roadside,3,Dark – Lighted,2,Rain,0,No Additional Atmospheric Conditions,2,Rain,No,0000000,23,56,99,99,88,88,0,None,0,None,0,None,1,0,2015-07-01 23:54:00+00:00,Malam (18-23),Hari Kerja,Rabu
36,New York,360952,1,1,0,0,0,1,1,103,705,11,11,2015,4,3,3,0,1,Rural,7,Local,3,Town or Township Highway Agency,5,Local Street – Township,GRANNY RD,,0,40.84886667,-72.97966667,0,No Special Jurisdiction (Includes National Forests Since 2008),30,Utility Pole/Light Support,0,"Not Collision with Motor Vehicle in Transport (Not Necessarily in Transport for
2005-2009)",No,1,Non-Junction,Not an Intersection,None,4,On Roadside,3,Dark – Lighted,2,Rain,0,No Additional Atmospheric Conditions,2,Rain,No,0000000,99,99,99,99,88,88,0,None,0,None,0,None,1,1,2015-11-11 03:03:00+00:00,Dini hari (00-05),Hari Kerja,Rabu
36,New York,360356,2,1,1,0,0,2,2,91,3712,21,6,2015,1,0,10,0,1,Rural,7,Local,3,Town or Township Highway Agency,5,Local Street – Township,HANS CREEK RD,,0,43.12343611,-74.08900833,0,No Special Jurisdiction (Includes National Forests Since 2008),35,Embankment,0,"Not Collision with Motor Vehicle in Transport (Not Necessarily in Transport for
2005-2009)",No,1,Non-Junction,Not an Intersection,None,4,On Roadside,2,Dark – Not Lighted,2,Rain,0,No Additional Atmospheric Conditions,2,Rain,No,0000000,99,99,99,99,99,99,0,None,0,None,0,None,1,1,2015-06-21 00:10:00+00:00,Dini hari (00-05),Akhir Pekan,Minggu
36,New York,360491,1,1,0,0,0,2,2,13,5991,27,6,2015,7,21,30,0,1,Rural,7,Local,3,Town or Township Highway Agency,5,Local Street – Township,BUTTS RD,,0,42.09251111,-79.41221944,0,No Special Jurisdiction (Includes National Forests Since 2008),42,Tree (Standing Only),0,"Not Collision with Motor Vehicle in Transport (Not Necessarily in Transport for
2005-2009)",No,1,Non-Junction,Not an Intersection,None,4,On Roadside,2,Dark – Not Lighted,2,Rain,0,No Additional Atmospheric Conditions,2,Rain,No,0000000,21,41,21,49,22,37,0,None,0,None,0,None,1,1,2015-06-27 21:30:00+00:00,Malam (18-23),Akhir Pekan,Sabtu
36,New York,360779,1,1,0,0,0,1,1,103,705,3,10,2015,7,8,16,0,1,Rural,7,Local,3,Town or Township Highway Agency,5,Local Street – Township,WADING RIVER RD,,0,40.81838889,-72.80011667,0,No Special Jurisdiction (Includes National Forests Since 2008),42,Tree (Standing Only),0,"Not Collision with Motor Vehicle in Transport (Not Necessarily in Transport for
2005-2009)",No,1,Non-Junction,Not an Intersection,None,4,On Roadside,1,Daylight,2,Rain,0,No Additional Atmospheric Conditions,2,Rain,No,0000000,99,99,99,99,99,99,0,None,0,None,0,None,1,0,2015-10-03 08:16:00+00:00,Pagi (06-11),Akhir Pekan,Sabtu
55,Wisconsin,550494,1,1,0,0,0,1,1,33,0,13,12,2015,1,1,30,0,1,Rural,7,Local,3,Town or Township Highway Agency,5,Local Street – Township,90TH ST,,0,44.91419167,-92.11626944,0,No Special Jurisdiction (Includes National Forests Since 2008),42,Tree (Standing Only),0,"Not Collision with Motor Vehicle in Transport (Not Necessarily in Transport for
2005-2009)",No,1,Non-Junction,Not an Intersection,None,4,On Roadside,2,Dark – Not Lighted,2,Rain,0,No Additional Atmospheric Conditions,2,Rain,No,0000000,7,59,8,10,88,88,0,None,0,None,0,None,1,1,2015-12-13 01:30:00+00:00,Dini hari (00-05),Akhir Pekan,Minggu
55,Wisconsin,550358,1,1,0,0,0,1,1,113,0,2,9,2015,4,9,51,0,1,Rural,7,Local,3,Town or Township Highway Agency,5,Local Street – Township,RIVER RD,,0,45.95558611,-91.14752778,0,No Special Jurisdiction (Includes National Forests Since 2008),42,Tree (Standing Only),0,"Not Collision with Motor Vehicle in Transport (Not Necessarily in Transport for
2005-2009)",No,1,Non-Junction,Not an Intersection,None,4,On Roadside,9,Unknown,2,Rain,0,No Additional Atmospheric Conditions,2,Rain,No,0000000,9,51,10,15,88,88,0,None,0,None,0,None,1,1,2015-09-02 09:51:00+00:00,Pagi (06-11),Hari Kerja,Rabu
42,Pennsylvania,420970,1,1,0,0,0,1,1,133,0,3,10,2015,7,23,0,0,1,Rural,7,Local,3,Town or Township Highway Agency,5,Local Street – Township,CHURCH RD,,0,39.98113889,-76.80008333,0,No Special Jurisdiction (Includes National Forests Since 2008),19,Building,0,"Not Collision with Motor Vehicle in Transport (Not Necessarily in Transport for
2005-2009)",No,1,Non-Junction,Not an Intersection,None,5,Outside Trafficway,3,Dark – Lighted,2,Rain,0,No Additional Atmospheric Conditions,2,Rain,No,0000000,99,99,99,99,88,88,0,None,0,None,0,None,1,1,2015-10-03 23:00:00+00:00,Malam (18-23),Akhir Pekan,Sabtu
42,Pennsylvania,420831,1,1,0,0,0,3,3,91,7714,10,9,2015,5,18,33,0,1,Rural,7,Local,3,Town or Township Highway Agency,5,Local Street – Township,PERKIOMEN CREEK RD,,0,40.23585833,-75.44823056,0,No Special Jurisdiction (Includes National Forests Since 2008),30,Utility Pole/Light Support,0,"Not Collision with Motor Vehicle in Transport (Not Necessarily in Transport for
2005-2009)",No,1,Non-Junction,Not an Intersection,None,4,On Roadside,1,Daylight,2,Rain,0,No Additional Atmospheric Conditions,2,Rain,No,0000000,18,34,18,41,19,28,0,None,0,None,0,None,1,0,2015-09-10 18:33:00+00:00,Malam (18-23),Hari Kerja,Kamis
42,Pennsylvania,420444,1,1,0,0,0,1,1,89,0,28,6,2015,1,0,11,0,1,Rural,7,Local,3,Town or Township Highway Agency,5,Local Street – Township,PENN ESTATES DR,,0,41.02586111,-75.24813889,0,No Special Jurisdiction (Includes National Forests Since 2008),42,Tree (Standing Only),0,"Not Collision with Motor Vehicle in Transport (Not Necessarily in Transport for
2005-2009)",No,1,Non-Junction,Not an Intersection,None,5,Outside Trafficway,2,Dark – Not Lighted,2,Rain,0,No Additional Atmospheric Conditions,2,Rain,No,0000000,99,99,99,99,99,99,0,None,0,None,0,None,1,1,2015-06-28 00:11:00+00:00,Dini hari (00-05),Akhir Pekan,Minggu
42,Pennsylvania,421078,1,1,0,0,0,1,1,11,0,19,11,2015,5,19,33,0,1,Rural,7,Local,3,Town or Township Highway Agency,5,Local Street – Township,OLD PHILADELPHIA PIKE,,0,40.24823611,-75.70516389,0,No Special Jurisdiction (Includes National Forests Since 2008),42,Tree (Standing Only),0,"Not Collision with Motor Vehicle in Transport (Not Necessarily in Transport for
2005-2009)",No,1,Non-Junction,Not an Intersection,None,4,On Roadside,2,Dark – Not Lighted,2,Rain,0,No Additional Atmospheric Conditions,2,Rain,No,0000000,99,99,99,99,99,99,0,None,0,None,0,None,1,0,2015-11-19 19:33:00+00:00,Malam (18-23),Hari Kerja,Kamis
42,Pennsylvania,420284,1,1,0,0,0,1,1,7,0,31,5,2015,1,16,30,0,1,Rural,7,Local,3,Town or Township Highway Agency,5,Local Street – Township,MCCLEARY RD,,0,40.59236111,-80.45205556,0,No Special Jurisdiction (Includes National Forests Since 2008),59,Traffic Sign Support,0,"Not Collision with Motor Vehicle in Transport (Not Necessarily in Transport for
2005-2009)",No,1,Non-Junction,Not an Intersection,None,4,On Roadside,1,Daylight,2,Rain,0,No Additional Atmospheric Conditions,2,Rain,No,0000000,16,48,17,5,88,88,0,None,0,None,0,None,1,0,2015-05-31 16:30:00+00:00,Siang (12-17),Akhir Pekan,Minggu
37,North Carolina,370977,1,1,0,0,0,1,1,109,0,3,10,2015,7,13,58,0,1,Rural,7,Local,99,Unknown,5,Local Street – Township,ST. JAMES CHURCH RD.,,99999,35.48732222,-81.01907222,0,No Special Jurisdiction (Includes National Forests Since 2008),1,Rollover/Overturn,0,"Not Collision with Motor Vehicle in Transport (Not Necessarily in Transport for
2005-2009)",No,1,Non-Junction,Not an Intersection,None,4,On Roadside,1,Daylight,2,Rain,0,No Additional Atmospheric Conditions,2,Rain,No,0000000,13,51,14,0,88,88,0,None,0,None,0,None,1,1,2015-10-03 13:58:00+00:00,Siang (12-17),Akhir Pekan,Sabtu
23,Maine,230045,1,1,0,0,0,1,1,31,5500,15,6,2015,2,7,34,0,1,Rural,7,Local,3,Town or Township Highway Agency,6,Local Street – Municipality,FORD QUINT ROAD,,99998,43.38934167,-70.77845,0,No Special Jurisdiction (Includes National Forests Since 2008),42,Tree (Standing Only),0,"Not Collision with Motor Vehicle in Transport (Not Necessarily in Transport for
2005-2009)",No,1,Non-Junction,Not an Intersection,None,6,Off Roadway – Location Unknown,1,Daylight,2,Rain,0,No Additional Atmospheric Conditions,2,Rain,No,0000000,7,37,7,45,88,88,0,None,0,None,0,None,1,1,2015-06-15 07:34:00+00:00,Pagi (06-11),Hari Kerja,Senin
1,Alabama,10568,1,1,0,0,0,1,1,117,2405,10,10,2015,7,3,54,0,1,Rural,7,Local,4,City or Municipal Highway Agency,6,Local Street – Municipality,STATE PARK RD,,0,33.32760278,-86.78229444,0,No Special Jurisdiction (Includes National Forests Since 2008),42,Tree (Standing Only),0,"Not Collision with Motor Vehicle in Transport (Not Necessarily in Transport for
2005-2009)",No,1,Non-Junction,Not an Intersection,None,4,On Roadside,2,Dark – Not Lighted,2,Rain,0,No Additional Atmospheric Conditions,2,Rain,No,0000000,4,1,4,6,88,88,0,None,0,None,0,None,1,0,2015-10-10 03:54:00+00:00,Dini hari (00-05),Akhir Pekan,Sabtu
12,Florida,120559,1,1,0,0,0,1,1,57,0,13,4,2015,2,19,2,0,1,Rural,7,Local,25,Other Local Agency,6,Local Street – Municipality,CHANNING PARK RD,,99998,27.83089444,-82.20324444,0,No Special Jurisdiction (Includes National Forests Since 2008),33,Curb,0,"Not Collision with Motor Vehicle in Transport (Not Necessarily in Transport for
2005-2009)",No,1,Non-Junction,Not an Intersection,None,4,On Roadside,1,Daylight,2,Rain,0,No Additional Atmospheric Conditions,2,Rain,No,0000000,99,99,99,99,99,99,0,None,0,None,0,None,1,1,2015-04-13 19:02:00+00:00,Malam (18-23),Hari Kerja,Senin
12,Florida,120318,1,1,0,0,0,2,2,57,0,11,3,2015,4,22,54,0,1,Rural,7,Local,3,Town or Township Highway Agency,6,Local Street – Municipality,JOE SANCHEZ RD,,99998,28.02880556,-82.16705556,0,No Special Jurisdiction (Includes National Forests Since 2008),42,Tree (Standing Only),0,"Not Collision with Motor Vehicle in Transport (Not Necessarily in Transport for
2005-2009)",No,1,Non-Junction,Not an Intersection,None,4,On Roadside,2,Dark – Not Lighted,2,Rain,0,No Additional Atmospheric Conditions,2,Rain,No,0000000,99,99,99,99,99,99,0,None,0,None,0,None,1,1,2015-03-11 22:54:00+00:00,Malam (18-23),Hari Kerja,Rabu
12,Florida,120762,1,1,0,0,0,4,4,95,2360,23,1,2015,6,22,32,0,1,Rural,7,Local,25,Other Local Agency,6,Local Street – Municipality,CLARION DR,,99998,28.60744167,-81.446175,0,No Special Jurisdiction (Includes National Forests Since 2008),42,Tree (Standing Only),0,"Not Collision with Motor Vehicle in Transport (Not Necessarily in Transport for
2005-2009)",No,1,Non-Junction,Not an Intersection,None,4,On Roadside,2,Dark – Not Lighted,2,Rain,0,No Additional Atmospheric Conditions,2,Rain,No,0000000,99,99,99,99,99,99,0,None,0,None,0,None,1,0,2015-01-23 22:32:00+00:00,Malam (18-23),Hari Kerja,Jumat
13,Georgia,130507,1,1,0,0,0,1,1,87,370,27,5,2015,4,17,31,0,1,Rural,7,Local,4,City or Municipal Highway Agency,6,Local Street – Municipality,TEN MILE STILL ROAD,,16,30.88018611,-84.63825556,0,No Special Jurisdiction (Includes National Forests Since 2008),1,Rollover/Overturn,0,"Not Collision with Motor Vehicle in Transport (Not Necessarily in Transport for
2005-2009)",No,1,Non-Junction,Not an Intersection,None,4,On Roadside,1,Daylight,2,Rain,0,No Additional Atmospheric Conditions,2,Rain,No,0000000,99,98,99,98,88,88,0,None,0,None,0,None,1,0,2015-05-27 17:31:00+00:00,Siang (12-17),Hari Kerja,Rabu
29,Missouri,290262,1,1,0,0,0,1,1,95,3240,4,5,2015,2,22,20,0,1,Rural,7,Local,2,County Highway Agency,6,Local Street – Municipality,PINK HILL RD,,25,39.05024722,-94.19504722,0,No Special Jurisdiction (Includes National Forests Since 2008),42,Tree (Standing Only),0,"Not Collision with Motor Vehicle in Transport (Not Necessarily in Transport for
2005-2009)",No,1,Non-Junction,Not an Intersection,None,4,On Roadside,2,Dark – Not Lighted,2,Rain,10,Cloudy,2,Rain,No,0000000,99,98,99,98,88,88,0,None,0,None,0,None,1,1,2015-05-04 22:20:00+00:00,Malam (18-23),Hari Kerja,Senin
53,Washington,530461,4,1,3,0,0,2,2,67,2320,18,11,2015,4,21,3,0,1,Rural,7,Local,4,City or Municipal Highway Agency,6,Local Street – Municipality,BLACK LAKE BLVED SW,,0,47.02815556,-122.94883611,0,No Special Jurisdiction (Includes National Forests Since 2008),14,Parked Motor Vehicle (Not In Transport),0,"Not Collision with Motor Vehicle in Transport (Not Necessarily in Transport for
2005-2009)",No,1,Non-Junction,Not an Intersection,None,5,Outside Trafficway,2,Dark – Not Lighted,2,Rain,0,No Additional Atmospheric Conditions,2,Rain,No,0000000,99,99,99,99,99,99,0,None,0,None,0,None,1,0,2015-11-18 21:03:00+00:00,Malam (18-23),Hari Kerja,Rabu
9,Connecticut,90110,1,1,0,0,0,1,1,11,339,3,6,2015,4,4,23,0,1,Rural,7,Local,4,City or Municipal Highway Agency,6,Local Street – Municipality,LAMBTOWN ROAD,,19,41.41283611,-71.98920556,0,No Special Jurisdiction (Includes National Forests Since 2008),59,Traffic Sign Support,0,"Not Collision with Motor Vehicle in Transport (Not Necessarily in Transport for
2005-2009)",No,1,Non-Junction,Not an Intersection,None,4,On Roadside,2,Dark – Not Lighted,2,Rain,0,No Additional Atmospheric Conditions,2,Rain,No,0000000,4,23,4,24,88,88,0,None,0,None,0,None,1,1,2015-06-03 04:23:00+00:00,Dini hari (00-05),Hari Kerja,Rabu
42,Pennsylvania,420290,1,1,0,0,0,2,2,49,0,25,5,2015,2,16,40,0,1,Rural,7,Local,3,Town or Township Highway Agency,6,Local Street – Municipality,STATELINE RD,,0,42.15123889,-79.76176944,0,No Special Jurisdiction (Includes National Forests Since 2008),19,Building,0,"Not Collision with Motor Vehicle in Transport (Not Necessarily in Transport for
2005-2009)",No,1,Non-Junction,Not an Intersection,None,5,Outside Trafficway,1,Daylight,2,Rain,0,No Additional Atmospheric Conditions,2,Rain,No,0000000,17,58,18,12,18,51,0,None,0,None,0,None,1,1,2015-05-25 16:40:00+00:00,Siang (12-17),Hari Kerja,Senin
4,Arizona,40489,1,1,0,0,0,2,2,1,0,30,7,2015,5,18,45,0,1,Rural,7,Local,98,Not Reported,8,Other,BIA 13,,0,36.42489444,-109.1998,3,Indian Reservation,35,Embankment,0,"Not Collision with Motor Vehicle in Transport (Not Necessarily in Transport for
2005-2009)",No,1,Non-Junction,Not an Intersection,None,4,On Roadside,1,Daylight,2,Rain,0,No Additional Atmospheric Conditions,2,Rain,No,0000000,18,47,19,26,20,31,0,None,0,None,0,None,1,0,2015-07-30 18:45:00+00:00,Malam (18-23),Hari Kerja,Kamis
4,Arizona,40349,1,1,0,0,0,4,4,17,0,24,5,2015,1,0,9,0,1,Rural,7,Local,62,Bureau of Indian Affairs,8,Other,BIA 8062,,0,99.9999,999.9999,3,Indian Reservation,35,Embankment,0,"Not Collision with Motor Vehicle in Transport (Not Necessarily in Transport for
2005-2009)",No,1,Non-Junction,Not an Intersection,None,4,On Roadside,2,Dark – Not Lighted,2,Rain,0,No Additional Atmospheric Conditions,2,Rain,No,0000000,0,11,1,3,99,99,0,None,0,None,0,None,1,1,2015-05-24 00:09:00+00:00,Dini hari (00-05),Akhir Pekan,Minggu
12,Florida,121549,1,1,0,0,0,1,1,83,0,15,8,2015,7,19,58,0,1,Rural,7,Local,25,Other Local Agency,8,Other,SE 47TH AVE,,99998,29.01856944,-82.07031111,0,No Special Jurisdiction (Includes National Forests Since 2008),38,Fence,0,"Not Collision with Motor Vehicle in Transport (Not Necessarily in Transport for
2005-2009)",No,1,Non-Junction,Not an Intersection,None,4,On Roadside,2,Dark – Not Lighted,2,Rain,0,No Additional Atmospheric Conditions,2,Rain,No,0000000,99,99,99,99,88,88,0,None,0,None,0,None,1,1,2015-08-15 19:58:00+00:00,Malam (18-23),Akhir Pekan,Sabtu
35,New Mexico,350119,1,1,0,0,0,1,1,33,153,9,7,2015,5,10,22,0,1,Rural,7,Local,98,Not Reported,8,Other,MOUNTAIN RD,,0,36.13234722,-105.38143333,0,No Special Jurisdiction (Includes National Forests Since 2008),1,Rollover/Overturn,0,"Not Collision with Motor Vehicle in Transport (Not Necessarily in Transport for
2005-2009)",No,1,Non-Junction,Not an Intersection,None,1,On Roadway,1,Daylight,2,Rain,0,No Additional Atmospheric Conditions,2,Rain,No,0000000,99,99,99,99,88,88,0,None,0,None,0,None,1,1,2015-07-09 10:22:00+00:00,Pagi (06-11),Hari Kerja,Kamis
51,Virginia,510496,1,1,0,0,0,1,1,145,0,29,9,2015,3,15,5,0,1,Rural,7,Local,1,State Highway Agency,9,Unknown,CARTERSVILLE RD,,99999,37.60888889,-78.00444444,0,No Special Jurisdiction (Includes National Forests Since 2008),42,Tree (Standing Only),0,"Not Collision with Motor Vehicle in Transport (Not Necessarily in Transport for
2005-2009)",No,1,Non-Junction,Not an Intersection,None,4,On Roadside,1,Daylight,2,Rain,0,No Additional Atmospheric Conditions,2,Rain,No,0000000,15,9,15,22,88,88,0,None,0,None,0,None,1,0,2015-09-29 15:05:00+00:00,Siang (12-17),Hari Kerja,Selasa
34,New Jersey,340387,1,1,0,0,0,2,2,33,2725,29,11,2015,1,0,48,0,1,Rural,7,Local,98,Not Reported,9,Unknown,WATERWORKS RD,,6,39.54941111,-75.40013889,0,No Special Jurisdiction (Includes National Forests Since 2008),42,Tree (Standing Only),0,"Not Collision with Motor Vehicle in Transport (Not Necessarily in Transport for
2005-2009)",No,1,Non-Junction,Not an Intersection,None,5,Outside Trafficway,2,Dark – Not Lighted,2,Rain,0,No Additional Atmospheric Conditions,2,Rain,No,0000000,99,99,99,99,99,99,0,None,0,None,0,None,1,1,2015-11-29 00:48:00+00:00,Dini hari (00-05),Akhir Pekan,Minggu
47,Tennessee,470922,1,1,0,0,0,2,2,181,0,25,10,2015,1,9,37,0,1,Rural,7,Local,66,National Park Service,4,County Road,CR-NATCHEZ TRACE PKWY,,22,35.03609167,-87.81791944,1,National Park Service,42,Tree (Standing Only),0,"Not Collision with Motor Vehicle in Transport (Not Necessarily in Transport for
2005-2009)",No,1,Non-Junction,Not an Intersection,None,4,On Roadside,1,Daylight,10,Cloudy,2,Rain,2,Rain,No,0000000,99,99,99,99,99,99,0,None,0,None,0,None,1,0,2015-10-25 09:37:00+00:00,Pagi (06-11),Akhir Pekan,Minggu
27,Minnesota,270118,1,1,0,0,0,2,2,7,9999,16,5,2015,7,17,12,0,1,Rural,7,Local,62,Bureau of Indian Affairs,8,Other,INDIAN SERVICE RD 40,,0,99.9999,999.9999,3,Indian Reservation,34,Ditch,0,"Not Collision with Motor Vehicle in Transport (Not Necessarily in Transport for
2005-2009)",No,1,Non-Junction,Not an Intersection,None,4,On Roadside,5,Dusk,10,Cloudy,2,Rain,2,Rain,No,0000000,99,99,99,99,99,99,0,None,0,None,0,None,1,1,2015-05-16 17:12:00+00:00,Siang (12-17),Akhir Pekan,Sabtu
45,South Carolina,450757,1,1,0,0,0,1,1,63,0,4,11,2015,4,0,10,0,1,Rural,7,Local,1,State Highway Agency,3,State Highway,SR-158,SR-1433,73,33.9347,-81.48948889,0,No Special Jurisdiction (Includes National Forests Since 2008),42,Tree (Standing Only),0,"Not Collision with Motor Vehicle in Transport (Not Necessarily in Transport for
2005-2009)",No,3,Intersection Related,T-Intersection,None,5,Outside Trafficway,2,Dark – Not Lighted,2,Rain,0,No Additional Atmospheric Conditions,2,Rain,No,0000000,88,88,88,88,88,88,0,None,0,None,0,None,1,1,2015-11-04 00:10:00+00:00,Dini hari (00-05),Hari Kerja,Rabu
5,Arkansas,50416,1,1,0,0,0,1,1,27,2490,7,11,2015,7,0,1,0,1,Rural,7,Local,2,County Highway Agency,4,County Road,CR-11,CR-34,0,33.24037778,-93.195175,0,No Special Jurisdiction (Includes National Forests Since 2008),42,Tree (Standing Only),0,"Not Collision with Motor Vehicle in Transport (Not Necessarily in Transport for
2005-2009)",No,3,Intersection Related,T-Intersection,None,4,On Roadside,2,Dark – Not Lighted,2,Rain,0,No Additional Atmospheric Conditions,2,Rain,No,0000000,99,99,99,99,88,88,0,None,0,None,0,None,1,1,2015-11-07 00:01:00+00:00,Dini hari (00-05),Akhir Pekan,Sabtu
40,Oklahoma,400485,1,1,0,0,0,2,2,121,0,5,11,2015,5,4,15,0,1,Rural,7,Local,2,County Highway Agency,4,County Road,CR-1450,FRINK CHAMBERS RD,0,34.88768333,-95.80704167,0,No Special Jurisdiction (Includes National Forests Since 2008),5,Fell/Jumped from Vehicle,0,"Not Collision with Motor Vehicle in Transport (Not Necessarily in Transport for
2005-2009)",No,3,Intersection Related,T-Intersection,None,1,On Roadway,2,Dark – Not Lighted,2,Rain,0,No Additional Atmospheric Conditions,2,Rain,No,0000000,4,29,4,35,88,88,20,Police-Pursuit-Involved (Since 1994),0,None,0,None,1,0,2015-11-05 04:15:00+00:00,Dini hari (00-05),Hari Kerja,Kamis
22,Louisiana,220248,1,1,0,0,0,2,2,1,0,25,5,2015,2,23,50,0,1,Rural,7,Local,2,County Highway Agency,4,County Road,CR-JASMINE RD,CR-FRANKEL FARMS RD,0,30.23505,-92.40605,0,No Special Jurisdiction (Includes National Forests Since 2008),35,Embankment,0,"Not Collision with Motor Vehicle in Transport (Not Necessarily in Transport for
2005-2009)",No,3,Intersection Related,T-Intersection,None,8,Gore,2,Dark – Not Lighted,2,Rain,0,No Additional Atmospheric Conditions,2,Rain,No,0000000,23,58,0,11,88,88,0,None,0,None,0,None,1,1,2015-05-25 23:50:00+00:00,Malam (18-23),Hari Kerja,Senin
50,Vermont,500046,2,1,1,0,0,1,1,15,390,3,12,2015,5,12,35,0,1,Rural,7,Local,1,State Highway Agency,5,Local Street – Township,CENTER ROAD,VT 15,99999,44.57544722,-72.59193333,0,No Special Jurisdiction (Includes National Forests Since 2008),14,Parked Motor Vehicle (Not In Transport),0,"Not Collision with Motor Vehicle in Transport (Not Necessarily in Transport for
2005-2009)",No,3,Intersection Related,T-Intersection,None,5,Outside Trafficway,1,Daylight,2,Rain,0,No Additional Atmospheric Conditions,2,Rain,No,0000000,12,37,12,37,13,5,0,None,0,None,0,None,1,0,2015-12-03 12:35:00+00:00,Siang (12-17),Hari Kerja,Kamis
36,New York,360365,1,1,0,0,0,2,2,89,1292,21,6,2015,1,9,4,0,1,Rural,7,Local,3,Town or Township Highway Agency,5,Local Street – Township,WILDWOOD RD,FRENCH HILL RD,0,44.56337778,-74.88170278,0,No Special Jurisdiction (Includes National Forests Since 2008),34,Ditch,0,"Not Collision with Motor Vehicle in Transport (Not Necessarily in Transport for
2005-2009)",No,3,Intersection Related,T-Intersection,None,4,On Roadside,1,Daylight,2,Rain,0,No Additional Atmospheric Conditions,2,Rain,No,0000000,9,4,9,21,11,6,0,None,0,None,0,None,1,1,2015-06-21 09:04:00+00:00,Pagi (06-11),Akhir Pekan,Minggu
37,North Carolina,371045,1,1,0,0,0,1,1,123,0,2,11,2015,2,18,53,0,1,Rural,7,Local,99,Unknown,5,Local Street – Township,CABIN CREEK RD.,POST OFFICE RD.,99999,35.34545278,-79.74978611,0,No Special Jurisdiction (Includes National Forests Since 2008),42,Tree (Standing Only),0,"Not Collision with Motor Vehicle in Transport (Not Necessarily in Transport for
2005-2009)",No,3,Intersection Related,T-Intersection,None,4,On Roadside,2,Dark – Not Lighted,2,Rain,0,No Additional Atmospheric Conditions,2,Rain,No,0000000,18,50,19,1,19,44,0,None,0,None,0,None,1,0,2015-11-02 18:53:00+00:00,Malam (18-23),Hari Kerja,Senin
1,Alabama,10694,2,1,1,0,0,1,1,73,350,21,12,2015,2,16,20,0,1,Rural,7,Local,4,City or Municipal Highway Agency,6,Local Street – Municipality,SAM PATE DR,MEG DR,0,33.60813333,-86.70830833,0,No Special Jurisdiction (Includes National Forests Since 2008),14,Parked Motor Vehicle (Not In Transport),0,"Not Collision with Motor Vehicle in Transport (Not Necessarily in Transport for
2005-2009)",No,3,Intersection Related,T-Intersection,None,5,Outside Trafficway,3,Dark – Lighted,2,Rain,0,No Additional Atmospheric Conditions,2,Rain,No,0000000,99,99,16,30,99,99,0,None,0,None,0,None,1,0,2015-12-21 16:20:00+00:00,Siang (12-17),Hari Kerja,Senin
12,Florida,120511,1,1,0,0,0,1,1,99,0,28,3,2015,7,2,15,0,1,Rural,7,Local,25,Other Local Agency,6,Local Street – Municipality,LAKE OSBORNE DR,BUFFALO ST,99998,26.61518056,-80.07384167,0,No Special Jurisdiction (Includes National Forests Since 2008),38,Fence,0,"Not Collision with Motor Vehicle in Transport (Not Necessarily in Transport for
2005-2009)",No,3,Intersection Related,T-Intersection,None,4,On Roadside,6,Dark – Unknown Lighting,2,Rain,0,No Additional Atmospheric Conditions,2,Rain,No,0000000,99,99,99,99,88,88,0,None,0,None,0,None,1,1,2015-03-28 02:15:00+00:00,Dini hari (00-05),Akhir Pekan,Sabtu
47,Tennessee,470837,1,1,0,0,0,1,1,155,920,1,12,2015,3,21,38,0,1,Rural,7,Local,4,City or Municipal Highway Agency,6,Local Street – Municipality,CHEROKEE ORCHARD RD,AIRPORT RD/HISTORIC NATURE TRA,0,35.70268889,-83.5152,0,No Special Jurisdiction (Includes National Forests Since 2008),35,Embankment,0,"Not Collision with Motor Vehicle in Transport (Not Necessarily in Transport for
2005-2009)",No,3,Intersection Related,T-Intersection,None,4,On Roadside,2,Dark – Not Lighted,2,Rain,0,No Additional Atmospheric Conditions,2,Rain,No,0000000,99,99,99,99,99,99,20,Police-Pursuit-Involved (Since 1994),0,None,0,None,1,1,2015-12-01 21:38:00+00:00,Malam (18-23),Hari Kerja,Selasa
29,Missouri,290778,1,1,0,0,0,1,1,93,0,28,12,2015,2,9,15,0,1,Rural,7,Local,2,County Highway Agency,4,County Road,CR-32,,3,37.66202778,-90.64733333,0,No Special Jurisdiction (Includes National Forests Since 2008),10,Railway Vehicle,0,"Not Collision with Motor Vehicle in Transport (Not Necessarily in Transport for
2005-2009)",No,6,Railway Grade Crossing,Not an Intersection,None,1,On Roadway,1,Daylight,2,Rain,0,No Additional Atmospheric Conditions,2,Rain,No,445951G,99,99,99,99,99,99,0,None,0,None,0,None,1,0,2015-12-28 09:15:00+00:00,Pagi (06-11),Hari Kerja,Senin
25,Massachusetts,250028,1,1,0,0,0,1,1,13,472,10,4,2015,6,1,20,0,1,Rural,7,Local,3,Town or Township Highway Agency,8,Other,BENNETT ROAD,,99998,42.07774167,-72.381775,0,No Special Jurisdiction (Includes National Forests Since 2008),35,Embankment,0,"Not Collision with Motor Vehicle in Transport (Not Necessarily in Transport for
2005-2009)",No,8,Driveway Access Related,Not an Intersection,None,4,On Roadside,2,Dark – Not Lighted,2,Rain,10,Cloudy,2,Rain,No,0000000,99,99,99,99,99,99,0,None,0,None,0,None,1,0,2015-04-10 01:20:00+00:00,Dini hari (00-05),Hari Kerja,Jumat
48,Texas,480009,1,1,0,0,0,2,2,339,0,1,1,2015,5,2,9,0,2,Urban,7,Local,98,Not Reported,4,County Road,CR-ROCKY RD,,0,30.29596389,-95.37448889,0,No Special Jurisdiction (Includes National Forests Since 2008),1,Rollover/Overturn,0,"Not Collision with Motor Vehicle in Transport (Not Necessarily in Transport for
2005-2009)",No,1,Non-Junction,Not an Intersection,None,4,On Roadside,2,Dark – Not Lighted,2,Rain,0,No Additional Atmospheric Conditions,2,Rain,No,0000000,99,99,99,99,88,88,0,None,0,None,0,None,1,1,2015-01-01 02:09:00+00:00,Dini hari (00-05),Hari Kerja,Kamis
48,Texas,480056,1,1,0,0,0,4,4,339,0,11,1,2015,1,3,27,0,2,Urban,7,Local,98,Not Reported,4,County Road,CR-CAPITOL HILL RD,,0,30.32975833,-95.59551944,0,No Special Jurisdiction (Includes National Forests Since 2008),43,Other Fixed Object,0,"Not Collision with Motor Vehicle in Transport (Not Necessarily in Transport for
2005-2009)",No,1,Non-Junction,Not an Intersection,None,4,On Roadside,2,Dark – Not Lighted,2,Rain,0,No Additional Atmospheric Conditions,2,Rain,No,0000000,99,99,99,99,99,99,0,None,0,None,0,None,2,1,2015-01-11 03:27:00+00:00,Dini hari (00-05),Akhir Pekan,Minggu
48,Texas,480619,1,1,0,0,0,3,3,215,0,19,3,2015,5,3,15,0,2,Urban,7,Local,98,Not Reported,4,County Road,CR-RAMSEYER RD,,0,26.36079722,-98.11202778,0,No Special Jurisdiction (Includes National Forests Since 2008),53,Mail Box,0,"Not Collision with Motor Vehicle in Transport (Not Necessarily in Transport for
2005-2009)",No,1,Non-Junction,Not an Intersection,None,4,On Roadside,2,Dark – Not Lighted,2,Rain,0,No Additional Atmospheric Conditions,2,Rain,No,0000000,99,99,99,99,99,99,0,None,0,None,0,None,1,1,2015-03-19 03:15:00+00:00,Dini hari (00-05),Hari Kerja,Kamis
12,Florida,121437,1,1,0,0,0,1,1,1,1620,2,8,2015,1,2,0,0,2,Urban,7,Local,2,County Highway Agency,4,County Road,CR-231,,99998,29.82053889,-82.34661389,0,No Special Jurisdiction (Includes National Forests Since 2008),35,Embankment,0,"Not Collision with Motor Vehicle in Transport (Not Necessarily in Transport for
2005-2009)",No,1,Non-Junction,Not an Intersection,None,4,On Roadside,2,Dark – Not Lighted,2,Rain,0,No Additional Atmospheric Conditions,2,Rain,No,0000000,99,99,99,99,88,88,0,None,0,None,0,None,1,1,2015-08-02 02:00:00+00:00,Dini hari (00-05),Akhir Pekan,Minggu
13,Georgia,130171,1,1,0,0,0,1,1,145,0,22,2,2015,1,7,53,0,2,Urban,7,Local,2,County Highway Agency,4,County Road,CR-HAMILTON PLEASANT GROVE RD,,3,32.77742222,-84.90286667,0,No Special Jurisdiction (Includes National Forests Since 2008),1,Rollover/Overturn,0,"Not Collision with Motor Vehicle in Transport (Not Necessarily in Transport for
2005-2009)",No,1,Non-Junction,Not an Intersection,None,4,On Roadside,1,Daylight,2,Rain,0,No Additional Atmospheric Conditions,2,Rain,No,0000000,7,43,7,51,88,88,0,None,0,None,0,None,1,0,2015-02-22 07:53:00+00:00,Pagi (06-11),Akhir Pekan,Minggu
13,Georgia,130932,1,1,0,0,0,1,1,45,0,24,9,2015,5,23,49,0,2,Urban,7,Local,2,County Highway Agency,4,County Road,CR-FLAT ROCK ROAD,,0,33.672325,-84.91285556,0,No Special Jurisdiction (Includes National Forests Since 2008),34,Ditch,0,"Not Collision with Motor Vehicle in Transport (Not Necessarily in Transport for
2005-2009)",No,1,Non-Junction,Not an Intersection,None,4,On Roadside,2,Dark – Not Lighted,2,Rain,0,No Additional Atmospheric Conditions,2,Rain,No,0000000,23,49,0,1,1,14,0,None,0,None,0,None,1,0,2015-09-24 23:49:00+00:00,Malam (18-23),Hari Kerja,Kamis
13,Georgia,130240,1,1,0,0,0,1,1,117,0,14,3,2015,7,5,38,0,2,Urban,7,Local,2,County Highway Agency,4,County Road,CR-200 / MOUNTAIN RD,,4,34.24543611,-84.11594722,0,No Special Jurisdiction (Includes National Forests Since 2008),34,Ditch,0,"Not Collision with Motor Vehicle in Transport (Not Necessarily in Transport for
2005-2009)",No,1,Non-Junction,Not an Intersection,None,4,On Roadside,2,Dark – Not Lighted,2,Rain,0,No Additional Atmospheric Conditions,2,Rain,No,0000000,5,40,5,51,88,88,0,None,0,None,0,None,1,0,2015-03-14 05:38:00+00:00,Dini hari (00-05),Akhir Pekan,Sabtu
13,Georgia,130317,1,1,0,0,0,1,1,15,0,3,4,2015,6,23,56,0,2,Urban,7,Local,2,County Highway Agency,4,County Road,CR-683 / TOWER RIDGE RD,,0,34.23383056,-84.83616111,0,No Special Jurisdiction (Includes National Forests Since 2008),53,Mail Box,0,"Not Collision with Motor Vehicle in Transport (Not Necessarily in Transport for
2005-2009)",No,1,Non-Junction,Not an Intersection,None,4,On Roadside,2,Dark – Not Lighted,2,Rain,0,No Additional Atmospheric Conditions,2,Rain,No,0000000,23,54,0,2,88,88,0,None,0,None,0,None,1,0,2015-04-03 23:56:00+00:00,Malam (18-23),Hari Kerja,Jumat
17,Illinois,170267,1,1,0,0,0,1,1,193,0,30,5,2015,7,20,39,0,2,Urban,7,Local,2,County Highway Agency,4,County Road,CR-19  (1100N),,0,38.03936389,-88.25800833,0,No Special Jurisdiction (Includes National Forests Since 2008),53,Mail Box,0,"Not Collision with Motor Vehicle in Transport (Not Necessarily in Transport for
2005-2009)",No,1,Non-Junction,Not an Intersection,None,4,On Roadside,2,Dark – Not Lighted,2,Rain,0,No Additional Atmospheric Conditions,2,Rain,No,0000000,20,39,99,99,88,88,0,None,0,None,0,None,1,1,2015-05-30 20:39:00+00:00,Malam (18-23),Akhir Pekan,Sabtu
24,Maryland,240366,3,1,2,0,1,1,2,43,0,28,10,2015,4,17,11,0,2,Urban,7,Local,2,County Highway Agency,4,County Road,CR-1300,,2,39.68948611,-77.73039444,0,No Special Jurisdiction (Includes National Forests Since 2008),17,Boulder,0,"Not Collision with Motor Vehicle in Transport (Not Necessarily in Transport for
2005-2009)",No,1,Non-Junction,Not an Intersection,None,4,On Roadside,1,Daylight,2,Rain,0,No Additional Atmospheric Conditions,2,Rain,No,0000000,17,12,17,16,18,7,14,"Motor Vehicle (In Transport 1983-2004) Struck By Falling Cargo or
Something That Came Loose From or Something That Was Set in Motion By
a Vehicle
(Since 1983)",0,None,0,None,1,0,2015-10-28 17:11:00+00:00,Siang (12-17),Hari Kerja,Rabu
47,Tennessee,470398,1,1,0,0,0,3,3,155,0,5,7,2015,1,1,50,0,2,Urban,7,Local,2,County Highway Agency,4,County Road,CR-N SHILOH RD,,13,35.87551111,-83.71448056,0,No Special Jurisdiction (Includes National Forests Since 2008),5,Fell/Jumped from Vehicle,0,"Not Collision with Motor Vehicle in Transport (Not Necessarily in Transport for
2005-2009)",No,1,Non-Junction,Not an Intersection,None,1,On Roadway,2,Dark – Not Lighted,2,Rain,0,No Additional Atmospheric Conditions,2,Rain,No,0000000,99,99,99,99,99,99,0,None,0,None,0,None,1,0,2015-07-05 01:50:00+00:00,Dini hari (00-05),Akhir Pekan,Minggu
47,Tennessee,470756,1,1,0,0,0,4,4,29,0,27,10,2015,3,4,30,0,2,Urban,7,Local,2,County Highway Agency,4,County Road,CR-OLD ASHEVILLE HWY,,7,35.95811944,-83.14558056,0,No Special Jurisdiction (Includes National Forests Since 2008),34,Ditch,0,"Not Collision with Motor Vehicle in Transport (Not Necessarily in Transport for
2005-2009)",No,1,Non-Junction,Not an Intersection,None,4,On Roadside,2,Dark – Not Lighted,2,Rain,0,No Additional Atmospheric Conditions,2,Rain,No,0000000,99,99,99,99,99,99,0,None,0,None,0,None,1,1,2015-10-27 04:30:00+00:00,Dini hari (00-05),Hari Kerja,Selasa
47,Tennessee,470914,1,1,0,0,0,1,1,9,0,28,10,2015,4,11,44,0,2,Urban,7,Local,2,County Highway Agency,4,County Road,CR-DISCO LOOP RD,,6,35.77106944,-84.14086944,0,No Special Jurisdiction (Includes National Forests Since 2008),42,Tree (Standing Only),0,"Not Collision with Motor Vehicle in Transport (Not Necessarily in Transport for
2005-2009)",No,1,Non-Junction,Not an Intersection,None,4,On Roadside,1,Daylight,2,Rain,0,No Additional Atmospheric Conditions,2,Rain,No,0000000,99,99,99,99,99,99,0,None,0,None,0,None,1,0,2015-10-28 11:44:00+00:00,Pagi (06-11),Hari Kerja,Rabu
18,Indiana,180138,1,1,0,0,0,2,2,127,4960,29,3,2015,1,20,30,0,2,Urban,7,Local,4,City or Municipal Highway Agency,5,Local Street – Township,RANSOM RD,,0,41.49986667,-87.091275,0,No Special Jurisdiction (Includes National Forests Since 2008),30,Utility Pole/Light Support,0,"Not Collision with Motor Vehicle in Transport (Not Necessarily in Transport for
2005-2009)",No,1,Non-Junction,Not an Intersection,None,4,On Roadside,2,Dark – Not Lighted,2,Rain,0,No Additional Atmospheric Conditions,2,Rain,No,0000000,99,99,99,99,99,99,0,None,0,None,0,None,1,0,2015-03-29 20:30:00+00:00,Malam (18-23),Akhir Pekan,Minggu
18,Indiana,180257,1,1,0,0,0,2,2,141,4580,31,5,2015,1,3,0,0,2,Urban,7,Local,4,City or Municipal Highway Agency,5,Local Street – Township,MAIN ST,,0,41.65771111,-86.25137222,0,No Special Jurisdiction (Includes National Forests Since 2008),30,Utility Pole/Light Support,0,"Not Collision with Motor Vehicle in Transport (Not Necessarily in Transport for
2005-2009)",No,1,Non-Junction,Not an Intersection,None,4,On Roadside,2,Dark – Not Lighted,2,Rain,0,No Additional Atmospheric Conditions,2,Rain,No,0000000,99,99,99,99,99,99,0,None,0,None,0,None,1,1,2015-05-31 03:00:00+00:00,Dini hari (00-05),Akhir Pekan,Minggu
18,Indiana,180459,1,1,0,0,0,1,1,97,2210,6,8,2015,5,7,30,0,2,Urban,7,Local,4,City or Municipal Highway Agency,5,Local Street – Township,10TH ST,,0,39.78059167,-86.21025278,0,No Special Jurisdiction (Includes National Forests Since 2008),30,Utility Pole/Light Support,0,"Not Collision with Motor Vehicle in Transport (Not Necessarily in Transport for
2005-2009)",No,1,Non-Junction,Not an Intersection,None,4,On Roadside,4,Dawn,2,Rain,0,No Additional Atmospheric Conditions,2,Rain,No,0000000,99,99,99,99,99,99,0,None,0,None,0,None,1,0,2015-08-06 07:30:00+00:00,Pagi (06-11),Hari Kerja,Kamis
17,Illinois,170407,1,1,0,0,0,1,1,141,0,7,6,2015,1,8,13,0,2,Urban,7,Local,3,Town or Township Highway Agency,5,Local Street – Township,WATERTOWN RD,,0,41.97233333,-89.29280278,0,No Special Jurisdiction (Includes National Forests Since 2008),34,Ditch,0,"Not Collision with Motor Vehicle in Transport (Not Necessarily in Transport for
2005-2009)",No,1,Non-Junction,Not an Intersection,None,4,On Roadside,1,Daylight,2,Rain,0,No Additional Atmospheric Conditions,2,Rain,No,0000000,8,13,99,99,99,99,0,None,0,None,0,None,1,0,2015-06-07 08:13:00+00:00,Pagi (06-11),Akhir Pekan,Minggu
36,New York,360947,1,1,0,0,0,1,1,103,3933,9,10,2015,6,18,55,0,2,Urban,7,Local,3,Town or Township Highway Agency,5,Local Street – Township,228 N COUNTRY RD,,0,40.95256389,-73.01935,0,No Special Jurisdiction (Includes National Forests Since 2008),24,Guardrail Face,0,"Not Collision with Motor Vehicle in Transport (Not Necessarily in Transport for
2005-2009)",No,1,Non-Junction,Not an Intersection,None,4,On Roadside,2,Dark – Not Lighted,2,Rain,10,Cloudy,2,Rain,No,0000000,99,99,99,99,99,99,0,None,0,None,0,None,1,1,2015-10-09 18:55:00+00:00,Malam (18-23),Hari Kerja,Jumat
36,New York,360895,1,1,0,0,0,1,1,59,6250,1,12,2015,3,0,0,0,2,Urban,7,Local,3,Town or Township Highway Agency,5,Local Street – Township,1569 DUTCH BROADWAY,,0,40.68616944,-73.69956389,0,No Special Jurisdiction (Includes National Forests Since 2008),30,Utility Pole/Light Support,0,"Not Collision with Motor Vehicle in Transport (Not Necessarily in Transport for
2005-2009)",No,1,Non-Junction,Not an Intersection,None,4,On Roadside,3,Dark – Lighted,2,Rain,10,Cloudy,2,Rain,No,0000000,0,2,0,4,0,41,0,None,0,None,0,None,1,1,2015-12-01 00:00:00+00:00,Dini hari (00-05),Hari Kerja,Selasa
42,Pennsylvania,420647,1,1,0,0,0,2,2,29,0,2,10,2015,6,16,31,0,2,Urban,7,Local,3,Town or Township Highway Agency,5,Local Street – Township,GLENN AVE,,0,40.04077778,-75.46072222,0,No Special Jurisdiction (Includes National Forests Since 2008),33,Curb,0,"Not Collision with Motor Vehicle in Transport (Not Necessarily in Transport for
2005-2009)",No,1,Non-Junction,Not an Intersection,None,4,On Roadside,1,Daylight,2,Rain,0,No Additional Atmospheric Conditions,2,Rain,No,0000000,16,32,16,36,16,59,0,None,0,None,0,None,2,1,2015-10-02 16:31:00+00:00,Siang (12-17),Hari Kerja,Jumat
39,Ohio,390055,1,1,0,0,0,1,1,109,0,1,2,2015,1,17,10,0,2,Urban,7,Local,3,Town or Township Highway Agency,6,Local Street – Municipality,PIQUA-CLAYTON RD.,,0,40.14740278,-84.29381944,0,No Special Jurisdiction (Includes National Forests Since 2008),42,Tree (Standing Only),0,"Not Collision with Motor Vehicle in Transport (Not Necessarily in Transport for
2005-2009)",No,1,Non-Junction,Not an Intersection,None,4,On Roadside,5,Dusk,2,Rain,0,No Additional Atmospheric Conditions,2,Rain,No,0000000,17,12,17,19,88,88,0,None,0,None,0,None,1,1,2015-02-01 17:10:00+00:00,Siang (12-17),Akhir Pekan,Minggu
48,Texas,483026,3,1,2,0,0,1,1,141,2190,23,12,2015,4,4,45,0,2,Urban,7,Local,98,Not Reported,6,Local Street – Municipality,DALE DOUGLAS,,0,31.76509444,-106.30821389,0,No Special Jurisdiction (Includes National Forests Since 2008),14,Parked Motor Vehicle (Not In Transport),0,"Not Collision with Motor Vehicle in Transport (Not Necessarily in Transport for
2005-2009)",No,1,Non-Junction,Not an Intersection,None,5,Outside Trafficway,2,Dark – Not Lighted,2,Rain,0,No Additional Atmospheric Conditions,2,Rain,No,0000000,4,54,5,1,5,18,14,"Motor Vehicle (In Transport 1983-2004) Struck By Falling Cargo or
Something That Came Loose From or Something That Was Set in Motion By
a Vehicle
(Since 1983)",0,None,0,None,1,0,2015-12-23 04:45:00+00:00,Dini hari (00-05),Hari Kerja,Rabu
48,Texas,481069,1,1,0,0,0,2,2,409,3380,8,3,2015,1,19,23,0,2,Urban,7,Local,98,Not Reported,6,Local Street – Municipality,1ST ST,,0,27.87829444,-97.20937778,0,No Special Jurisdiction (Includes National Forests Since 2008),30,Utility Pole/Light Support,0,"Not Collision with Motor Vehicle in Transport (Not Necessarily in Transport for
2005-2009)",No,1,Non-Junction,Not an Intersection,None,4,On Roadside,1,Daylight,2,Rain,0,No Additional Atmospheric Conditions,2,Rain,No,0000000,99,99,99,99,99,99,0,None,0,None,0,None,1,1,2015-03-08 19:23:00+00:00,Malam (18-23),Akhir Pekan,Minggu
48,Texas,481052,1,1,0,0,0,2,2,41,970,24,5,2015,1,2,12,0,2,Urban,7,Local,98,Not Reported,6,Local Street – Municipality,FAIRWAY DR,,0,30.63392778,-96.364975,0,No Special Jurisdiction (Includes National Forests Since 2008),33,Curb,0,"Not Collision with Motor Vehicle in Transport (Not Necessarily in Transport for
2005-2009)",No,1,Non-Junction,Not an Intersection,None,4,On Roadside,2,Dark – Not Lighted,2,Rain,0,No Additional Atmospheric Conditions,2,Rain,No,0000000,99,98,99,98,88,88,20,Police-Pursuit-Involved (Since 1994),0,None,0,None,2,1,2015-05-24 02:12:00+00:00,Dini hari (00-05),Akhir Pekan,Minggu
48,Texas,481459,1,1,0,0,0,1,1,459,2047,27,6,2015,7,6,12,0,2,Urban,7,Local,98,Not Reported,6,Local Street – Municipality,EAST MOUNTAIN RD,,0,32.58518889,-94.85901111,0,No Special Jurisdiction (Includes National Forests Since 2008),42,Tree (Standing Only),0,"Not Collision with Motor Vehicle in Transport (Not Necessarily in Transport for
2005-2009)",No,1,Non-Junction,Not an Intersection,None,4,On Roadside,4,Dawn,2,Rain,0,No Additional Atmospheric Conditions,2,Rain,No,0000000,99,98,99,98,88,88,0,None,0,None,0,None,1,0,2015-06-27 06:12:00+00:00,Pagi (06-11),Akhir Pekan,Sabtu
48,Texas,480708,1,1,0,0,0,1,1,309,0,5,4,2015,1,7,0,0,2,Urban,7,Local,98,Not Reported,6,Local Street – Municipality,WILDFLOWER DR,,0,31.448475,-97.36255833,0,No Special Jurisdiction (Includes National Forests Since 2008),42,Tree (Standing Only),0,"Not Collision with Motor Vehicle in Transport (Not Necessarily in Transport for
2005-2009)",No,1,Non-Junction,Not an Intersection,None,4,On Roadside,2,Dark – Not Lighted,2,Rain,0,No Additional Atmospheric Conditions,2,Rain,No,0000000,99,98,99,98,88,88,0,None,0,None,0,None,1,1,2015-04-05 07:00:00+00:00,Pagi (06-11),Akhir Pekan,Minggu
1,Alabama,10724,1,1,0,0,0,1,1,71,2720,26,10,2015,2,13,50,0,2,Urban,7,Local,4,City or Municipal Highway Agency,6,Local Street – Municipality,CLEMONS RD,,0,34.62593056,-86.01226667,0,No Special Jurisdiction (Includes National Forests Since 2008),30,Utility Pole/Light Support,0,"Not Collision with Motor Vehicle in Transport (Not Necessarily in Transport for
2005-2009)",No,1,Non-Junction,Not an Intersection,None,4,On Roadside,1,Daylight,2,Rain,0,No Additional Atmospheric Conditions,2,Rain,No,0000000,13,45,14,8,14,36,0,None,0,None,0,None,1,0,2015-10-26 13:50:00+00:00,Siang (12-17),Hari Kerja,Senin
12,Florida,120457,1,1,0,0,0,1,1,127,825,1,3,2015,1,0,22,0,2,Urban,7,Local,25,Other Local Agency,6,Local Street – Municipality,DELTONA BLVD,,99998,28.88308056,-81.27943889,0,No Special Jurisdiction (Includes National Forests Since 2008),19,Building,0,"Not Collision with Motor Vehicle in Transport (Not Necessarily in Transport for
2005-2009)",No,1,Non-Junction,Not an Intersection,None,5,Outside Trafficway,3,Dark – Lighted,2,Rain,0,No Additional Atmospheric Conditions,2,Rain,No,0000000,99,99,99,99,99,99,0,None,0,None,0,None,1,1,2015-03-01 00:22:00+00:00,Dini hari (00-05),Akhir Pekan,Minggu
12,Florida,122037,1,1,0,0,0,1,1,31,1510,28,10,2015,4,8,0,0,2,Urban,7,Local,25,Other Local Agency,6,Local Street – Municipality,BRANANFIELD RD,,99998,30.19852778,-81.83851944,0,No Special Jurisdiction (Includes National Forests Since 2008),25,Concrete Traffic Barrier,0,"Not Collision with Motor Vehicle in Transport (Not Necessarily in Transport for
2005-2009)",No,1,Non-Junction,Not an Intersection,None,4,On Roadside,2,Dark – Not Lighted,2,Rain,0,No Additional Atmospheric Conditions,2,Rain,No,0000000,99,99,99,99,88,88,0,None,0,None,0,None,1,0,2015-10-28 08:00:00+00:00,Pagi (06-11),Hari Kerja,Rabu
12,Florida,121343,1,1,0,0,0,1,1,11,663,18,7,2015,7,13,12,0,2,Urban,7,Local,1,State Highway Agency,6,Local Street – Municipality,PINE ISLAND RD,,99998,26.03361389,-80.26463611,0,No Special Jurisdiction (Includes National Forests Since 2008),33,Curb,0,"Not Collision with Motor Vehicle in Transport (Not Necessarily in Transport for
2005-2009)",No,1,Non-Junction,Not an Intersection,None,3,On Median,1,Daylight,2,Rain,0,No Additional Atmospheric Conditions,2,Rain,No,0000000,99,99,99,99,88,88,0,None,0,None,0,None,1,0,2015-07-18 13:12:00+00:00,Siang (12-17),Akhir Pekan,Sabtu
12,Florida,121967,1,1,0,0,0,1,1,107,0,30,8,2015,1,20,30,0,2,Urban,7,Local,25,Other Local Agency,6,Local Street – Municipality,MASON ROAD,,99998,29.71581111,-82.01276111,0,No Special Jurisdiction (Includes National Forests Since 2008),38,Fence,0,"Not Collision with Motor Vehicle in Transport (Not Necessarily in Transport for
2005-2009)",No,1,Non-Junction,Not an Intersection,None,5,Outside Trafficway,2,Dark – Not Lighted,2,Rain,0,No Additional Atmospheric Conditions,2,Rain,No,0000000,99,99,99,99,88,88,18,"Date of Crash and Date of EMS Notification Were Not Same Day (Since
1988)",0,None,0,None,1,1,2015-08-30 20:30:00+00:00,Malam (18-23),Akhir Pekan,Minggu
12,Florida,121318,1,1,0,0,0,1,1,81,340,16,7,2015,5,11,52,0,2,Urban,7,Local,1,State Highway Agency,6,Local Street – Municipality,MARTIN LUTHER KING AVE,,99998,27.49143056,-82.54361389,0,No Special Jurisdiction (Includes National Forests Since 2008),38,Fence,0,"Not Collision with Motor Vehicle in Transport (Not Necessarily in Transport for
2005-2009)",No,1,Non-Junction,Not an Intersection,None,5,Outside Trafficway,1,Daylight,2,Rain,0,No Additional Atmospheric Conditions,2,Rain,No,0000000,99,99,99,99,99,99,0,None,0,None,0,None,1,0,2015-07-16 11:52:00+00:00,Pagi (06-11),Hari Kerja,Kamis
12,Florida,122585,1,1,0,0,0,1,1,69,0,22,11,2015,1,4,40,0,2,Urban,7,Local,25,Other Local Agency,6,Local Street – Municipality,TUSCANOOGA RD,,99998,28.61848056,-81.94235,0,No Special Jurisdiction (Includes National Forests Since 2008),42,Tree (Standing Only),0,"Not Collision with Motor Vehicle in Transport (Not Necessarily in Transport for
2005-2009)",No,1,Non-Junction,Not an Intersection,None,4,On Roadside,2,Dark – Not Lighted,2,Rain,0,No Additional Atmospheric Conditions,2,Rain,No,0000000,99,99,99,99,88,88,0,None,0,None,0,None,1,1,2015-11-22 04:40:00+00:00,Dini hari (00-05),Akhir Pekan,Minggu
12,Florida,121745,1,1,0,0,0,3,3,33,0,11,9,2015,6,14,52,0,2,Urban,7,Local,25,Other Local Agency,6,Local Street – Municipality,NORTHPOINTE PKWY,,99998,30.50566944,-87.16856111,0,No Special Jurisdiction (Includes National Forests Since 2008),42,Tree (Standing Only),0,"Not Collision with Motor Vehicle in Transport (Not Necessarily in Transport for
2005-2009)",No,1,Non-Junction,Not an Intersection,None,3,On Median,1,Daylight,2,Rain,0,No Additional Atmospheric Conditions,2,Rain,No,0000000,99,99,99,99,99,99,0,None,0,None,0,None,1,0,2015-09-11 14:52:00+00:00,Siang (12-17),Hari Kerja,Jumat
13,Georgia,131126,1,1,0,0,0,1,1,121,280,9,11,2015,2,5,28,0,2,Urban,7,Local,4,City or Municipal Highway Agency,6,Local Street – Municipality,WOODHAVEN RD,,0,33.84523333,-84.39768889,0,No Special Jurisdiction (Includes National Forests Since 2008),18,Other Object (Not Fixed),0,"Not Collision with Motor Vehicle in Transport (Not Necessarily in Transport for
2005-2009)",No,1,Non-Junction,Not an Intersection,None,1,On Roadway,3,Dark – Lighted,2,Rain,0,No Additional Atmospheric Conditions,2,Rain,No,0000000,88,88,88,88,88,88,0,None,0,None,0,None,1,0,2015-11-09 05:28:00+00:00,Dini hari (00-05),Hari Kerja,Senin
5,Arkansas,50396,1,1,0,0,0,1,1,31,2070,26,10,2015,2,16,45,0,2,Urban,7,Local,3,Town or Township Highway Agency,6,Local Street – Municipality,CS- CW POST ROAD,,0,35.80704722,-90.59848611,0,No Special Jurisdiction (Includes National Forests Since 2008),24,Guardrail Face,0,"Not Collision with Motor Vehicle in Transport (Not Necessarily in Transport for
2005-2009)",No,1,Non-Junction,Not an Intersection,None,4,On Roadside,1,Daylight,2,Rain,0,No Additional Atmospheric Conditions,2,Rain,No,0000000,16,49,16,56,88,88,0,None,0,None,0,None,1,0,2015-10-26 16:45:00+00:00,Siang (12-17),Hari Kerja,Senin
8,Colorado,80233,1,1,0,0,0,3,3,41,430,20,5,2015,4,22,4,0,2,Urban,7,Local,4,City or Municipal Highway Agency,6,Local Street – Municipality,RIDGE RD,,0,38.86225833,-104.87898611,0,No Special Jurisdiction (Includes National Forests Since 2008),17,Boulder,0,"Not Collision with Motor Vehicle in Transport (Not Necessarily in Transport for
2005-2009)",No,1,Non-Junction,Not an Intersection,None,4,On Roadside,2,Dark – Not Lighted,2,Rain,0,No Additional Atmospheric Conditions,2,Rain,No,0000000,22,4,22,8,88,88,0,None,0,None,0,None,1,1,2015-05-20 22:04:00+00:00,Malam (18-23),Hari Kerja,Rabu
26,Michigan,260653,1,1,0,0,0,1,1,75,2500,4,10,2015,1,4,20,0,2,Urban,7,Local,98,Not Reported,6,Local Street – Municipality,WISNER ST,,4,42.23809722,-84.42820833,0,No Special Jurisdiction (Includes National Forests Since 2008),42,Tree (Standing Only),0,"Not Collision with Motor Vehicle in Transport (Not Necessarily in Transport for
2005-2009)",No,1,Non-Junction,Not an Intersection,None,4,On Roadside,2,Dark – Not Lighted,2,Rain,0,No Additional Atmospheric Conditions,2,Rain,No,0000000,4,22,4,28,88,88,0,None,0,None,0,None,1,0,2015-10-04 04:20:00+00:00,Dini hari (00-05),Akhir Pekan,Minggu
29,Missouri,290634,1,1,0,0,0,5,5,213,3760,9,10,2015,6,9,0,0,2,Urban,7,Local,4,City or Municipal Highway Agency,6,Local Street – Municipality,BIRCH ST,,2,36.61727778,-93.22563889,0,No Special Jurisdiction (Includes National Forests Since 2008),30,Utility Pole/Light Support,0,"Not Collision with Motor Vehicle in Transport (Not Necessarily in Transport for
2005-2009)",No,1,Non-Junction,Not an Intersection,None,4,On Roadside,1,Daylight,2,Rain,10,Cloudy,2,Rain,No,0000000,8,59,9,0,9,32,0,None,0,None,0,None,1,0,2015-10-09 09:00:00+00:00,Pagi (06-11),Hari Kerja,Jumat
31,Nebraska,310073,1,1,0,0,0,1,1,109,2830,10,5,2015,1,13,28,0,2,Urban,7,Local,4,City or Municipal Highway Agency,6,Local Street – Municipality,ADAMS ST,,0,40.84252222,-96.61007222,0,No Special Jurisdiction (Includes National Forests Since 2008),31,"Other Post, Other Pole, or Other Support",0,"Not Collision with Motor Vehicle in Transport (Not Necessarily in Transport for
2005-2009)",No,1,Non-Junction,Not an Intersection,None,4,On Roadside,1,Daylight,2,Rain,0,No Additional Atmospheric Conditions,2,Rain,No,0000000,88,88,88,88,88,88,0,None,0,None,0,None,1,0,2015-05-10 13:28:00+00:00,Siang (12-17),Akhir Pekan,Minggu
36,New York,360571,1,1,0,0,0,2,2,47,4170,20,8,2015,5,23,26,0,2,Urban,7,Local,4,City or Municipal Highway Agency,6,Local Street – Municipality,BAY RIDGE PKWY,,0,40.62878056,-74.021475,0,No Special Jurisdiction (Includes National Forests Since 2008),5,Fell/Jumped from Vehicle,0,"Not Collision with Motor Vehicle in Transport (Not Necessarily in Transport for
2005-2009)",No,1,Non-Junction,Not an Intersection,None,1,On Roadway,3,Dark – Lighted,2,Rain,0,No Additional Atmospheric Conditions,2,Rain,No,0000000,23,40,99,99,99,99,0,None,0,None,0,None,1,1,2015-08-20 23:26:00+00:00,Malam (18-23),Hari Kerja,Kamis
36,New York,360898,1,1,0,0,0,1,1,81,4170,2,12,2015,4,6,4,0,2,Urban,7,Local,4,City or Municipal Highway Agency,6,Local Street – Municipality,S CONDUIT AVE,,0,40.67294167,-73.85735,0,No Special Jurisdiction (Includes National Forests Since 2008),42,Tree (Standing Only),0,"Not Collision with Motor Vehicle in Transport (Not Necessarily in Transport for
2005-2009)",No,1,Non-Junction,Not an Intersection,None,4,On Roadside,3,Dark – Lighted,2,Rain,0,No Additional Atmospheric Conditions,2,Rain,No,0000000,99,99,99,99,99,99,0,None,0,None,0,None,1,0,2015-12-02 06:04:00+00:00,Pagi (06-11),Hari Kerja,Rabu
40,Oklahoma,400132,1,1,0,0,0,3,3,109,3550,17,4,2015,6,14,33,0,2,Urban,7,Local,4,City or Municipal Highway Agency,6,Local Street – Municipality,N PORTLAND AVE,,0,35.59134444,-97.585525,0,No Special Jurisdiction (Includes National Forests Since 2008),30,Utility Pole/Light Support,0,"Not Collision with Motor Vehicle in Transport (Not Necessarily in Transport for
2005-2009)",No,1,Non-Junction,Not an Intersection,None,4,On Roadside,1,Daylight,2,Rain,0,No Additional Atmospheric Conditions,2,Rain,No,0000000,11,13,11,15,11,37,0,None,0,None,0,None,1,0,2015-04-17 14:33:00+00:00,Siang (12-17),Hari Kerja,Jumat
40,Oklahoma,400517,1,1,0,0,0,1,1,109,3550,29,11,2015,1,0,57,0,2,Urban,7,Local,4,City or Municipal Highway Agency,6,Local Street – Municipality,SE 47TH ST,,0,35.41678056,-97.41728611,0,No Special Jurisdiction (Includes National Forests Since 2008),33,Curb,0,"Not Collision with Motor Vehicle in Transport (Not Necessarily in Transport for
2005-2009)",No,1,Non-Junction,Not an Intersection,None,4,On Roadside,3,Dark – Lighted,2,Rain,0,No Additional Atmospheric Conditions,2,Rain,No,0000000,0,58,1,12,2,7,0,None,0,None,0,None,1,1,2015-11-29 00:57:00+00:00,Dini hari (00-05),Akhir Pekan,Minggu
22,Louisiana,220603,1,1,0,0,0,1,1,51,1190,25,10,2015,1,12,42,0,2,Urban,7,Local,4,City or Municipal Highway Agency,6,Local Street – Municipality,JOE YENNI BLVD,,0,30.03906944,-90.25338889,0,No Special Jurisdiction (Includes National Forests Since 2008),33,Curb,0,"Not Collision with Motor Vehicle in Transport (Not Necessarily in Transport for
2005-2009)",No,1,Non-Junction,Not an Intersection,None,4,On Roadside,1,Daylight,2,Rain,0,No Additional Atmospheric Conditions,2,Rain,No,0000000,12,43,12,50,13,14,0,None,0,None,0,None,1,0,2015-10-25 12:42:00+00:00,Siang (12-17),Akhir Pekan,Minggu
34,New Jersey,340390,1,1,0,0,0,3,3,21,3633,27,12,2015,1,13,36,0,2,Urban,7,Local,98,Not Reported,6,Local Street – Municipality,S MILL RD,,0,40.28836944,-74.61216944,0,No Special Jurisdiction (Includes National Forests Since 2008),33,Curb,0,"Not Collision with Motor Vehicle in Transport (Not Necessarily in Transport for
2005-2009)",No,1,Non-Junction,Not an Intersection,None,4,On Roadside,1,Daylight,2,Rain,0,No Additional Atmospheric Conditions,2,Rain,No,0000000,13,41,13,52,14,21,0,None,0,None,0,None,1,0,2015-12-27 13:36:00+00:00,Siang (12-17),Akhir Pekan,Minggu
34,New Jersey,340241,1,1,0,0,0,1,1,13,230,10,3,2015,3,2,2,0,2,Urban,7,Local,3,Town or Township Highway Agency,6,Local Street – Municipality,MILL ST,,0,40.79026111,-74.17361389,0,No Special Jurisdiction (Includes National Forests Since 2008),33,Curb,0,"Not Collision with Motor Vehicle in Transport (Not Necessarily in Transport for
2005-2009)",No,1,Non-Junction,Not an Intersection,None,4,On Roadside,2,Dark – Not Lighted,2,Rain,0,No Additional Atmospheric Conditions,2,Rain,No,0000000,99,99,99,99,99,99,0,None,0,None,0,None,1,0,2015-03-10 02:02:00+00:00,Dini hari (00-05),Hari Kerja,Selasa
42,Pennsylvania,420027,1,1,0,0,0,3,3,101,6540,21,1,2015,4,1,35,0,2,Urban,7,Local,4,City or Municipal Highway Agency,6,Local Street – Municipality,MILNOR ST,,0,40.02440556,-75.02879722,0,No Special Jurisdiction (Includes National Forests Since 2008),40,Fire Hydrant,0,"Not Collision with Motor Vehicle in Transport (Not Necessarily in Transport for
2005-2009)",No,1,Non-Junction,Not an Intersection,None,4,On Roadside,3,Dark – Lighted,2,Rain,0,No Additional Atmospheric Conditions,2,Rain,No,0000000,1,35,1,40,2,20,0,None,0,None,0,None,1,1,2015-01-21 01:35:00+00:00,Dini hari (00-05),Hari Kerja,Rabu
44,Rhode Island,440042,1,1,0,0,0,1,1,9,155,24,12,2015,5,5,49,0,2,Urban,7,Local,4,City or Municipal Highway Agency,6,Local Street – Municipality,DRY BRIDGE ROAD,,0,41.55234167,-71.51166111,0,No Special Jurisdiction (Includes National Forests Since 2008),42,Tree (Standing Only),0,"Not Collision with Motor Vehicle in Transport (Not Necessarily in Transport for
2005-2009)",No,1,Non-Junction,Not an Intersection,None,4,On Roadside,2,Dark – Not Lighted,2,Rain,0,No Additional Atmospheric Conditions,2,Rain,No,0000000,5,50,6,1,88,88,0,None,0,None,0,None,1,1,2015-12-24 05:49:00+00:00,Dini hari (00-05),Hari Kerja,Kamis
33,New Hampshire,330046,1,1,0,0,0,1,1,19,50,19,7,2015,1,19,25,0,2,Urban,7,Local,4,City or Municipal Highway Agency,6,Local Street – Municipality,CHESTNUT STREET,,0,43.36134722,-72.32023333,0,No Special Jurisdiction (Includes National Forests Since 2008),16,Thrown or Falling Object,0,"Not Collision with Motor Vehicle in Transport (Not Necessarily in Transport for
2005-2009)",No,1,Non-Junction,Not an Intersection,None,1,On Roadway,1,Daylight,2,Rain,0,No Additional Atmospheric Conditions,2,Rain,No,0000000,19,25,19,31,88,88,0,None,0,None,0,None,1,1,2015-07-19 19:25:00+00:00,Malam (18-23),Akhir Pekan,Minggu
33,New Hampshire,330089,1,1,0,0,0,1,1,15,85,2,12,2015,4,9,46,0,2,Urban,7,Local,4,City or Municipal Highway Agency,6,Local Street – Municipality,LANE ROAD,,0,42.88836944,-71.28693889,0,No Special Jurisdiction (Includes National Forests Since 2008),42,Tree (Standing Only),0,"Not Collision with Motor Vehicle in Transport (Not Necessarily in Transport for
2005-2009)",No,1,Non-Junction,Not an Intersection,None,4,On Roadside,1,Daylight,2,Rain,0,No Additional Atmospheric Conditions,2,Rain,No,0000000,9,46,9,49,88,88,0,None,0,None,0,None,1,0,2015-12-02 09:46:00+00:00,Pagi (06-11),Hari Kerja,Rabu
37,North Carolina,370173,1,1,0,0,0,2,2,119,870,14,3,2015,7,5,58,0,2,Urban,7,Local,99,Unknown,6,Local Street – Municipality,JOSH BIRMINGHAM PKWY,,0,35.23042778,-80.93655278,0,No Special Jurisdiction (Includes National Forests Since 2008),42,Tree (Standing Only),0,"Not Collision with Motor Vehicle in Transport (Not Necessarily in Transport for
2005-2009)",No,1,Non-Junction,Not an Intersection,None,4,On Roadside,2,Dark – Not Lighted,2,Rain,0,No Additional Atmospheric Conditions,2,Rain,No,0000000,5,54,6,12,6,32,0,None,0,None,0,None,1,1,2015-03-14 05:58:00+00:00,Dini hari (00-05),Akhir Pekan,Sabtu
37,North Carolina,370880,1,1,0,0,0,2,2,119,870,21,9,2015,2,21,17,0,2,Urban,7,Local,99,Unknown,6,Local Street – Municipality,WEST W T HARRIS BLVD.,,99999,35.32829167,-80.78345278,0,No Special Jurisdiction (Includes National Forests Since 2008),52,Guardrail End,0,"Not Collision with Motor Vehicle in Transport (Not Necessarily in Transport for
2005-2009)",No,1,Non-Junction,Not an Intersection,None,4,On Roadside,3,Dark – Lighted,2,Rain,0,No Additional Atmospheric Conditions,2,Rain,No,0000000,21,18,21,23,21,58,0,None,0,None,0,None,1,0,2015-09-21 21:17:00+00:00,Malam (18-23),Hari Kerja,Senin
37,North Carolina,370930,1,1,0,0,0,2,2,25,1040,27,9,2015,1,17,46,0,2,Urban,7,Local,99,Unknown,6,Local Street – Municipality,CONCORD PKWY,,0,35.34985833,-80.69051667,0,No Special Jurisdiction (Includes National Forests Since 2008),53,Mail Box,0,"Not Collision with Motor Vehicle in Transport (Not Necessarily in Transport for
2005-2009)",No,1,Non-Junction,Not an Intersection,None,4,On Roadside,1,Daylight,2,Rain,10,Cloudy,2,Rain,No,0000000,17,46,17,51,18,20,0,None,0,None,0,None,2,1,2015-09-27 17:46:00+00:00,Siang (12-17),Akhir Pekan,Minggu
11,District of Columbia,110004,1,1,0,0,0,3,3,1,10,19,4,2015,1,20,0,0,2,Urban,7,Local,4,City or Municipal Highway Agency,6,Local Street – Municipality,ALABAMA AVE SE,,0,38.87096111,-76.94239444,0,No Special Jurisdiction (Includes National Forests Since 2008),33,Curb,0,"Not Collision with Motor Vehicle in Transport (Not Necessarily in Transport for
2005-2009)",No,1,Non-Junction,Not an Intersection,None,4,On Roadside,3,Dark – Lighted,2,Rain,0,No Additional Atmospheric Conditions,2,Rain,No,0000000,20,0,20,7,20,31,0,None,0,None,0,None,1,0,2015-04-19 20:00:00+00:00,Malam (18-23),Akhir Pekan,Minggu
19,Iowa,190284,1,1,0,0,0,1,1,193,7850,18,8,2015,3,6,55,0,2,Urban,7,Local,4,City or Municipal Highway Agency,6,Local Street – Municipality,HARBOR DR,,0,42.42631111,-96.37018056,0,No Special Jurisdiction (Includes National Forests Since 2008),3,"Immersion (or Partial Immersion, Since 2012)",0,"Not Collision with Motor Vehicle in Transport (Not Necessarily in Transport for
2005-2009)",No,1,Non-Junction,Not an Intersection,None,5,Outside Trafficway,4,Dawn,10,Cloudy,2,Rain,2,Rain,No,0000000,88,88,88,88,88,88,0,None,0,None,0,None,1,0,2015-08-18 06:55:00+00:00,Pagi (06-11),Hari Kerja,Selasa
37,North Carolina,370123,1,1,0,0,0,1,1,129,5060,2,2,2015,2,0,59,0,2,Urban,7,Local,99,Unknown,6,Local Street – Municipality,CAROLINA BEACH RD,,0,34.16821667,-77.92105,0,No Special Jurisdiction (Includes National Forests Since 2008),25,Concrete Traffic Barrier,0,"Not Collision with Motor Vehicle in Transport (Not Necessarily in Transport for
2005-2009)",No,1,Non-Junction,Not an Intersection,None,3,On Median,3,Dark – Lighted,10,Cloudy,2,Rain,2,Rain,No,0000000,0,57,1,3,1,34,0,None,0,None,0,None,1,1,2015-02-02 00:59:00+00:00,Dini hari (00-05),Hari Kerja,Senin
37,North Carolina,370243,1,1,0,0,0,1,1,1,700,16,4,2015,5,16,11,0,2,Urban,7,Local,99,Unknown,6,Local Street – Municipality,YORK RD,,0,36.10310278,-79.48584167,0,No Special Jurisdiction (Includes National Forests Since 2008),42,Tree (Standing Only),0,"Not Collision with Motor Vehicle in Transport (Not Necessarily in Transport for
2005-2009)",No,1,Non-Junction,Not an Intersection,None,4,On Roadside,1,Daylight,10,Cloudy,2,Rain,2,Rain,No,0000000,16,9,16,15,16,52,0,None,0,None,0,None,1,0,2015-04-16 16:11:00+00:00,Siang (12-17),Hari Kerja,Kamis
37,North Carolina,370222,1,1,0,0,0,1,1,183,3750,20,3,2015,6,4,37,0,2,Urban,7,Local,99,Unknown,6,Local Street – Municipality,N NEW HOPE RD,,0,35.83733611,-78.57048333,0,No Special Jurisdiction (Includes National Forests Since 2008),42,Tree (Standing Only),0,"Not Collision with Motor Vehicle in Transport (Not Necessarily in Transport for
2005-2009)",No,1,Non-Junction,Not an Intersection,None,4,On Roadside,3,Dark – Lighted,10,Cloudy,2,Rain,2,Rain,No,0000000,4,43,4,48,88,88,0,None,0,None,0,None,1,1,2015-03-20 04:37:00+00:00,Dini hari (00-05),Hari Kerja,Jumat
34,New Jersey,340148,1,1,0,0,0,1,1,5,1774,16,5,2015,7,10,38,0,2,Urban,7,Local,2,County Highway Agency,4,County Road,CR-641,EAYERSTOWN RD,58,39.95061389,-74.79079722,0,No Special Jurisdiction (Includes National Forests Since 2008),30,Utility Pole/Light Support,0,"Not Collision with Motor Vehicle in Transport (Not Necessarily in Transport for
2005-2009)",No,3,Intersection Related,Four-Way Intersection,None,4,On Roadside,1,Daylight,2,Rain,0,No Additional Atmospheric Conditions,2,Rain,No,0000000,10,41,10,44,88,88,0,None,0,None,0,None,1,0,2015-05-16 10:38:00+00:00,Pagi (06-11),Akhir Pekan,Sabtu
21,Kentucky,210561,1,1,0,0,0,1,1,151,2750,9,10,2015,6,17,2,0,2,Urban,7,Local,3,Town or Township Highway Agency,5,Local Street – Township,CHARLES AVE,SUNSET DR.,1,37.74443056,-84.25951389,0,No Special Jurisdiction (Includes National Forests Since 2008),5,Fell/Jumped from Vehicle,0,"Not Collision with Motor Vehicle in Transport (Not Necessarily in Transport for
2005-2009)",No,3,Intersection Related,T-Intersection,None,1,On Roadway,1,Daylight,2,Rain,0,No Additional Atmospheric Conditions,2,Rain,No,0000000,17,4,17,8,17,49,0,None,0,None,0,None,1,0,2015-10-09 17:02:00+00:00,Siang (12-17),Hari Kerja,Jumat
36,New York,360798,1,1,0,0,0,1,1,103,705,28,10,2015,4,14,35,0,2,Urban,7,Local,3,Town or Township Highway Agency,5,Local Street – Township,MARGIN DR W,PHEASANT WAY,0,40.77093611,-72.86981667,0,No Special Jurisdiction (Includes National Forests Since 2008),53,Mail Box,0,"Not Collision with Motor Vehicle in Transport (Not Necessarily in Transport for
2005-2009)",No,3,Intersection Related,T-Intersection,None,4,On Roadside,1,Daylight,2,Rain,0,No Additional Atmospheric Conditions,2,Rain,No,0000000,14,37,14,43,15,15,0,None,0,None,0,None,1,0,2015-10-28 14:35:00+00:00,Siang (12-17),Hari Kerja,Rabu
36,New York,361056,1,1,0,0,0,1,1,55,5230,19,9,2015,7,15,18,0,2,Urban,7,Local,4,City or Municipal Highway Agency,6,Local Street – Municipality,NORTON ST,CLARK ST,0,43.18784167,-77.57459167,0,No Special Jurisdiction (Includes National Forests Since 2008),19,Building,0,"Not Collision with Motor Vehicle in Transport (Not Necessarily in Transport for
2005-2009)",No,3,Intersection Related,T-Intersection,None,5,Outside Trafficway,1,Daylight,2,Rain,0,No Additional Atmospheric Conditions,2,Rain,No,0000000,15,18,15,24,15,37,0,None,0,None,0,None,1,0,2015-09-19 15:18:00+00:00,Siang (12-17),Akhir Pekan,Sabtu
36,New York,360196,1,1,0,0,0,1,1,81,4170,20,4,2015,2,19,40,0,2,Urban,7,Local,4,City or Municipal Highway Agency,6,Local Street – Municipality,CROSS BAY BLVD,LIBERTY AVE,0,40.68029167,-73.84441111,0,No Special Jurisdiction (Includes National Forests Since 2008),21,Bridge Pier or Support,0,"Not Collision with Motor Vehicle in Transport (Not Necessarily in Transport for
2005-2009)",No,3,Intersection Related,"Five-Point, or More",None,4,On Roadside,5,Dusk,2,Rain,0,No Additional Atmospheric Conditions,2,Rain,No,0000000,99,99,99,99,99,99,0,None,0,None,0,None,1,0,2015-04-20 19:40:00+00:00,Malam (18-23),Hari Kerja,Senin
36,New York,360703,1,1,0,0,0,1,1,47,4170,1,10,2015,5,16,43,0,2,Urban,7,Local,4,City or Municipal Highway Agency,6,Local Street – Municipality,24TH AVE,BATH AVE,0,40.59563056,-73.99311111,0,No Special Jurisdiction (Includes National Forests Since 2008),30,Utility Pole/Light Support,0,"Not Collision with Motor Vehicle in Transport (Not Necessarily in Transport for
2005-2009)",No,3,Intersection Related,Four-Way Intersection,None,5,Outside Trafficway,1,Daylight,2,Rain,0,No Additional Atmospheric Conditions,2,Rain,No,0000000,99,99,99,99,99,99,0,None,0,None,0,None,1,0,2015-10-01 16:43:00+00:00,Siang (12-17),Hari Kerja,Kamis
6,California,60733,1,1,0,0,0,1,1,89,3604,14,5,2015,5,3,51,0,2,Urban,7,Local,98,Not Reported,6,Local Street – Municipality,PARK PLACE,ROSE AVENUE,0,40.68787778,-122.40152778,0,No Special Jurisdiction (Includes National Forests Since 2008),42,Tree (Standing Only),0,"Not Collision with Motor Vehicle in Transport (Not Necessarily in Transport for
2005-2009)",No,3,Intersection Related,T-Intersection,None,4,On Roadside,3,Dark – Lighted,2,Rain,0,No Additional Atmospheric Conditions,2,Rain,No,0000000,99,99,99,99,88,88,0,None,0,None,0,None,1,1,2015-05-14 03:51:00+00:00,Dini hari (00-05),Hari Kerja,Kamis
34,New Jersey,340167,1,1,0,0,0,1,1,29,1723,25,6,2015,5,23,57,0,2,Urban,7,Local,2,County Highway Agency,6,Local Street – Municipality,NUGENTOWN RD,WELCH CT,0,39.6165,-74.37808333,0,No Special Jurisdiction (Includes National Forests Since 2008),42,Tree (Standing Only),0,"Not Collision with Motor Vehicle in Transport (Not Necessarily in Transport for
2005-2009)",No,3,Intersection Related,Four-Way Intersection,None,5,Outside Trafficway,3,Dark – Lighted,2,Rain,0,No Additional Atmospheric Conditions,2,Rain,No,0000000,0,1,0,16,1,10,0,None,0,None,0,None,1,0,2015-06-25 23:57:00+00:00,Malam (18-23),Hari Kerja,Kamis
51,Virginia,510008,1,1,0,0,0,1,1,550,468,4,1,2015,1,1,3,0,2,Urban,7,Local,98,Not Reported,9,Unknown,DE LAURA LN,HOLLADAY LN,0,36.86336667,-76.14805556,0,No Special Jurisdiction (Includes National Forests Since 2008),38,Fence,0,"Not Collision with Motor Vehicle in Transport (Not Necessarily in Transport for
2005-2009)",No,3,Intersection Related,T-Intersection,None,4,On Roadside,3,Dark – Lighted,2,Rain,0,No Additional Atmospheric Conditions,2,Rain,No,0000000,1,3,1,10,1,51,20,Police-Pursuit-Involved (Since 1994),0,None,0,None,1,1,2015-01-04 01:03:00+00:00,Dini hari (00-05),Akhir Pekan,Minggu
12,Florida,121290,1,1,0,1,1,1,1,57,0,26,5,2015,3,22,23,0,1,Rural,7,Local,1,State Highway Agency,4,County Road,CR-582A,22ND ST,99998,28.06918611,-82.43456111,0,No Special Jurisdiction (Includes National Forests Since 2008),8,Pedestrian,0,"Not Collision with Motor Vehicle in Transport (Not Necessarily in Transport for
2005-2009)",No,2,Intersection,Four-Way Intersection,None,1,On Roadway,3,Dark – Lighted,2,Rain,0,No Additional Atmospheric Conditions,2,Rain,No,0000000,99,99,99,99,99,99,0,None,0,None,0,None,1,1,2015-05-26 22:23:00+00:00,Malam (18-23),Hari Kerja,Selasa
5,Arkansas,50451,2,1,1,1,1,1,1,77,0,30,11,2015,2,19,57,0,1,Rural,7,Local,2,County Highway Agency,4,County Road,CR-314,,0,34.730575,-90.81278889,0,No Special Jurisdiction (Includes National Forests Since 2008),8,Pedestrian,0,"Not Collision with Motor Vehicle in Transport (Not Necessarily in Transport for
2005-2009)",No,1,Non-Junction,Not an Intersection,None,1,On Roadway,2,Dark – Not Lighted,2,Rain,0,No Additional Atmospheric Conditions,2,Rain,No,0000000,20,2,20,22,99,99,23,Indication of a Stalled/Disabled Vehicle (Since 2008),0,None,0,None,1,1,2015-11-30 19:57:00+00:00,Malam (18-23),Hari Kerja,Senin
26,Michigan,260216,1,1,0,1,1,1,1,27,0,15,5,2015,6,4,51,0,1,Rural,7,Local,98,Not Reported,4,County Road,CR-GARVER LAKE RD,,9,41.79620556,-86.04956667,0,No Special Jurisdiction (Includes National Forests Since 2008),8,Pedestrian,0,"Not Collision with Motor Vehicle in Transport (Not Necessarily in Transport for
2005-2009)",No,1,Non-Junction,Not an Intersection,None,1,On Roadway,2,Dark – Not Lighted,2,Rain,0,No Additional Atmospheric Conditions,2,Rain,No,0000000,4,51,4,56,88,88,22,"Speed Limit Is a Statutory Limit as Recorded or Was Determined as This
State’s “Basic Rule” (Since 1999)",0,None,0,None,1,1,2015-05-15 04:51:00+00:00,Dini hari (00-05),Hari Kerja,Jumat
36,New York,360826,1,1,0,1,1,1,1,103,705,1,10,2015,5,19,55,0,1,Rural,7,Local,2,County Highway Agency,4,County Road,CR-101,,0,40.77516944,-72.97753333,0,No Special Jurisdiction (Includes National Forests Since 2008),8,Pedestrian,0,"Not Collision with Motor Vehicle in Transport (Not Necessarily in Transport for
2005-2009)",No,1,Non-Junction,Not an Intersection,None,1,On Roadway,3,Dark – Lighted,2,Rain,0,No Additional Atmospheric Conditions,2,Rain,No,0000000,99,99,99,99,99,99,0,None,0,None,0,None,1,0,2015-10-01 19:55:00+00:00,Malam (18-23),Hari Kerja,Kamis
51,Virginia,510111,1,1,0,1,1,1,1,25,0,20,3,2015,6,0,14,0,1,Rural,7,Local,1,State Highway Agency,4,County Road,CR-606,,296,36.74555556,-77.67805556,0,No Special Jurisdiction (Includes National Forests Since 2008),8,Pedestrian,0,"Not Collision with Motor Vehicle in Transport (Not Necessarily in Transport for
2005-2009)",No,1,Non-Junction,Not an Intersection,None,1,On Roadway,2,Dark – Not Lighted,2,Rain,0,No Additional Atmospheric Conditions,2,Rain,No,0000000,99,99,99,99,88,88,0,None,0,None,0,None,1,0,2015-03-20 00:14:00+00:00,Dini hari (00-05),Hari Kerja,Jumat
53,Washington,530527,1,1,0,1,1,1,1,33,0,29,8,2015,7,21,30,0,1,Rural,7,Local,2,County Highway Agency,4,County Road,CR-SE 162TH ST,,0,47.45278889,-121.70933889,0,No Special Jurisdiction (Includes National Forests Since 2008),8,Pedestrian,0,"Not Collision with Motor Vehicle in Transport (Not Necessarily in Transport for
2005-2009)",No,1,Non-Junction,Not an Intersection,None,1,On Roadway,2,Dark – Not Lighted,2,Rain,0,No Additional Atmospheric Conditions,2,Rain,No,0000000,99,98,99,98,88,88,0,None,0,None,0,None,1,0,2015-08-29 21:30:00+00:00,Malam (18-23),Akhir Pekan,Sabtu
36,New York,360792,1,1,0,1,1,1,1,83,2780,24,10,2015,7,21,39,0,1,Rural,7,Local,3,Town or Township Highway Agency,5,Local Street – Township,RIVER RD,,0,42.90526389,-73.35650278,0,No Special Jurisdiction (Includes National Forests Since 2008),8,Pedestrian,0,"Not Collision with Motor Vehicle in Transport (Not Necessarily in Transport for
2005-2009)",No,1,Non-Junction,Not an Intersection,None,1,On Roadway,3,Dark – Lighted,2,Rain,0,No Additional Atmospheric Conditions,2,Rain,No,0000000,21,44,21,49,22,28,0,None,0,None,0,None,1,1,2015-10-24 21:39:00+00:00,Malam (18-23),Akhir Pekan,Sabtu
12,Florida,121022,1,1,0,1,1,1,1,17,0,3,6,2015,4,1,52,0,1,Rural,7,Local,25,Other Local Agency,6,Local Street – Municipality,N ANTHONY AVE,,99998,28.90049722,-82.43059444,0,No Special Jurisdiction (Includes National Forests Since 2008),8,Pedestrian,0,"Not Collision with Motor Vehicle in Transport (Not Necessarily in Transport for
2005-2009)",No,1,Non-Junction,Not an Intersection,None,1,On Roadway,2,Dark – Not Lighted,2,Rain,0,No Additional Atmospheric Conditions,2,Rain,No,0000000,99,99,99,99,88,88,0,None,0,None,0,None,1,0,2015-06-03 01:52:00+00:00,Dini hari (00-05),Hari Kerja,Rabu
12,Florida,122640,1,1,0,1,1,1,1,86,0,3,12,2015,5,20,28,0,1,Rural,7,Local,25,Other Local Agency,6,Local Street – Municipality,49TH AVE,,99998,25.9352,-80.28153333,0,No Special Jurisdiction (Includes National Forests Since 2008),8,Pedestrian,0,"Not Collision with Motor Vehicle in Transport (Not Necessarily in Transport for
2005-2009)",No,1,Non-Junction,Not an Intersection,None,1,On Roadway,3,Dark – Lighted,2,Rain,0,No Additional Atmospheric Conditions,2,Rain,No,0000000,99,99,99,99,99,99,0,None,0,None,0,None,1,0,2015-12-03 20:28:00+00:00,Malam (18-23),Hari Kerja,Kamis
29,Missouri,290726,1,1,0,1,1,3,3,161,7050,30,11,2015,2,21,10,0,1,Rural,7,Local,1,State Highway Agency,7,Local Street – Frontage Road (Since 1994),NOR OLD RT 66,,44,37.99286111,-91.64116667,0,No Special Jurisdiction (Includes National Forests Since 2008),8,Pedestrian,0,"Not Collision with Motor Vehicle in Transport (Not Necessarily in Transport for
2005-2009)",No,1,Non-Junction,Not an Intersection,None,1,On Roadway,2,Dark – Not Lighted,2,Rain,0,No Additional Atmospheric Conditions,2,Rain,No,0000000,21,13,21,25,99,99,0,None,0,None,0,None,1,0,2015-11-30 21:10:00+00:00,Malam (18-23),Hari Kerja,Senin
12,Florida,121449,1,1,0,1,1,1,1,86,0,31,7,2015,6,19,0,0,1,Rural,7,Local,25,Other Local Agency,6,Local Street – Municipality,NW 110TH  TER,NW 17TH AVE,99998,25.87508333,-80.22634722,0,No Special Jurisdiction (Includes National Forests Since 2008),8,Pedestrian,0,"Not Collision with Motor Vehicle in Transport (Not Necessarily in Transport for
2005-2009)",No,3,Intersection Related,T-Intersection,None,1,On Roadway,1,Daylight,2,Rain,0,No Additional Atmospheric Conditions,2,Rain,No,0000000,99,99,99,99,88,88,0,None,0,None,0,None,1,0,2015-07-31 19:00:00+00:00,Malam (18-23),Hari Kerja,Jumat
19,Iowa,190267,1,1,0,1,1,1,1,169,230,14,12,2015,2,7,4,0,2,Urban,7,Local,4,City or Municipal Highway Agency,6,Local Street – Municipality,LINCOLN WAY,ASH AVE,0,42.02275833,-93.64442222,0,No Special Jurisdiction (Includes National Forests Since 2008),8,Pedestrian,0,"Not Collision with Motor Vehicle in Transport (Not Necessarily in Transport for
2005-2009)",No,2,Intersection,T-Intersection,None,1,On Roadway,3,Dark – Lighted,2,Rain,0,No Additional Atmospheric Conditions,2,Rain,No,0000000,7,6,7,10,7,23,0,None,0,None,0,None,1,0,2015-12-14 07:04:00+00:00,Pagi (06-11),Hari Kerja,Senin
36,New York,360311,1,1,0,1,1,1,1,29,750,15,5,2015,6,21,33,0,2,Urban,7,Local,4,City or Municipal Highway Agency,6,Local Street – Municipality,MILTON ST,SENECA ST,0,42.86936389,-78.83124444,0,No Special Jurisdiction (Includes National Forests Since 2008),15,Non-Motorist on Personal Conveyance,0,"Not Collision with Motor Vehicle in Transport (Not Necessarily in Transport for
2005-2009)",No,2,Intersection,Four-Way Intersection,None,1,On Roadway,3,Dark – Lighted,2,Rain,0,No Additional Atmospheric Conditions,2,Rain,No,0000000,99,99,99,99,99,99,0,None,0,None,0,None,1,0,2015-05-15 21:33:00+00:00,Malam (18-23),Hari Kerja,Jumat
37,North Carolina,370970,1,1,0,1,1,3,3,83,3860,3,10,2015,7,0,32,0,2,Urban,7,Local,98,Not Reported,6,Local Street – Municipality,13TH STREET,SR-48,99999,36.45102222,-77.65966667,0,No Special Jurisdiction (Includes National Forests Since 2008),8,Pedestrian,0,"Not Collision with Motor Vehicle in Transport (Not Necessarily in Transport for
2005-2009)",No,2,Intersection,Four-Way Intersection,None,1,On Roadway,3,Dark – Lighted,2,Rain,0,No Additional Atmospheric Conditions,2,Rain,No,0000000,0,32,0,41,0,54,0,None,0,None,0,None,1,0,2015-10-03 00:32:00+00:00,Dini hari (00-05),Akhir Pekan,Sabtu
42,Pennsylvania,421019,1,1,0,1,1,2,2,17,0,19,11,2015,5,21,7,0,2,Urban,7,Local,1,State Highway Agency,3,State Highway,SR-2029 BATH RD,,5,40.10359444,-74.86441389,0,No Special Jurisdiction (Includes National Forests Since 2008),8,Pedestrian,0,"Not Collision with Motor Vehicle in Transport (Not Necessarily in Transport for
2005-2009)",No,1,Non-Junction,Not an Intersection,None,1,On Roadway,2,Dark – Not Lighted,2,Rain,0,No Additional Atmospheric Conditions,2,Rain,No,0000000,88,88,88,88,88,88,16,Non-Occupant Struck Vehicle (Since 1983),0,None,0,None,1,0,2015-11-19 21:07:00+00:00,Malam (18-23),Hari Kerja,Kamis
48,Texas,482567,1,1,0,1,1,1,1,61,0,23,10,2015,6,20,25,0,2,Urban,7,Local,98,Not Reported,4,County Road,CR-DILWORTH RD,,0,26.16011111,-97.75069167,0,No Special Jurisdiction (Includes National Forests Since 2008),8,Pedestrian,0,"Not Collision with Motor Vehicle in Transport (Not Necessarily in Transport for
2005-2009)",No,1,Non-Junction,Not an Intersection,None,1,On Roadway,2,Dark – Not Lighted,2,Rain,0,No Additional Atmospheric Conditions,2,Rain,No,0000000,20,14,20,28,20,56,0,None,0,None,0,None,1,0,2015-10-23 20:25:00+00:00,Malam (18-23),Hari Kerja,Jumat
18,Indiana,180198,1,1,0,1,1,1,1,97,2210,26,3,2015,5,9,57,0,2,Urban,7,Local,4,City or Municipal Highway Agency,5,Local Street – Township,BOLTON AVE,,0,39.84088889,-86.06761667,0,No Special Jurisdiction (Includes National Forests Since 2008),8,Pedestrian,0,"Not Collision with Motor Vehicle in Transport (Not Necessarily in Transport for
2005-2009)",No,1,Non-Junction,Not an Intersection,None,1,On Roadway,1,Daylight,2,Rain,0,No Additional Atmospheric Conditions,2,Rain,No,0000000,99,99,99,99,99,99,0,None,0,None,0,None,1,0,2015-03-26 09:57:00+00:00,Pagi (06-11),Hari Kerja,Kamis
18,Indiana,180310,1,1,0,1,1,1,1,97,2210,8,6,2015,2,5,14,0,2,Urban,7,Local,4,City or Municipal Highway Agency,5,Local Street – Township,THOMPSON RD,,0,39.69354444,-86.13959167,0,No Special Jurisdiction (Includes National Forests Since 2008),8,Pedestrian,0,"Not Collision with Motor Vehicle in Transport (Not Necessarily in Transport for
2005-2009)",No,1,Non-Junction,Not an Intersection,None,1,On Roadway,2,Dark – Not Lighted,2,Rain,0,No Additional Atmospheric Conditions,2,Rain,No,0000000,99,99,99,99,99,99,0,None,0,None,0,None,1,0,2015-06-08 05:14:00+00:00,Dini hari (00-05),Hari Kerja,Senin
36,New York,360124,1,1,0,1,1,1,1,103,6805,12,1,2015,2,18,56,0,2,Urban,7,Local,3,Town or Township Highway Agency,5,Local Street – Township,E BOOKER AVE,,0,40.73955,-73.36721389,0,No Special Jurisdiction (Includes National Forests Since 2008),8,Pedestrian,0,"Not Collision with Motor Vehicle in Transport (Not Necessarily in Transport for
2005-2009)",No,1,Non-Junction,Not an Intersection,None,1,On Roadway,3,Dark – Lighted,2,Rain,0,No Additional Atmospheric Conditions,2,Rain,No,0000000,99,99,99,99,99,99,0,None,0,None,0,None,1,0,2015-01-12 18:56:00+00:00,Malam (18-23),Hari Kerja,Senin
36,New York,360422,1,1,0,1,1,1,1,119,6670,9,6,2015,3,6,6,0,2,Urban,7,Local,3,Town or Township Highway Agency,5,Local Street – Township,57 SOUTH RD,,0,41.05336389,-73.781825,0,No Special Jurisdiction (Includes National Forests Since 2008),8,Pedestrian,0,"Not Collision with Motor Vehicle in Transport (Not Necessarily in Transport for
2005-2009)",No,1,Non-Junction,Not an Intersection,None,1,On Roadway,3,Dark – Lighted,2,Rain,0,No Additional Atmospheric Conditions,2,Rain,No,0000000,6,6,6,18,88,88,0,None,0,None,0,None,1,0,2015-06-09 06:06:00+00:00,Pagi (06-11),Hari Kerja,Selasa
42,Pennsylvania,421072,1,1,0,1,1,1,1,49,0,1,12,2015,3,17,1,0,2,Urban,7,Local,2,County Highway Agency,5,Local Street – Township,OLD WATERFORD RD,,0,42.045425,-79.99417778,0,No Special Jurisdiction (Includes National Forests Since 2008),8,Pedestrian,0,"Not Collision with Motor Vehicle in Transport (Not Necessarily in Transport for
2005-2009)",No,1,Non-Junction,Not an Intersection,None,1,On Roadway,5,Dusk,2,Rain,0,No Additional Atmospheric Conditions,2,Rain,No,0000000,99,99,99,99,88,88,0,None,0,None,0,None,1,1,2015-12-01 17:01:00+00:00,Siang (12-17),Hari Kerja,Selasa
48,Texas,480973,1,1,0,1,1,1,1,439,2450,10,5,2015,1,21,40,0,2,Urban,7,Local,98,Not Reported,6,Local Street – Municipality,JENNINGS AVE,,0,32.73014444,-97.33019444,0,No Special Jurisdiction (Includes National Forests Since 2008),8,Pedestrian,0,"Not Collision with Motor Vehicle in Transport (Not Necessarily in Transport for
2005-2009)",No,1,Non-Junction,Not an Intersection,None,1,On Roadway,2,Dark – Not Lighted,2,Rain,0,No Additional Atmospheric Conditions,2,Rain,No,0000000,21,38,21,40,21,51,0,None,0,None,0,None,1,0,2015-05-10 21:40:00+00:00,Malam (18-23),Akhir Pekan,Minggu
48,Texas,482806,1,1,0,1,1,2,2,439,2450,28,11,2015,7,18,33,0,2,Urban,7,Local,98,Not Reported,6,Local Street – Municipality,COLE ST,,0,32.68291667,-97.31580833,0,No Special Jurisdiction (Includes National Forests Since 2008),8,Pedestrian,0,"Not Collision with Motor Vehicle in Transport (Not Necessarily in Transport for
2005-2009)",No,1,Non-Junction,Not an Intersection,None,1,On Roadway,3,Dark – Lighted,2,Rain,0,No Additional Atmospheric Conditions,2,Rain,No,0000000,18,26,18,29,18,48,0,None,0,None,0,None,1,0,2015-11-28 18:33:00+00:00,Malam (18-23),Akhir Pekan,Sabtu
1,Alabama,10247,1,1,0,1,1,1,1,97,2550,15,5,2015,6,21,31,0,2,Urban,7,Local,4,City or Municipal Highway Agency,6,Local Street – Municipality,WOLF RIDGE RD,,0,30.74800833,-88.11728333,0,No Special Jurisdiction (Includes National Forests Since 2008),8,Pedestrian,0,"Not Collision with Motor Vehicle in Transport (Not Necessarily in Transport for
2005-2009)",No,1,Non-Junction,Not an Intersection,None,1,On Roadway,2,Dark – Not Lighted,2,Rain,0,No Additional Atmospheric Conditions,2,Rain,No,0000000,99,99,21,33,88,88,0,None,0,None,0,None,1,0,2015-05-15 21:31:00+00:00,Malam (18-23),Hari Kerja,Jumat
12,Florida,121524,1,1,0,1,1,1,1,95,2360,23,6,2015,3,23,5,0,2,Urban,7,Local,25,Other Local Agency,6,Local Street – Municipality,INTERNATIONAL DR,,99998,28.46540833,-81.45032222,0,No Special Jurisdiction (Includes National Forests Since 2008),8,Pedestrian,0,"Not Collision with Motor Vehicle in Transport (Not Necessarily in Transport for
2005-2009)",No,1,Non-Junction,Not an Intersection,None,1,On Roadway,3,Dark – Lighted,2,Rain,0,No Additional Atmospheric Conditions,2,Rain,No,0000000,99,99,99,99,88,88,0,None,0,None,0,None,1,0,2015-06-23 23:05:00+00:00,Malam (18-23),Hari Kerja,Selasa
12,Florida,122440,1,1,0,1,1,1,1,86,2010,22,11,2015,1,6,42,0,2,Urban,7,Local,25,Other Local Agency,6,Local Street – Municipality,3RD ST,,99998,25.77148333,-80.1962,0,No Special Jurisdiction (Includes National Forests Since 2008),8,Pedestrian,0,"Not Collision with Motor Vehicle in Transport (Not Necessarily in Transport for
2005-2009)",No,1,Non-Junction,Not an Intersection,None,1,On Roadway,3,Dark – Lighted,2,Rain,0,No Additional Atmospheric Conditions,2,Rain,No,0000000,99,99,99,99,99,99,0,None,0,None,0,None,1,0,2015-11-22 06:42:00+00:00,Pagi (06-11),Akhir Pekan,Minggu
12,Florida,120050,1,1,0,1,1,1,1,97,1590,12,1,2015,2,18,55,0,2,Urban,7,Local,4,City or Municipal Highway Agency,6,Local Street – Municipality,S THACKER AVE,,99998,28.28136111,-81.42386667,0,No Special Jurisdiction (Includes National Forests Since 2008),8,Pedestrian,0,"Not Collision with Motor Vehicle in Transport (Not Necessarily in Transport for
2005-2009)",No,1,Non-Junction,Not an Intersection,None,1,On Roadway,2,Dark – Not Lighted,2,Rain,0,No Additional Atmospheric Conditions,2,Rain,No,0000000,99,99,99,99,99,99,19,Recent Previous Crash Scene Nearby (Since 1989),0,None,0,None,1,0,2015-01-12 18:55:00+00:00,Malam (18-23),Hari Kerja,Senin
13,Georgia,130271,1,1,0,1,1,3,3,67,3440,22,3,2015,1,16,34,0,2,Urban,7,Local,4,City or Municipal Highway Agency,6,Local Street – Municipality,FRANKLIN ROAD,,4,33.93010556,-84.49614167,0,No Special Jurisdiction (Includes National Forests Since 2008),8,Pedestrian,0,"Not Collision with Motor Vehicle in Transport (Not Necessarily in Transport for
2005-2009)",No,1,Non-Junction,Not an Intersection,None,6,Off Roadway – Location Unknown,1,Daylight,2,Rain,0,No Additional Atmospheric Conditions,2,Rain,No,0000000,16,35,16,41,17,1,0,None,0,None,0,None,1,0,2015-03-22 16:34:00+00:00,Siang (12-17),Akhir Pekan,Minggu
13,Georgia,130950,1,1,0,1,1,1,1,277,5490,26,9,2015,7,22,31,0,2,Urban,7,Local,4,City or Municipal Highway Agency,6,Local Street – Municipality,ARMOUR ROAD,,0,31.45235278,-83.50173056,0,No Special Jurisdiction (Includes National Forests Since 2008),8,Pedestrian,0,"Not Collision with Motor Vehicle in Transport (Not Necessarily in Transport for
2005-2009)",No,1,Non-Junction,Not an Intersection,None,1,On Roadway,2,Dark – Not Lighted,2,Rain,0,No Additional Atmospheric Conditions,2,Rain,No,0000000,99,98,99,98,88,88,0,None,0,None,0,None,1,0,2015-09-26 22:31:00+00:00,Malam (18-23),Akhir Pekan,Sabtu
13,Georgia,130278,1,1,0,1,1,1,1,127,760,23,3,2015,2,2,48,0,2,Urban,7,Local,4,City or Municipal Highway Agency,6,Local Street – Municipality,ALTAMA AVENUE,,1,31.16836944,-81.49273333,0,No Special Jurisdiction (Includes National Forests Since 2008),8,Pedestrian,0,"Not Collision with Motor Vehicle in Transport (Not Necessarily in Transport for
2005-2009)",No,1,Non-Junction,Not an Intersection,None,1,On Roadway,3,Dark – Lighted,2,Rain,0,No Additional Atmospheric Conditions,2,Rain,No,0000000,2,49,2,54,3,15,0,None,0,None,0,None,1,0,2015-03-23 02:48:00+00:00,Dini hari (00-05),Hari Kerja,Senin
30,Montana,300045,1,1,0,1,1,2,2,111,100,28,5,2015,5,21,27,0,2,Urban,7,Local,4,City or Municipal Highway Agency,6,Local Street – Municipality,BENCH BLVD,,0,45.83063889,-108.46602222,0,No Special Jurisdiction (Includes National Forests Since 2008),8,Pedestrian,0,"Not Collision with Motor Vehicle in Transport (Not Necessarily in Transport for
2005-2009)",No,1,Non-Junction,Not an Intersection,None,1,On Roadway,2,Dark – Not Lighted,2,Rain,0,No Additional Atmospheric Conditions,2,Rain,No,0000000,21,33,21,37,22,15,0,None,0,None,0,None,1,0,2015-05-28 21:27:00+00:00,Malam (18-23),Hari Kerja,Kamis
36,New York,360155,1,1,0,1,1,1,1,47,4170,25,3,2015,4,15,30,0,2,Urban,7,Local,4,City or Municipal Highway Agency,6,Local Street – Municipality,LOUISIANA AVE,,0,40.64986667,-73.88853889,0,No Special Jurisdiction (Includes National Forests Since 2008),8,Pedestrian,0,"Not Collision with Motor Vehicle in Transport (Not Necessarily in Transport for
2005-2009)",No,1,Non-Junction,Not an Intersection,None,1,On Roadway,1,Daylight,2,Rain,0,No Additional Atmospheric Conditions,2,Rain,No,0000000,99,99,99,99,99,99,0,None,0,None,0,None,1,0,2015-03-25 15:30:00+00:00,Siang (12-17),Hari Kerja,Rabu
47,Tennessee,470787,1,1,0,1,1,1,1,179,1250,1,12,2015,3,18,10,0,2,Urban,7,Local,4,City or Municipal Highway Agency,6,Local Street – Municipality,RAILROAD ST,,0,36.32541389,-82.34798056,0,No Special Jurisdiction (Includes National Forests Since 2008),8,Pedestrian,0,"Not Collision with Motor Vehicle in Transport (Not Necessarily in Transport for
2005-2009)",No,1,Non-Junction,Not an Intersection,None,1,On Roadway,2,Dark – Not Lighted,2,Rain,0,No Additional Atmospheric Conditions,2,Rain,No,0000000,99,99,99,99,99,99,0,None,0,None,0,None,1,1,2015-12-01 18:10:00+00:00,Malam (18-23),Hari Kerja,Selasa
28,Mississippi,280092,1,1,0,1,1,1,1,49,1220,10,3,2015,3,19,25,0,2,Urban,7,Local,4,City or Municipal Highway Agency,6,Local Street – Municipality,NORTHSIDE DRIVE,,99998,32.35636944,-90.26193611,0,No Special Jurisdiction (Includes National Forests Since 2008),8,Pedestrian,0,"Not Collision with Motor Vehicle in Transport (Not Necessarily in Transport for
2005-2009)",No,1,Non-Junction,Not an Intersection,None,1,On Roadway,3,Dark – Lighted,2,Rain,0,No Additional Atmospheric Conditions,2,Rain,No,0000000,19,25,19,37,88,88,0,None,0,None,0,None,1,0,2015-03-10 19:25:00+00:00,Malam (18-23),Hari Kerja,Selasa
42,Pennsylvania,420494,1,1,0,1,1,1,1,3,6600,10,7,2015,6,11,57,0,2,Urban,7,Local,4,City or Municipal Highway Agency,6,Local Street – Municipality,BROWNSVILLE RD,,0,40.40770833,-79.99157778,0,No Special Jurisdiction (Includes National Forests Since 2008),8,Pedestrian,0,"Not Collision with Motor Vehicle in Transport (Not Necessarily in Transport for
2005-2009)",No,1,Non-Junction,Not an Intersection,None,1,On Roadway,1,Daylight,2,Rain,0,No Additional Atmospheric Conditions,2,Rain,No,0000000,11,54,12,10,12,23,0,None,0,None,0,None,1,0,2015-07-10 11:57:00+00:00,Pagi (06-11),Hari Kerja,Jumat
42,Pennsylvania,420974,1,1,0,1,1,1,1,3,4710,3,9,2015,5,14,41,0,2,Urban,7,Local,4,City or Municipal Highway Agency,6,Local Street – Municipality,EDEN PARK BLVD,,0,40.34739722,-79.83231111,0,No Special Jurisdiction (Includes National Forests Since 2008),8,Pedestrian,0,"Not Collision with Motor Vehicle in Transport (Not Necessarily in Transport for
2005-2009)",No,1,Non-Junction,Not an Intersection,None,1,On Roadway,1,Daylight,2,Rain,0,No Additional Atmospheric Conditions,2,Rain,Yes,0000000,99,99,99,99,99,99,0,None,0,None,0,None,1,0,2015-09-03 14:41:00+00:00,Siang (12-17),Hari Kerja,Kamis
37,North Carolina,371202,1,1,0,1,1,2,2,71,1800,23,12,2015,4,10,41,0,2,Urban,7,Local,99,Unknown,6,Local Street – Municipality,WESTBROOK CIR,,0,35.24317222,-81.20555278,0,No Special Jurisdiction (Includes National Forests Since 2008),8,Pedestrian,0,"Not Collision with Motor Vehicle in Transport (Not Necessarily in Transport for
2005-2009)",No,1,Non-Junction,Not an Intersection,None,1,On Roadway,1,Daylight,2,Rain,0,No Additional Atmospheric Conditions,2,Rain,No,0000000,10,43,10,49,11,5,0,None,0,None,0,None,1,0,2015-12-23 10:41:00+00:00,Pagi (06-11),Hari Kerja,Rabu
37,North Carolina,370921,1,1,0,1,1,1,1,183,3750,26,9,2015,7,23,12,0,2,Urban,7,Local,99,Unknown,6,Local Street – Municipality,ROCK QUARRY RD,,0,35.74758889,-78.59045556,0,No Special Jurisdiction (Includes National Forests Since 2008),8,Pedestrian,0,"Not Collision with Motor Vehicle in Transport (Not Necessarily in Transport for
2005-2009)",No,1,Non-Junction,Not an Intersection,None,1,On Roadway,2,Dark – Not Lighted,2,Rain,0,No Additional Atmospheric Conditions,2,Rain,No,0000000,23,12,23,20,23,33,0,None,0,None,0,None,1,0,2015-09-26 23:12:00+00:00,Malam (18-23),Akhir Pekan,Sabtu
37,North Carolina,370038,1,1,0,1,1,1,1,119,870,13,1,2015,3,18,30,0,2,Urban,7,Local,99,Unknown,6,Local Street – Municipality,JOHN PRICE ROAD,,99999,35.11906944,-80.95786944,0,No Special Jurisdiction (Includes National Forests Since 2008),8,Pedestrian,0,"Not Collision with Motor Vehicle in Transport (Not Necessarily in Transport for
2005-2009)",No,1,Non-Junction,Not an Intersection,None,1,On Roadway,3,Dark – Lighted,2,Rain,0,No Additional Atmospheric Conditions,2,Rain,No,0000000,18,30,18,41,99,99,0,None,0,None,0,None,1,0,2015-01-13 18:30:00+00:00,Malam (18-23),Hari Kerja,Selasa
37,North Carolina,371022,1,1,0,1,1,1,1,127,3930,29,10,2015,5,19,30,0,2,Urban,7,Local,99,Unknown,6,Local Street – Municipality,CURTIS ELLIS DR,,0,35.973975,-77.85200833,0,No Special Jurisdiction (Includes National Forests Since 2008),8,Pedestrian,0,"Not Collision with Motor Vehicle in Transport (Not Necessarily in Transport for
2005-2009)",No,1,Non-Junction,Not an Intersection,None,1,On Roadway,2,Dark – Not Lighted,2,Rain,0,No Additional Atmospheric Conditions,2,Rain,No,0000000,19,31,19,32,99,99,0,None,0,None,0,None,1,0,2015-10-29 19:30:00+00:00,Malam (18-23),Hari Kerja,Kamis
10,Delaware,100007,1,1,0,1,1,1,1,1,0,12,1,2015,2,13,57,0,2,Urban,7,Local,4,City or Municipal Highway Agency,8,Other,PEACH BLOSSOM DR,,1,39.09803056,-75.5198,0,No Special Jurisdiction (Includes National Forests Since 2008),8,Pedestrian,0,"Not Collision with Motor Vehicle in Transport (Not Necessarily in Transport for
2005-2009)",No,1,Non-Junction,Not an Intersection,None,1,On Roadway,1,Daylight,2,Rain,0,No Additional Atmospheric Conditions,2,Rain,No,0000000,13,58,14,6,14,21,0,None,0,None,0,None,1,0,2015-01-12 13:57:00+00:00,Siang (12-17),Hari Kerja,Senin
36,New York,361004,1,1,0,1,1,1,1,103,2920,25,12,2015,6,17,8,0,2,Urban,7,Local,3,Town or Township Highway Agency,5,Local Street – Township,CANDLEWOOD RD,NEW JERSEY AVE,0,40.75825833,-73.234375,0,No Special Jurisdiction (Includes National Forests Since 2008),8,Pedestrian,0,"Not Collision with Motor Vehicle in Transport (Not Necessarily in Transport for
2005-2009)",No,3,Intersection Related,T-Intersection,None,1,On Roadway,3,Dark – Lighted,2,Rain,0,No Additional Atmospheric Conditions,2,Rain,No,0000000,17,9,17,14,17,37,0,None,0,None,0,None,1,0,2015-12-25 17:08:00+00:00,Siang (12-17),Hari Kerja,Jumat
12,Florida,122791,1,1,0,1,1,1,1,86,0,20,9,2015,1,19,12,0,2,Urban,7,Local,25,Other Local Agency,6,Local Street – Municipality,NW 119TH ST,NW 24TH AVE,99998,25.8827,-80.23863333,0,No Special Jurisdiction (Includes National Forests Since 2008),8,Pedestrian,0,"Not Collision with Motor Vehicle in Transport (Not Necessarily in Transport for
2005-2009)",No,3,Intersection Related,Four-Way Intersection,None,1,On Roadway,3,Dark – Lighted,2,Rain,0,No Additional Atmospheric Conditions,2,Rain,No,0000000,99,99,99,99,88,88,0,None,0,None,0,None,1,0,2015-09-20 19:12:00+00:00,Malam (18-23),Akhir Pekan,Minggu
36,New York,360794,1,1,0,1,1,1,1,77,4490,28,10,2015,4,10,15,0,2,Urban,7,Local,4,City or Municipal Highway Agency,6,Local Street – Municipality,CHESTNUT ST,MAIN ST,0,42.45300556,-75.06320833,0,No Special Jurisdiction (Includes National Forests Since 2008),8,Pedestrian,0,"Not Collision with Motor Vehicle in Transport (Not Necessarily in Transport for
2005-2009)",No,3,Intersection Related,Four-Way Intersection,None,1,On Roadway,1,Daylight,2,Rain,0,No Additional Atmospheric Conditions,2,Rain,No,0000000,10,15,10,17,11,3,0,None,0,None,0,None,1,0,2015-10-28 10:15:00+00:00,Pagi (06-11),Hari Kerja,Rabu
36,New York,360197,1,1,0,1,1,1,1,47,4170,21,4,2015,3,5,21,0,2,Urban,7,Local,4,City or Municipal Highway Agency,6,Local Street – Municipality,E 108TH ST,GLENWOOD RD,0,99.9999,999.9999,0,No Special Jurisdiction (Includes National Forests Since 2008),8,Pedestrian,0,"Not Collision with Motor Vehicle in Transport (Not Necessarily in Transport for
2005-2009)",No,3,Intersection Related,Four-Way Intersection,None,1,On Roadway,3,Dark – Lighted,2,Rain,0,No Additional Atmospheric Conditions,2,Rain,No,0000000,99,99,99,99,99,99,0,None,0,None,0,None,1,0,2015-04-21 05:21:00+00:00,Dini hari (00-05),Hari Kerja,Selasa
47,Tennessee,470824,1,1,0,1,1,1,1,37,1760,30,11,2015,2,17,47,0,2,Urban,7,Local,4,City or Municipal Highway Agency,6,Local Street – Municipality,CHARLOTTE AVE,5TH AVE N,7,36.16588056,-86.78186111,0,No Special Jurisdiction (Includes National Forests Since 2008),8,Pedestrian,0,"Not Collision with Motor Vehicle in Transport (Not Necessarily in Transport for
2005-2009)",No,3,Intersection Related,Four-Way Intersection,None,1,On Roadway,3,Dark – Lighted,2,Rain,0,No Additional Atmospheric Conditions,2,Rain,No,0000000,99,99,99,99,99,99,0,None,0,None,0,None,1,0,2015-11-30 17:47:00+00:00,Siang (12-17),Hari Kerja,Senin
34,New Jersey,340468,1,1,0,1,1,1,1,1,2640,23,12,2015,4,18,36,0,2,Urban,7,Local,4,City or Municipal Highway Agency,6,Local Street – Municipality,WEST JERSEY AVE,SOUTH FRANKLIN AVE,0,39.38977222,-74.52012222,0,No Special Jurisdiction (Includes National Forests Since 2008),8,Pedestrian,0,"Not Collision with Motor Vehicle in Transport (Not Necessarily in Transport for
2005-2009)",No,3,Intersection Related,Four-Way Intersection,None,1,On Roadway,3,Dark – Lighted,2,Rain,0,No Additional Atmospheric Conditions,2,Rain,No,0000000,99,99,99,99,88,88,0,None,0,None,0,None,1,0,2015-12-23 18:36:00+00:00,Malam (18-23),Hari Kerja,Rabu
42,Pennsylvania,420008,1,1,0,1,1,1,1,71,4180,18,1,2015,1,20,7,0,2,Urban,7,Local,4,City or Municipal Highway Agency,6,Local Street – Municipality,LEMON ST,MARY ST,0,40.04343056,-76.31566111,0,No Special Jurisdiction (Includes National Forests Since 2008),8,Pedestrian,0,"Not Collision with Motor Vehicle in Transport (Not Necessarily in Transport for
2005-2009)",No,3,Intersection Related,Four-Way Intersection,None,1,On Roadway,3,Dark – Lighted,2,Rain,0,No Additional Atmospheric Conditions,2,Rain,No,0000000,20,8,20,27,20,27,0,None,0,None,0,None,1,0,2015-01-18 20:07:00+00:00,Malam (18-23),Akhir Pekan,Minggu
42,Pennsylvania,420292,1,1,0,1,1,1,1,79,9340,6,5,2015,4,5,47,0,2,Urban,7,Local,4,City or Municipal Highway Agency,6,Local Street – Municipality,S WASHINGTON ST,E MARKET ST,0,41.24473889,-75.88059444,0,No Special Jurisdiction (Includes National Forests Since 2008),8,Pedestrian,0,"Not Collision with Motor Vehicle in Transport (Not Necessarily in Transport for
2005-2009)",No,3,Intersection Related,Four-Way Intersection,None,1,On Roadway,4,Dawn,2,Rain,0,No Additional Atmospheric Conditions,2,Rain,No,0000000,5,50,5,54,6,17,0,None,0,None,0,None,1,0,2015-05-06 05:47:00+00:00,Dini hari (00-05),Hari Kerja,Rabu
37,North Carolina,370928,1,1,0,1,1,1,1,77,3460,19,7,2015,1,21,12,0,2,Urban,7,Local,99,Unknown,6,Local Street – Municipality,LINDEN AVE,SPRING ST,0,36.30911944,-78.59016389,0,No Special Jurisdiction (Includes National Forests Since 2008),8,Pedestrian,0,"Not Collision with Motor Vehicle in Transport (Not Necessarily in Transport for
2005-2009)",No,3,Intersection Related,Four-Way Intersection,None,1,On Roadway,3,Dark – Lighted,2,Rain,0,No Additional Atmospheric Conditions,2,Rain,No,0000000,21,11,21,11,21,23,0,None,0,None,0,None,1,0,2015-07-19 21:12:00+00:00,Malam (18-23),Akhir Pekan,Minggu
36,New York,360973,1,1,0,1,1,1,1,55,5230,22,12,2015,3,6,31,0,2,Urban,7,Local,4,City or Municipal Highway Agency,6,Local Street – Municipality,LARK ST,LEXINGTON AVE,0,43.17933056,-77.64448056,0,No Special Jurisdiction (Includes National Forests Since 2008),8,Pedestrian,0,"Not Collision with Motor Vehicle in Transport (Not Necessarily in Transport for
2005-2009)",No,3,Intersection Related,T-Intersection,None,1,On Roadway,3,Dark – Lighted,10,Cloudy,2,Rain,2,Rain,No,0000000,6,32,6,34,7,0,0,None,0,None,0,None,1,0,2015-12-22 06:31:00+00:00,Pagi (06-11),Hari Kerja,Selasa
37,North Carolina,371230,1,1,0,1,1,1,1,119,870,23,12,2015,4,3,38,0,2,Urban,7,Local,99,Unknown,6,Local Street – Municipality,WEST TRADE ST.,,99999,35.23168056,-80.84818056,0,No Special Jurisdiction (Includes National Forests Since 2008),30,Utility Pole/Light Support,0,"Not Collision with Motor Vehicle in Transport (Not Necessarily in Transport for
2005-2009)",No,8,Driveway Access Related,Not an Intersection,None,4,On Roadside,3,Dark – Lighted,2,Rain,0,No Additional Atmospheric Conditions,2,Rain,No,0000000,3,37,3,47,88,88,15,"Non-Occupant Struck By Falling Cargo, or Something Came Loose From or
Something That Was Set In Motion By A Vehicle (Since 1983)",0,None,0,None,1,0,2015-12-23 03:38:00+00:00,Dini hari (00-05),Hari Kerja,Rabu
12,Florida,120272,1,1,0,2,2,2,2,95,70,28,2,2015,7,20,32,0,2,Urban,7,Local,3,Town or Township Highway Agency,6,Local Street – Municipality,CHRISTIANA AVE,,99998,28.68030833,-81.496925,0,No Special Jurisdiction (Includes National Forests Since 2008),8,Pedestrian,0,"Not Collision with Motor Vehicle in Transport (Not Necessarily in Transport for
2005-2009)",No,1,Non-Junction,Not an Intersection,None,1,On Roadway,3,Dark – Lighted,2,Rain,0,No Additional Atmospheric Conditions,2,Rain,No,0000000,99,99,99,99,99,99,0,None,0,None,0,None,1,1,2015-02-28 20:32:00+00:00,Malam (18-23),Akhir Pekan,Sabtu
36,New York,360096,1,1,0,2,2,1,1,61,4170,3,1,2015,7,19,15,0,2,Urban,7,Local,4,City or Municipal Highway Agency,6,Local Street – Municipality,E 62ND ST,LEXINGTON AVE,0,40.76403333,-73.96663611,0,No Special Jurisdiction (Includes National Forests Since 2008),8,Pedestrian,0,"Not Collision with Motor Vehicle in Transport (Not Necessarily in Transport for
2005-2009)",No,3,Intersection Related,Four-Way Intersection,None,1,On Roadway,3,Dark – Lighted,2,Rain,0,No Additional Atmospheric Conditions,2,Rain,No,0000000,99,99,99,99,99,99,0,None,0,None,0,None,1,0,2015-01-03 19:15:00+00:00,Malam (18-23),Akhir Pekan,Sabtu
24,Maryland,240440,1,1,0,0,0,1,1,43,0,27,12,2015,1,19,36,9,9,Unknown,99,Unknown,99,Unknown,9,Unknown,CANAL RD,,0,39.43047778,-77.76470833,9,Unknown,1,Rollover/Overturn,0,"Not Collision with Motor Vehicle in Transport (Not Necessarily in Transport for
2005-2009)",No,1,Non-Junction,Not an Intersection,None,4,On Roadside,2,Dark – Not Lighted,2,Rain,0,No Additional Atmospheric Conditions,2,Rain,No,0000000,19,36,19,47,20,24,0,None,0,None,0,None,1,1,2015-12-27 19:36:00+00:00,Malam (18-23),Akhir Pekan,Minggu
42,Pennsylvania,420245,1,1,0,0,0,1,1,17,0,9,4,2015,5,2,21,0,2,Urban,99,Unknown,1,State Highway Agency,3,State Highway,SR-2021 MECHANICSVILLE RD,,5,40.108975,-74.95560833,0,No Special Jurisdiction (Includes National Forests Since 2008),33,Curb,0,"Not Collision with Motor Vehicle in Transport (Not Necessarily in Transport for
2005-2009)",No,1,Non-Junction,Not an Intersection,None,4,On Roadside,3,Dark – Lighted,2,Rain,0,No Additional Atmospheric Conditions,2,Rain,No,0000000,2,22,2,28,88,88,0,None,0,None,0,None,1,1,2015-04-09 02:21:00+00:00,Dini hari (00-05),Hari Kerja,Kamis
42,Pennsylvania,421061,1,1,0,0,0,1,1,17,0,12,11,2015,5,21,55,0,2,Urban,99,Unknown,1,State Highway Agency,3,State Highway,SR-2113 PEBBLE HILL RD,,20,40.29712222,-75.11215278,0,No Special Jurisdiction (Includes National Forests Since 2008),42,Tree (Standing Only),0,"Not Collision with Motor Vehicle in Transport (Not Necessarily in Transport for
2005-2009)",No,1,Non-Junction,Not an Intersection,None,4,On Roadside,2,Dark – Not Lighted,2,Rain,0,No Additional Atmospheric Conditions,2,Rain,No,0000000,21,56,22,0,88,88,0,None,0,None,0,None,1,0,2015-11-12 21:55:00+00:00,Malam (18-23),Hari Kerja,Kamis
49,Utah,490209,1,1,0,0,0,2,2,15,0,29,10,2015,5,17,20,1,1,Rural,1,Interstate,1,State Highway Agency,1,Interstate,I-70,,1041,38.81835,-111.15858611,0,No Special Jurisdiction (Includes National Forests Since 2008),1,Rollover/Overturn,0,"Not Collision with Motor Vehicle in Transport (Not Necessarily in Transport for
2005-2009)",No,1,Non-Junction,Not an Intersection,None,2,On Shoulder,1,Daylight,2,Rain,0,No Additional Atmospheric Conditions,2,Rain,No,0000000,88,88,88,88,88,88,0,None,0,None,0,None,2,1,2015-10-29 17:20:00+00:00,Siang (12-17),Hari Kerja,Kamis
16,Idaho,160116,1,1,0,0,0,1,1,39,1150,11,7,2015,7,21,5,1,1,Rural,1,Interstate,1,State Highway Agency,1,Interstate,I-84,,99998,43.05100556,-115.58132222,0,No Special Jurisdiction (Includes National Forests Since 2008),1,Rollover/Overturn,0,"Not Collision with Motor Vehicle in Transport (Not Necessarily in Transport for
2005-2009)",No,1,Non-Junction,Not an Intersection,None,3,On Median,1,Daylight,2,Rain,0,No Additional Atmospheric Conditions,2,Rain,No,0000000,21,6,21,18,88,88,0,None,0,None,0,None,1,0,2015-07-11 21:05:00+00:00,Malam (18-23),Akhir Pekan,Sabtu
48,Texas,480053,1,1,0,0,0,2,2,105,0,10,1,2015,7,9,27,1,1,Rural,1,Interstate,1,State Highway Agency,1,Interstate,I-10,,552,30.70103889,-101.225,0,No Special Jurisdiction (Includes National Forests Since 2008),1,Rollover/Overturn,0,"Not Collision with Motor Vehicle in Transport (Not Necessarily in Transport for
2005-2009)",No,1,Non-Junction,Not an Intersection,None,3,On Median,1,Daylight,2,Rain,0,No Additional Atmospheric Conditions,2,Rain,No,0000000,9,27,9,37,11,56,0,None,0,None,0,None,1,0,2015-01-10 09:27:00+00:00,Pagi (06-11),Akhir Pekan,Sabtu
48,Texas,480424,1,1,0,0,0,1,1,133,0,1,3,2015,1,21,50,1,1,Rural,1,Interstate,1,State Highway Agency,1,Interstate,I-20,,57,32.37508056,-99.0151,0,No Special Jurisdiction (Includes National Forests Since 2008),1,Rollover/Overturn,0,"Not Collision with Motor Vehicle in Transport (Not Necessarily in Transport for
2005-2009)",No,1,Non-Junction,Not an Intersection,None,4,On Roadside,2,Dark – Not Lighted,2,Rain,0,No Additional Atmospheric Conditions,2,Rain,No,0000000,21,37,21,56,22,28,0,None,0,None,0,None,1,0,2015-03-01 21:50:00+00:00,Malam (18-23),Akhir Pekan,Minggu
48,Texas,482652,1,1,0,0,0,1,1,297,0,7,11,2015,7,3,35,1,1,Rural,1,Interstate,1,State Highway Agency,1,Interstate,I-37,,202,28.37926944,-98.05463333,0,No Special Jurisdiction (Includes National Forests Since 2008),1,Rollover/Overturn,0,"Not Collision with Motor Vehicle in Transport (Not Necessarily in Transport for
2005-2009)",No,1,Non-Junction,Not an Intersection,None,10,Separator,2,Dark – Not Lighted,2,Rain,0,No Additional Atmospheric Conditions,2,Rain,No,0000000,99,99,99,99,99,99,0,None,0,None,0,None,1,0,2015-11-07 03:35:00+00:00,Dini hari (00-05),Akhir Pekan,Sabtu
48,Texas,480097,1,1,0,0,0,15,15,135,0,14,1,2015,4,7,49,1,1,Rural,1,Interstate,1,State Highway Agency,1,Interstate,I-20,,216,31.75073889,-102.56256389,0,No Special Jurisdiction (Includes National Forests Since 2008),18,Other Object (Not Fixed),0,"Not Collision with Motor Vehicle in Transport (Not Necessarily in Transport for
2005-2009)",No,1,Non-Junction,Not an Intersection,None,1,On Roadway,1,Daylight,2,Rain,0,No Additional Atmospheric Conditions,2,Rain,No,0000000,7,41,7,54,8,25,0,None,0,None,0,None,10,0,2015-01-14 07:49:00+00:00,Pagi (06-11),Hari Kerja,Rabu
48,Texas,480627,1,1,0,0,0,3,3,435,6470,21,3,2015,7,14,12,1,1,Rural,1,Interstate,1,State Highway Agency,1,Interstate,I-10,,102,30.57660556,-100.63749722,0,No Special Jurisdiction (Includes National Forests Since 2008),24,Guardrail Face,0,"Not Collision with Motor Vehicle in Transport (Not Necessarily in Transport for
2005-2009)",No,1,Non-Junction,Not an Intersection,None,3,On Median,1,Daylight,2,Rain,0,No Additional Atmospheric Conditions,2,Rain,No,0000000,99,99,99,99,99,99,0,None,0,None,0,None,1,0,2015-03-21 14:12:00+00:00,Siang (12-17),Akhir Pekan,Sabtu
48,Texas,480802,1,1,0,0,0,1,1,89,0,25,4,2015,7,0,24,1,1,Rural,1,Interstate,1,State Highway Agency,1,Interstate,I-10,,167,29.69308889,-96.55329722,0,No Special Jurisdiction (Includes National Forests Since 2008),25,Concrete Traffic Barrier,0,"Not Collision with Motor Vehicle in Transport (Not Necessarily in Transport for
2005-2009)",No,1,Non-Junction,Not an Intersection,None,4,On Roadside,2,Dark – Not Lighted,2,Rain,0,No Additional Atmospheric Conditions,2,Rain,No,0000000,99,98,99,98,88,88,0,None,0,None,0,None,1,0,2015-04-25 00:24:00+00:00,Dini hari (00-05),Akhir Pekan,Sabtu
48,Texas,481297,1,1,0,0,0,1,1,309,0,17,6,2015,4,5,40,1,1,Rural,1,Interstate,1,State Highway Agency,1,Interstate,I-35,,71,31.79155556,-97.10251944,0,No Special Jurisdiction (Includes National Forests Since 2008),43,Other Fixed Object,0,"Not Collision with Motor Vehicle in Transport (Not Necessarily in Transport for
2005-2009)",No,1,Non-Junction,Not an Intersection,Construction,10,Separator,2,Dark – Not Lighted,2,Rain,0,No Additional Atmospheric Conditions,2,Rain,No,0000000,99,98,99,98,88,88,0,None,0,None,0,None,1,0,2015-06-17 05:40:00+00:00,Dini hari (00-05),Hari Kerja,Rabu
20,Kansas,200301,2,1,1,0,0,2,2,139,0,27,11,2015,6,18,14,1,1,Rural,1,Interstate,31,State Toll Road,1,Interstate,I-335,,1622,38.83616944,-95.87725556,0,No Special Jurisdiction (Includes National Forests Since 2008),14,Parked Motor Vehicle (Not In Transport),0,"Not Collision with Motor Vehicle in Transport (Not Necessarily in Transport for
2005-2009)",No,1,Non-Junction,Not an Intersection,None,2,On Shoulder,2,Dark – Not Lighted,2,Rain,0,No Additional Atmospheric Conditions,2,Rain,No,0000000,18,25,19,0,20,1,19,Recent Previous Crash Scene Nearby (Since 1989),0,None,0,None,1,0,2015-11-27 18:14:00+00:00,Malam (18-23),Hari Kerja,Jumat
1,Alabama,10191,1,1,0,0,0,2,2,53,0,25,4,2015,7,4,20,1,1,Rural,1,Interstate,1,State Highway Agency,1,Interstate,I-65,,680,31.19613611,-87.32029167,0,No Special Jurisdiction (Includes National Forests Since 2008),1,Rollover/Overturn,0,"Not Collision with Motor Vehicle in Transport (Not Necessarily in Transport for
2005-2009)",No,1,Non-Junction,Not an Intersection,None,3,On Median,2,Dark – Not Lighted,2,Rain,0,No Additional Atmospheric Conditions,2,Rain,No,0000000,4,50,4,53,99,99,0,None,0,None,0,None,1,1,2015-04-25 04:20:00+00:00,Dini hari (00-05),Akhir Pekan,Sabtu
4,Arizona,40031,1,1,0,0,0,2,2,25,0,30,1,2015,6,14,56,1,1,Rural,1,Interstate,1,State Highway Agency,1,Interstate,I-17,,2965,34.67079167,-111.77820833,0,No Special Jurisdiction (Includes National Forests Since 2008),1,Rollover/Overturn,0,"Not Collision with Motor Vehicle in Transport (Not Necessarily in Transport for
2005-2009)",No,1,Non-Junction,Not an Intersection,None,3,On Median,1,Daylight,2,Rain,0,No Additional Atmospheric Conditions,2,Rain,No,0000000,14,55,15,5,16,59,0,None,0,None,0,None,2,0,2015-01-30 14:56:00+00:00,Siang (12-17),Hari Kerja,Jumat
4,Arizona,40638,1,1,0,0,0,2,2,15,0,18,10,2015,1,8,19,1,1,Rural,1,Interstate,1,State Highway Agency,1,Interstate,I-40,,159,34.75505833,-114.21676389,0,No Special Jurisdiction (Includes National Forests Since 2008),32,Culvert,0,"Not Collision with Motor Vehicle in Transport (Not Necessarily in Transport for
2005-2009)",No,1,Non-Junction,Not an Intersection,None,4,On Roadside,1,Daylight,2,Rain,0,No Additional Atmospheric Conditions,2,Rain,No,0000000,8,31,8,54,9,55,0,None,0,None,0,None,1,0,2015-10-18 08:19:00+00:00,Pagi (06-11),Akhir Pekan,Minggu
12,Florida,121379,1,1,0,0,0,1,1,39,2060,22,7,2015,4,20,0,1,1,Rural,1,Interstate,1,State Highway Agency,1,Interstate,I-10,,99998,30.50326111,-84.45821944,0,No Special Jurisdiction (Includes National Forests Since 2008),1,Rollover/Overturn,0,"Not Collision with Motor Vehicle in Transport (Not Necessarily in Transport for
2005-2009)",No,1,Non-Junction,Not an Intersection,None,4,On Roadside,1,Daylight,2,Rain,0,No Additional Atmospheric Conditions,2,Rain,No,0000000,99,99,99,99,88,88,0,None,0,None,0,None,1,1,2015-07-22 20:00:00+00:00,Malam (18-23),Hari Kerja,Rabu
12,Florida,121559,1,1,0,0,0,2,2,57,0,2,8,2015,1,8,16,1,1,Rural,1,Interstate,1,State Highway Agency,1,Interstate,I-4,,99998,28.03645,-82.05886111,0,No Special Jurisdiction (Includes National Forests Since 2008),24,Guardrail Face,0,"Not Collision with Motor Vehicle in Transport (Not Necessarily in Transport for
2005-2009)",No,1,Non-Junction,Not an Intersection,None,3,On Median,1,Daylight,2,Rain,0,No Additional Atmospheric Conditions,2,Rain,No,0000000,99,99,99,99,99,99,0,None,0,None,0,None,1,0,2015-08-02 08:16:00+00:00,Pagi (06-11),Akhir Pekan,Minggu
12,Florida,121413,1,1,0,0,0,1,1,127,0,27,7,2015,2,15,23,1,1,Rural,1,Interstate,1,State Highway Agency,1,Interstate,I-4,,99998,29.06888056,-81.18301944,0,No Special Jurisdiction (Includes National Forests Since 2008),25,Concrete Traffic Barrier,0,"Not Collision with Motor Vehicle in Transport (Not Necessarily in Transport for
2005-2009)",No,1,Non-Junction,Not an Intersection,Maintenance,3,On Median,1,Daylight,2,Rain,0,No Additional Atmospheric Conditions,2,Rain,No,0000000,99,99,99,99,88,88,0,None,0,None,0,None,1,1,2015-07-27 15:23:00+00:00,Siang (12-17),Hari Kerja,Senin
12,Florida,121849,1,1,0,0,0,3,3,1,0,28,9,2015,2,20,44,1,1,Rural,1,Interstate,1,State Highway Agency,1,Interstate,I-75,,99998,29.51237222,-82.30203333,0,No Special Jurisdiction (Includes National Forests Since 2008),42,Tree (Standing Only),0,"Not Collision with Motor Vehicle in Transport (Not Necessarily in Transport for
2005-2009)",No,1,Non-Junction,Not an Intersection,None,3,On Median,2,Dark – Not Lighted,2,Rain,0,No Additional Atmospheric Conditions,2,Rain,No,0000000,99,99,99,99,99,99,0,None,0,None,0,None,1,1,2015-09-28 20:44:00+00:00,Malam (18-23),Hari Kerja,Senin
12,Florida,122095,1,1,0,0,0,1,1,131,0,2,11,2015,2,2,11,1,1,Rural,1,Interstate,1,State Highway Agency,1,Interstate,I-10,,99998,30.69108333,-86.05675556,0,No Special Jurisdiction (Includes National Forests Since 2008),42,Tree (Standing Only),0,"Not Collision with Motor Vehicle in Transport (Not Necessarily in Transport for
2005-2009)",No,1,Non-Junction,Not an Intersection,None,4,On Roadside,2,Dark – Not Lighted,2,Rain,0,No Additional Atmospheric Conditions,2,Rain,No,0000000,99,99,99,99,99,99,0,None,0,None,0,None,1,0,2015-11-02 02:11:00+00:00,Dini hari (00-05),Hari Kerja,Senin
12,Florida,122312,1,1,0,0,0,1,1,133,0,19,11,2015,5,6,45,1,1,Rural,1,Interstate,1,State Highway Agency,1,Interstate,I-10,,99998,30.77761389,-85.600325,0,No Special Jurisdiction (Includes National Forests Since 2008),42,Tree (Standing Only),0,"Not Collision with Motor Vehicle in Transport (Not Necessarily in Transport for
2005-2009)",No,1,Non-Junction,Not an Intersection,None,4,On Roadside,4,Dawn,2,Rain,0,No Additional Atmospheric Conditions,2,Rain,No,0000000,99,99,99,99,88,88,0,None,0,None,0,None,1,0,2015-11-19 06:45:00+00:00,Pagi (06-11),Hari Kerja,Kamis
12,Florida,120659,1,1,0,0,0,2,2,61,0,18,4,2015,7,20,38,1,1,Rural,1,Interstate,1,State Highway Agency,1,Interstate,I-95,,99998,27.65786944,-80.52456111,0,No Special Jurisdiction (Includes National Forests Since 2008),42,Tree (Standing Only),0,"Not Collision with Motor Vehicle in Transport (Not Necessarily in Transport for
2005-2009)",No,1,Non-Junction,Not an Intersection,Maintenance,4,On Roadside,2,Dark – Not Lighted,2,Rain,0,No Additional Atmospheric Conditions,2,Rain,No,0000000,99,99,99,99,99,99,0,None,0,None,0,None,1,1,2015-04-18 20:38:00+00:00,Malam (18-23),Akhir Pekan,Sabtu
12,Florida,122266,1,1,0,0,0,1,1,109,0,22,11,2015,1,4,41,1,1,Rural,1,Interstate,1,State Highway Agency,1,Interstate,I-95,,99998,29.68307778,-81.31983611,0,No Special Jurisdiction (Includes National Forests Since 2008),42,Tree (Standing Only),0,"Not Collision with Motor Vehicle in Transport (Not Necessarily in Transport for
2005-2009)",No,1,Non-Junction,Not an Intersection,None,3,On Median,2,Dark – Not Lighted,2,Rain,0,No Additional Atmospheric Conditions,2,Rain,No,0000000,99,99,99,99,88,88,0,None,0,None,0,None,1,1,2015-11-22 04:41:00+00:00,Dini hari (00-05),Akhir Pekan,Minggu
12,Florida,121875,1,1,0,0,0,3,3,3,0,18,9,2015,6,1,10,1,1,Rural,1,Interstate,1,State Highway Agency,1,Interstate,I-10,,99998,30.26551944,-82.098,0,No Special Jurisdiction (Includes National Forests Since 2008),42,Tree (Standing Only),0,"Not Collision with Motor Vehicle in Transport (Not Necessarily in Transport for
2005-2009)",No,1,Non-Junction,Not an Intersection,None,5,Outside Trafficway,2,Dark – Not Lighted,2,Rain,0,No Additional Atmospheric Conditions,2,Rain,No,0000000,99,99,99,99,99,99,0,None,0,None,0,None,1,1,2015-09-18 01:10:00+00:00,Dini hari (00-05),Hari Kerja,Jumat
12,Florida,121202,1,1,0,0,0,3,3,3,0,22,6,2015,2,5,17,1,1,Rural,1,Interstate,1,State Highway Agency,1,Interstate,I-10,,99998,30.26151111,-82.16301944,0,No Special Jurisdiction (Includes National Forests Since 2008),59,Traffic Sign Support,0,"Not Collision with Motor Vehicle in Transport (Not Necessarily in Transport for
2005-2009)",No,1,Non-Junction,Not an Intersection,None,4,On Roadside,2,Dark – Not Lighted,2,Rain,0,No Additional Atmospheric Conditions,2,Rain,No,0000000,99,99,99,99,99,99,0,None,0,None,0,None,1,0,2015-06-22 05:17:00+00:00,Dini hari (00-05),Hari Kerja,Senin
13,Georgia,130097,1,1,0,0,0,3,3,83,0,1,2,2015,1,12,40,1,1,Rural,1,Interstate,1,State Highway Agency,1,Interstate,I-59,,189,34.95685278,-85.46174167,0,No Special Jurisdiction (Includes National Forests Since 2008),35,Embankment,0,"Not Collision with Motor Vehicle in Transport (Not Necessarily in Transport for
2005-2009)",No,1,Non-Junction,Not an Intersection,None,4,On Roadside,1,Daylight,2,Rain,0,No Additional Atmospheric Conditions,2,Rain,No,0000000,12,50,12,55,13,28,0,None,0,None,0,None,1,0,2015-02-01 12:40:00+00:00,Siang (12-17),Akhir Pekan,Minggu
18,Indiana,180639,1,1,0,0,0,2,2,47,9997,28,10,2015,4,4,31,1,1,Rural,1,Interstate,1,State Highway Agency,1,Interstate,I- 74,,1465,39.31662222,-85.29836667,0,No Special Jurisdiction (Includes National Forests Since 2008),35,Embankment,0,"Not Collision with Motor Vehicle in Transport (Not Necessarily in Transport for
2005-2009)",No,1,Non-Junction,Not an Intersection,None,4,On Roadside,2,Dark – Not Lighted,2,Rain,0,No Additional Atmospheric Conditions,2,Rain,No,0000000,99,99,99,99,99,99,0,None,0,None,0,None,1,0,2015-10-28 04:31:00+00:00,Dini hari (00-05),Hari Kerja,Rabu
5,Arkansas,50087,1,1,0,0,0,1,1,143,0,13,3,2015,6,10,20,1,1,Rural,1,Interstate,1,State Highway Agency,1,Interstate,I-49-28,,479,35.85859722,-94.17733889,0,No Special Jurisdiction (Includes National Forests Since 2008),32,Culvert,0,"Not Collision with Motor Vehicle in Transport (Not Necessarily in Transport for
2005-2009)",No,1,Non-Junction,Not an Intersection,None,4,On Roadside,1,Daylight,2,Rain,0,No Additional Atmospheric Conditions,2,Rain,No,0000000,99,98,99,98,88,88,0,None,0,None,0,None,1,0,2015-03-13 10:20:00+00:00,Pagi (06-11),Hari Kerja,Jumat
5,Arkansas,50391,1,1,0,0,0,1,1,125,0,23,10,2015,6,10,50,1,1,Rural,1,Interstate,1,State Highway Agency,1,Interstate,I- 530-02,,103,34.56476667,-92.26554167,0,No Special Jurisdiction (Includes National Forests Since 2008),42,Tree (Standing Only),0,"Not Collision with Motor Vehicle in Transport (Not Necessarily in Transport for
2005-2009)",No,1,Non-Junction,Not an Intersection,None,4,On Roadside,1,Daylight,2,Rain,0,No Additional Atmospheric Conditions,2,Rain,No,0000000,10,54,11,16,99,99,0,None,0,None,0,None,1,0,2015-10-23 10:50:00+00:00,Pagi (06-11),Hari Kerja,Jumat
5,Arkansas,50095,1,1,0,0,0,4,4,59,0,20,3,2015,6,3,34,1,1,Rural,1,Interstate,1,State Highway Agency,1,Interstate,I-30-21,,836,34.23603889,-93.00645556,0,No Special Jurisdiction (Includes National Forests Since 2008),42,Tree (Standing Only),0,"Not Collision with Motor Vehicle in Transport (Not Necessarily in Transport for
2005-2009)",No,1,Non-Junction,Not an Intersection,None,3,On Median,2,Dark – Not Lighted,2,Rain,0,No Additional Atmospheric Conditions,2,Rain,No,0000000,3,31,4,2,99,99,0,None,0,None,0,None,1,1,2015-03-20 03:34:00+00:00,Dini hari (00-05),Hari Kerja,Jumat
8,Colorado,80159,1,1,0,0,0,3,3,75,0,9,5,2015,7,13,55,1,1,Rural,1,Interstate,1,State Highway Agency,1,Interstate,I-76,,1128,40.47194444,-103.28728333,0,No Special Jurisdiction (Includes National Forests Since 2008),1,Rollover/Overturn,0,"Not Collision with Motor Vehicle in Transport (Not Necessarily in Transport for
2005-2009)",No,1,Non-Junction,Not an Intersection,None,3,On Median,1,Daylight,2,Rain,0,No Additional Atmospheric Conditions,2,Rain,No,0000000,99,99,99,99,99,99,0,None,0,None,0,None,1,0,2015-05-09 13:55:00+00:00,Siang (12-17),Akhir Pekan,Sabtu
17,Illinois,170105,1,1,0,0,0,3,3,107,0,9,4,2015,5,2,49,1,1,Rural,1,Interstate,1,State Highway Agency,1,Interstate,I-155,,70,40.26267222,-89.46126389,0,No Special Jurisdiction (Includes National Forests Since 2008),24,Guardrail Face,0,"Not Collision with Motor Vehicle in Transport (Not Necessarily in Transport for
2005-2009)",No,1,Non-Junction,Not an Intersection,None,4,On Roadside,2,Dark – Not Lighted,2,Rain,0,No Additional Atmospheric Conditions,2,Rain,No,0000000,2,49,99,99,99,99,0,None,0,None,0,None,1,0,2015-04-09 02:49:00+00:00,Dini hari (00-05),Hari Kerja,Kamis
17,Illinois,170750,1,1,0,0,0,9,9,19,0,28,10,2015,4,19,19,1,1,Rural,1,Interstate,1,State Highway Agency,1,Interstate,I-57,,2265,39.99713056,-88.30359722,0,No Special Jurisdiction (Includes National Forests Since 2008),34,Ditch,0,"Not Collision with Motor Vehicle in Transport (Not Necessarily in Transport for
2005-2009)",No,1,Non-Junction,Not an Intersection,None,4,On Roadside,2,Dark – Not Lighted,2,Rain,0,No Additional Atmospheric Conditions,2,Rain,No,0000000,19,21,99,99,99,99,0,None,0,None,0,None,1,0,2015-10-28 19:19:00+00:00,Malam (18-23),Hari Kerja,Rabu
21,Kentucky,210685,1,1,0,0,0,7,7,235,0,29,11,2015,1,8,16,1,1,Rural,1,Interstate,1,State Highway Agency,1,Interstate,I-75,,213,36.87646944,-84.14971389,0,No Special Jurisdiction (Includes National Forests Since 2008),24,Guardrail Face,0,"Not Collision with Motor Vehicle in Transport (Not Necessarily in Transport for
2005-2009)",No,1,Non-Junction,Not an Intersection,None,4,On Roadside,2,Dark – Not Lighted,2,Rain,0,No Additional Atmospheric Conditions,2,Rain,No,0000000,8,25,8,32,9,30,0,None,0,None,0,None,1,0,2015-11-29 08:16:00+00:00,Pagi (06-11),Akhir Pekan,Minggu
21,Kentucky,210537,1,1,0,0,0,1,1,125,0,24,10,2015,7,11,42,1,1,Rural,1,Interstate,1,State Highway Agency,1,Interstate,I-75,,328,37.03349722,-84.09776944,0,No Special Jurisdiction (Includes National Forests Since 2008),42,Tree (Standing Only),0,"Not Collision with Motor Vehicle in Transport (Not Necessarily in Transport for
2005-2009)",No,1,Non-Junction,Not an Intersection,None,4,On Roadside,1,Daylight,2,Rain,0,No Additional Atmospheric Conditions,2,Rain,No,0000000,11,42,11,50,88,88,0,None,0,None,0,None,1,0,2015-10-24 11:42:00+00:00,Pagi (06-11),Akhir Pekan,Sabtu
24,Maryland,240438,1,1,0,0,0,1,1,23,0,26,12,2015,7,19,57,1,1,Rural,1,Interstate,1,State Highway Agency,1,Interstate,I-68,,171,39.68835278,-79.19036944,0,No Special Jurisdiction (Includes National Forests Since 2008),35,Embankment,0,"Not Collision with Motor Vehicle in Transport (Not Necessarily in Transport for
2005-2009)",No,1,Non-Junction,Not an Intersection,None,4,On Roadside,2,Dark – Not Lighted,2,Rain,0,No Additional Atmospheric Conditions,2,Rain,No,0000000,19,53,20,10,20,47,0,None,0,None,0,None,1,1,2015-12-26 19:57:00+00:00,Malam (18-23),Akhir Pekan,Sabtu
26,Michigan,260243,2,1,1,0,0,2,2,39,0,30,5,2015,7,13,30,1,1,Rural,1,Interstate,1,State Highway Agency,1,Interstate,I-75,,78,44.61345,-84.7078,0,No Special Jurisdiction (Includes National Forests Since 2008),14,Parked Motor Vehicle (Not In Transport),0,"Not Collision with Motor Vehicle in Transport (Not Necessarily in Transport for
2005-2009)",No,1,Non-Junction,Not an Intersection,None,4,On Roadside,1,Daylight,2,Rain,0,No Additional Atmospheric Conditions,2,Rain,No,0000000,13,31,13,45,99,99,0,None,0,None,0,None,1,0,2015-05-30 13:30:00+00:00,Siang (12-17),Akhir Pekan,Sabtu
29,Missouri,290717,1,1,0,0,0,3,3,49,0,27,11,2015,6,8,18,1,1,Rural,1,Interstate,1,State Highway Agency,1,Interstate,I-35,,44,39.51358333,-94.28680556,0,No Special Jurisdiction (Includes National Forests Since 2008),24,Guardrail Face,0,"Not Collision with Motor Vehicle in Transport (Not Necessarily in Transport for
2005-2009)",No,1,Non-Junction,Not an Intersection,None,3,On Median,1,Daylight,2,Rain,10,Cloudy,2,Rain,No,0000000,99,98,99,98,88,88,0,None,0,None,0,None,1,0,2015-11-27 08:18:00+00:00,Pagi (06-11),Hari Kerja,Jumat
36,New York,360747,1,1,0,0,0,1,1,93,1592,30,9,2015,4,11,48,1,1,Rural,1,Interstate,1,State Highway Agency,1,Interstate,I-88,,1060,99.9999,999.9999,0,No Special Jurisdiction (Includes National Forests Since 2008),35,Embankment,0,"Not Collision with Motor Vehicle in Transport (Not Necessarily in Transport for
2005-2009)",No,1,Non-Junction,Not an Intersection,None,4,On Roadside,1,Daylight,2,Rain,10,Cloudy,2,Rain,No,0000000,12,5,12,9,88,88,0,None,0,None,0,None,1,1,2015-09-30 11:48:00+00:00,Pagi (06-11),Hari Kerja,Rabu
40,Oklahoma,400445,1,1,0,0,0,3,3,87,1877,30,10,2015,6,11,53,1,1,Rural,1,Interstate,1,State Highway Agency,1,Interstate,I-35,,0,35.17134722,-97.49252778,0,No Special Jurisdiction (Includes National Forests Since 2008),32,Culvert,0,"Not Collision with Motor Vehicle in Transport (Not Necessarily in Transport for
2005-2009)",No,1,Non-Junction,Not an Intersection,None,4,On Roadside,1,Daylight,2,Rain,0,No Additional Atmospheric Conditions,2,Rain,No,0000000,12,8,12,23,13,15,0,None,0,None,0,None,2,0,2015-10-30 11:53:00+00:00,Pagi (06-11),Hari Kerja,Jumat
51,Virginia,510525,1,1,0,0,0,2,2,53,0,31,8,2015,2,15,15,1,1,Rural,1,Interstate,1,State Highway Agency,1,Interstate,I-85,,437,36.96681667,-77.71414444,0,No Special Jurisdiction (Includes National Forests Since 2008),1,Rollover/Overturn,0,"Not Collision with Motor Vehicle in Transport (Not Necessarily in Transport for
2005-2009)",No,1,Non-Junction,Not an Intersection,None,1,On Roadway,1,Daylight,2,Rain,0,No Additional Atmospheric Conditions,2,Rain,No,0000000,15,25,15,38,88,88,0,None,0,None,0,None,1,0,2015-08-31 15:15:00+00:00,Siang (12-17),Hari Kerja,Senin
51,Virginia,510074,1,1,0,0,0,4,4,25,0,1,3,2015,1,7,15,1,1,Rural,1,Interstate,1,State Highway Agency,1,Interstate,I-85,,322,36.86583333,-77.83638889,0,No Special Jurisdiction (Includes National Forests Since 2008),34,Ditch,0,"Not Collision with Motor Vehicle in Transport (Not Necessarily in Transport for
2005-2009)",No,1,Non-Junction,Not an Intersection,None,3,On Median,1,Daylight,2,Rain,0,No Additional Atmospheric Conditions,2,Rain,No,0000000,7,23,7,38,9,7,0,None,0,None,0,None,1,0,2015-03-01 07:15:00+00:00,Pagi (06-11),Akhir Pekan,Minggu
51,Virginia,510495,1,1,0,0,0,2,2,149,0,28,9,2015,2,14,50,1,1,Rural,1,Interstate,1,State Highway Agency,1,Interstate,I-95,,401,37.07086111,-77.36719167,0,No Special Jurisdiction (Includes National Forests Since 2008),42,Tree (Standing Only),0,"Not Collision with Motor Vehicle in Transport (Not Necessarily in Transport for
2005-2009)",No,1,Non-Junction,Not an Intersection,None,4,On Roadside,1,Daylight,2,Rain,0,No Additional Atmospheric Conditions,2,Rain,No,0000000,15,43,15,56,17,12,0,None,0,None,0,None,2,0,2015-09-28 14:50:00+00:00,Siang (12-17),Hari Kerja,Senin
51,Virginia,510485,1,1,0,0,0,2,2,117,0,10,9,2015,5,3,15,1,1,Rural,1,Interstate,1,State Highway Agency,1,Interstate,I-85,,162,36.76222222,-78.08,0,No Special Jurisdiction (Includes National Forests Since 2008),42,Tree (Standing Only),0,"Not Collision with Motor Vehicle in Transport (Not Necessarily in Transport for
2005-2009)",No,1,Non-Junction,Not an Intersection,None,3,On Median,2,Dark – Not Lighted,2,Rain,0,No Additional Atmospheric Conditions,2,Rain,No,0000000,99,99,99,99,99,99,0,None,0,None,0,None,1,0,2015-09-10 03:15:00+00:00,Dini hari (00-05),Hari Kerja,Kamis
51,Virginia,510015,1,1,0,0,0,1,1,53,0,14,1,2015,4,2,0,1,1,Rural,1,Interstate,1,State Highway Agency,1,Interstate,I-85,,554,37.10194444,-77.54416667,0,No Special Jurisdiction (Includes National Forests Since 2008),42,Tree (Standing Only),0,"Not Collision with Motor Vehicle in Transport (Not Necessarily in Transport for
2005-2009)",No,1,Non-Junction,Not an Intersection,None,3,On Median,2,Dark – Not Lighted,2,Rain,0,No Additional Atmospheric Conditions,2,Rain,No,0000000,99,99,99,99,88,88,0,None,0,None,0,None,1,0,2015-01-14 02:00:00+00:00,Dini hari (00-05),Hari Kerja,Rabu
51,Virginia,510141,1,1,0,0,0,1,1,163,0,10,4,2015,6,16,47,1,1,Rural,1,Interstate,1,State Highway Agency,1,Interstate,I-81,,1748,37.61361111,-79.59111111,0,No Special Jurisdiction (Includes National Forests Since 2008),59,Traffic Sign Support,0,"Not Collision with Motor Vehicle in Transport (Not Necessarily in Transport for
2005-2009)",No,1,Non-Junction,Not an Intersection,None,4,On Roadside,1,Daylight,2,Rain,0,No Additional Atmospheric Conditions,2,Rain,No,0000000,16,51,17,7,18,45,0,None,0,None,0,None,1,0,2015-04-10 16:47:00+00:00,Siang (12-17),Hari Kerja,Jumat
22,Louisiana,220575,1,1,0,0,0,4,4,5,0,7,11,2015,7,20,25,1,1,Rural,1,Interstate,1,State Highway Agency,1,Interstate,I-10,,1897,30.14786944,-90.77303333,0,No Special Jurisdiction (Includes National Forests Since 2008),35,Embankment,0,"Not Collision with Motor Vehicle in Transport (Not Necessarily in Transport for
2005-2009)",No,1,Non-Junction,Not an Intersection,None,4,On Roadside,2,Dark – Not Lighted,2,Rain,0,No Additional Atmospheric Conditions,2,Rain,No,0000000,20,29,21,4,21,42,0,None,0,None,0,None,3,0,2015-11-07 20:25:00+00:00,Malam (18-23),Akhir Pekan,Sabtu
22,Louisiana,220573,1,1,0,0,0,2,2,13,0,7,11,2015,7,7,26,1,1,Rural,1,Interstate,1,State Highway Agency,1,Interstate,I-20,,701,32.56157778,-92.902375,0,No Special Jurisdiction (Includes National Forests Since 2008),42,Tree (Standing Only),0,"Not Collision with Motor Vehicle in Transport (Not Necessarily in Transport for
2005-2009)",No,1,Non-Junction,Not an Intersection,None,4,On Roadside,1,Daylight,2,Rain,0,No Additional Atmospheric Conditions,2,Rain,No,0000000,7,33,7,53,9,4,0,None,0,None,0,None,1,0,2015-11-07 07:26:00+00:00,Pagi (06-11),Akhir Pekan,Sabtu
22,Louisiana,220304,1,1,0,0,0,1,1,69,0,27,6,2015,7,19,57,1,1,Rural,1,Interstate,1,State Highway Agency,1,Interstate,I-49,,1091,31.46246111,-92.79416111,0,No Special Jurisdiction (Includes National Forests Since 2008),42,Tree (Standing Only),0,"Not Collision with Motor Vehicle in Transport (Not Necessarily in Transport for
2005-2009)",No,1,Non-Junction,Not an Intersection,None,3,On Median,1,Daylight,2,Rain,0,No Additional Atmospheric Conditions,2,Rain,No,0000000,20,4,20,24,21,2,0,None,0,None,0,None,1,0,2015-06-27 19:57:00+00:00,Malam (18-23),Akhir Pekan,Sabtu
47,Tennessee,470288,1,1,0,0,0,1,1,55,0,20,5,2015,4,19,17,1,1,Rural,1,Interstate,1,State Highway Agency,1,Interstate,I-65,,81,35.10931111,-86.884,0,No Special Jurisdiction (Includes National Forests Since 2008),1,Rollover/Overturn,0,"Not Collision with Motor Vehicle in Transport (Not Necessarily in Transport for
2005-2009)",No,1,Non-Junction,Not an Intersection,None,1,On Roadway,1,Daylight,2,Rain,0,No Additional Atmospheric Conditions,2,Rain,No,0000000,99,99,99,99,99,99,0,None,0,None,0,None,1,0,2015-05-20 19:17:00+00:00,Malam (18-23),Hari Kerja,Rabu
47,Tennessee,470518,1,1,0,0,0,2,2,107,0,17,8,2015,2,21,30,1,1,Rural,1,Interstate,1,State Highway Agency,1,Interstate,I-75,,207,35.54248056,-84.57171111,0,No Special Jurisdiction (Includes National Forests Since 2008),42,Tree (Standing Only),0,"Not Collision with Motor Vehicle in Transport (Not Necessarily in Transport for
2005-2009)",No,1,Non-Junction,Not an Intersection,None,4,On Roadside,2,Dark – Not Lighted,2,Rain,0,No Additional Atmospheric Conditions,2,Rain,No,0000000,99,99,99,99,99,99,0,None,0,None,0,None,1,0,2015-08-17 21:30:00+00:00,Malam (18-23),Hari Kerja,Senin
47,Tennessee,470210,1,1,0,0,0,1,1,107,0,19,4,2015,1,9,55,1,1,Rural,1,Interstate,1,State Highway Agency,1,Interstate,I-75,,236,35.57538889,-84.53773889,0,No Special Jurisdiction (Includes National Forests Since 2008),42,Tree (Standing Only),0,"Not Collision with Motor Vehicle in Transport (Not Necessarily in Transport for
2005-2009)",No,1,Non-Junction,Not an Intersection,None,4,On Roadside,1,Daylight,2,Rain,0,No Additional Atmospheric Conditions,2,Rain,No,0000000,99,99,99,99,99,99,0,None,0,None,0,None,1,0,2015-04-19 09:55:00+00:00,Pagi (06-11),Akhir Pekan,Minggu
47,Tennessee,470767,1,1,0,0,0,1,1,125,0,9,11,2015,2,10,50,1,1,Rural,1,Interstate,1,State Highway Agency,1,Interstate,I-24,,170,36.46938056,-87.13003056,0,No Special Jurisdiction (Includes National Forests Since 2008),42,Tree (Standing Only),0,"Not Collision with Motor Vehicle in Transport (Not Necessarily in Transport for
2005-2009)",No,1,Non-Junction,Not an Intersection,None,4,On Roadside,1,Daylight,2,Rain,0,No Additional Atmospheric Conditions,2,Rain,No,0000000,99,99,99,99,99,99,0,None,0,None,0,None,1,0,2015-11-09 10:50:00+00:00,Pagi (06-11),Hari Kerja,Senin
47,Tennessee,470873,1,1,0,0,0,2,2,63,0,25,12,2015,6,13,15,1,1,Rural,1,Interstate,1,State Highway Agency,1,Interstate,I-81,,77,36.19426944,-83.17173056,0,No Special Jurisdiction (Includes National Forests Since 2008),52,Guardrail End,0,"Not Collision with Motor Vehicle in Transport (Not Necessarily in Transport for
2005-2009)",No,1,Non-Junction,Not an Intersection,None,4,On Roadside,1,Daylight,2,Rain,0,No Additional Atmospheric Conditions,2,Rain,No,0000000,99,99,99,99,99,99,0,None,0,None,0,None,2,1,2015-12-25 13:15:00+00:00,Siang (12-17),Hari Kerja,Jumat
6,California,60146,1,1,0,0,0,2,2,71,0,30,1,2015,6,20,45,1,1,Rural,1,Interstate,1,State Highway Agency,1,Interstate,I-15,,1536,35.39327778,-115.83077778,0,No Special Jurisdiction (Includes National Forests Since 2008),1,Rollover/Overturn,0,"Not Collision with Motor Vehicle in Transport (Not Necessarily in Transport for
2005-2009)",No,1,Non-Junction,Not an Intersection,None,4,On Roadside,2,Dark – Not Lighted,2,Rain,0,No Additional Atmospheric Conditions,2,Rain,No,0000000,99,99,99,99,99,99,0,None,0,None,0,None,1,1,2015-01-30 20:45:00+00:00,Malam (18-23),Hari Kerja,Jumat
6,California,61605,1,1,0,0,0,1,1,89,0,28,10,2015,4,10,58,1,1,Rural,1,Interstate,1,State Highway Agency,1,Interstate,I-5,,636,41.15139444,-122.30491667,0,No Special Jurisdiction (Includes National Forests Since 2008),35,Embankment,0,"Not Collision with Motor Vehicle in Transport (Not Necessarily in Transport for
2005-2009)",No,1,Non-Junction,Not an Intersection,None,4,On Roadside,1,Daylight,2,Rain,10,Cloudy,2,Rain,No,0000000,99,99,99,99,99,99,0,None,0,None,0,None,1,0,2015-10-28 10:58:00+00:00,Pagi (06-11),Hari Kerja,Rabu
6,California,62605,1,1,0,0,0,4,4,1,0,13,12,2015,1,10,32,1,1,Rural,1,Interstate,1,State Highway Agency,1,Interstate,I-580,,26,37.73605,-121.60598056,0,No Special Jurisdiction (Includes National Forests Since 2008),41,Shrubbery,0,"Not Collision with Motor Vehicle in Transport (Not Necessarily in Transport for
2005-2009)",No,1,Non-Junction,Not an Intersection,None,4,On Roadside,1,Daylight,2,Rain,0,No Additional Atmospheric Conditions,2,Rain,No,0000000,99,99,99,99,99,99,0,None,0,None,0,None,2,0,2015-12-13 10:32:00+00:00,Pagi (06-11),Akhir Pekan,Minggu
53,Washington,530500,2,1,1,0,1,1,2,73,0,18,12,2015,6,16,28,1,1,Rural,1,Interstate,1,State Highway Agency,1,Interstate,I-5,,2680,48.91028889,-122.62492778,0,No Special Jurisdiction (Includes National Forests Since 2008),14,Parked Motor Vehicle (Not In Transport),0,"Not Collision with Motor Vehicle in Transport (Not Necessarily in Transport for
2005-2009)",No,1,Non-Junction,Not an Intersection,None,2,On Shoulder,5,Dusk,2,Rain,0,No Additional Atmospheric Conditions,2,Rain,No,0000000,99,98,99,98,99,98,0,None,0,None,0,None,1,0,2015-12-18 16:28:00+00:00,Siang (12-17),Hari Kerja,Jumat
53,Washington,530447,1,1,0,0,0,1,1,33,0,9,11,2015,2,10,51,1,1,Rural,1,Interstate,1,State Highway Agency,1,Interstate,I-90,,386,47.43769167,-121.64848333,0,No Special Jurisdiction (Includes National Forests Since 2008),24,Guardrail Face,0,"Not Collision with Motor Vehicle in Transport (Not Necessarily in Transport for
2005-2009)",No,1,Non-Junction,Not an Intersection,None,4,On Roadside,1,Daylight,2,Rain,0,No Additional Atmospheric Conditions,2,Rain,No,0000000,88,88,88,88,88,88,0,None,0,None,0,None,1,0,2015-11-09 10:51:00+00:00,Pagi (06-11),Hari Kerja,Senin
28,Mississippi,280150,1,1,0,0,0,1,1,123,0,18,4,2015,7,18,0,1,1,Rural,1,Interstate,1,State Highway Agency,1,Interstate,I-20,,830,32.32710833,-89.39313889,0,No Special Jurisdiction (Includes National Forests Since 2008),34,Ditch,0,"Not Collision with Motor Vehicle in Transport (Not Necessarily in Transport for
2005-2009)",No,1,Non-Junction,Not an Intersection,None,4,On Roadside,1,Daylight,2,Rain,10,Cloudy,2,Rain,No,0000000,18,0,18,5,88,88,0,None,0,None,0,None,1,0,2015-04-18 18:00:00+00:00,Malam (18-23),Akhir Pekan,Sabtu
28,Mississippi,280360,1,1,0,0,0,1,1,161,0,6,8,2015,5,12,6,1,1,Rural,1,Interstate,1,State Highway Agency,1,Interstate,I-55,,99998,34.10317778,-89.90267778,0,No Special Jurisdiction (Includes National Forests Since 2008),34,Ditch,0,"Not Collision with Motor Vehicle in Transport (Not Necessarily in Transport for
2005-2009)",No,1,Non-Junction,Not an Intersection,None,3,On Median,1,Daylight,2,Rain,0,No Additional Atmospheric Conditions,2,Rain,No,0000000,12,12,12,34,88,88,0,None,0,None,0,None,1,0,2015-08-06 12:06:00+00:00,Siang (12-17),Hari Kerja,Kamis
28,Mississippi,280606,1,1,0,0,0,2,2,35,1050,22,12,2015,3,15,36,1,1,Rural,1,Interstate,1,State Highway Agency,1,Interstate,I-59,,99998,31.34621944,-89.35246111,0,No Special Jurisdiction (Includes National Forests Since 2008),42,Tree (Standing Only),0,"Not Collision with Motor Vehicle in Transport (Not Necessarily in Transport for
2005-2009)",No,1,Non-Junction,Not an Intersection,None,4,On Roadside,1,Daylight,2,Rain,0,No Additional Atmospheric Conditions,2,Rain,No,0000000,99,99,99,99,99,99,0,None,0,None,0,None,1,0,2015-12-22 15:36:00+00:00,Siang (12-17),Hari Kerja,Selasa
28,Mississippi,280100,1,1,0,0,0,2,2,109,0,2,3,2015,2,12,53,1,1,Rural,1,Interstate,1,State Highway Agency,1,Interstate,I-59,,190,30.72328889,-89.55249444,0,No Special Jurisdiction (Includes National Forests Since 2008),42,Tree (Standing Only),0,"Not Collision with Motor Vehicle in Transport (Not Necessarily in Transport for
2005-2009)",No,1,Non-Junction,Not an Intersection,None,4,On Roadside,1,Daylight,2,Rain,0,No Additional Atmospheric Conditions,2,Rain,No,0000000,12,53,13,15,13,44,0,None,0,None,0,None,1,0,2015-03-02 12:53:00+00:00,Siang (12-17),Hari Kerja,Senin
42,Pennsylvania,420434,1,1,0,0,0,2,2,29,0,8,6,2015,2,20,8,1,1,Rural,1,Interstate,31,State Toll Road,1,Interstate,I-76 EAST/WEST TPKE,,3057,40.11421111,-75.76186389,0,No Special Jurisdiction (Includes National Forests Since 2008),42,Tree (Standing Only),0,"Not Collision with Motor Vehicle in Transport (Not Necessarily in Transport for
2005-2009)",No,1,Non-Junction,Not an Intersection,None,4,On Roadside,2,Dark – Not Lighted,2,Rain,0,No Additional Atmospheric Conditions,2,Rain,No,0000000,20,7,20,19,99,99,0,None,0,None,0,None,1,1,2015-06-08 20:08:00+00:00,Malam (18-23),Hari Kerja,Senin
54,West Virginia,540115,1,1,0,0,0,1,1,25,0,6,7,2015,2,9,26,1,1,Rural,1,Interstate,1,State Highway Agency,1,Interstate,I-64,,1630,37.85795833,-80.514725,0,No Special Jurisdiction (Includes National Forests Since 2008),1,Rollover/Overturn,0,"Not Collision with Motor Vehicle in Transport (Not Necessarily in Transport for
2005-2009)",No,1,Non-Junction,Not an Intersection,None,3,On Median,1,Daylight,2,Rain,0,No Additional Atmospheric Conditions,2,Rain,No,0000000,99,99,99,99,99,99,0,None,0,None,0,None,1,0,2015-07-06 09:26:00+00:00,Pagi (06-11),Hari Kerja,Senin
37,North Carolina,370050,1,1,0,0,0,2,2,155,0,12,1,2015,2,7,46,1,1,Rural,1,Interstate,1,State Highway Agency,1,Interstate,I-95,,0,34.60187222,-79.10276667,0,No Special Jurisdiction (Includes National Forests Since 2008),1,Rollover/Overturn,0,"Not Collision with Motor Vehicle in Transport (Not Necessarily in Transport for
2005-2009)",No,1,Non-Junction,Not an Intersection,None,4,On Roadside,1,Daylight,2,Rain,0,No Additional Atmospheric Conditions,2,Rain,No,0000000,7,45,8,0,8,27,0,None,0,None,0,None,1,0,2015-01-12 07:46:00+00:00,Pagi (06-11),Hari Kerja,Senin
37,North Carolina,370386,1,1,0,0,0,2,2,81,0,1,5,2015,6,10,2,1,1,Rural,1,Interstate,1,State Highway Agency,1,Interstate,I-85,,0,36.059225,-79.66146667,0,No Special Jurisdiction (Includes National Forests Since 2008),42,Tree (Standing Only),0,"Not Collision with Motor Vehicle in Transport (Not Necessarily in Transport for
2005-2009)",No,1,Non-Junction,Not an Intersection,None,4,On Roadside,1,Daylight,2,Rain,0,No Additional Atmospheric Conditions,2,Rain,No,0000000,10,0,10,20,99,99,0,None,0,None,0,None,1,0,2015-05-01 10:02:00+00:00,Pagi (06-11),Hari Kerja,Jumat
37,North Carolina,370414,1,1,0,0,0,2,2,123,0,28,5,2015,5,16,6,1,1,Rural,1,Interstate,1,State Highway Agency,1,Interstate,I-73,,0,35.35496944,-79.76506111,0,No Special Jurisdiction (Includes National Forests Since 2008),42,Tree (Standing Only),0,"Not Collision with Motor Vehicle in Transport (Not Necessarily in Transport for
2005-2009)",No,1,Non-Junction,Not an Intersection,None,4,On Roadside,1,Daylight,2,Rain,10,Cloudy,2,Rain,No,0000000,16,7,16,26,17,6,0,None,0,None,0,None,1,0,2015-05-28 16:06:00+00:00,Siang (12-17),Hari Kerja,Kamis
45,South Carolina,450169,1,1,0,0,0,2,2,17,0,28,3,2015,7,0,50,1,1,Rural,1,Interstate,1,State Highway Agency,1,Interstate,I-26,,1363,33.67156389,-80.89733333,0,No Special Jurisdiction (Includes National Forests Since 2008),34,Ditch,0,"Not Collision with Motor Vehicle in Transport (Not Necessarily in Transport for
2005-2009)",No,1,Non-Junction,Not an Intersection,None,4,On Roadside,2,Dark – Not Lighted,2,Rain,0,No Additional Atmospheric Conditions,2,Rain,No,0000000,99,99,99,99,99,99,0,None,0,None,0,None,1,0,2015-03-28 00:50:00+00:00,Dini hari (00-05),Akhir Pekan,Sabtu
45,South Carolina,450756,1,1,0,0,0,1,1,35,0,4,11,2015,4,3,24,1,1,Rural,1,Interstate,1,State Highway Agency,1,Interstate,I-26,,1816,33.169275,-80.36356389,0,No Special Jurisdiction (Includes National Forests Since 2008),35,Embankment,0,"Not Collision with Motor Vehicle in Transport (Not Necessarily in Transport for
2005-2009)",No,1,Non-Junction,Not an Intersection,None,4,On Roadside,2,Dark – Not Lighted,2,Rain,0,No Additional Atmospheric Conditions,2,Rain,No,0000000,99,99,99,99,99,99,0,None,0,None,0,None,1,1,2015-11-04 03:24:00+00:00,Dini hari (00-05),Hari Kerja,Rabu
45,South Carolina,450157,1,1,0,0,0,3,3,29,0,22,3,2015,1,18,10,1,1,Rural,1,Interstate,1,State Highway Agency,1,Interstate,I-95,,474,32.79797778,-80.77295833,0,No Special Jurisdiction (Includes National Forests Since 2008),42,Tree (Standing Only),0,"Not Collision with Motor Vehicle in Transport (Not Necessarily in Transport for
2005-2009)",No,1,Non-Junction,Not an Intersection,None,3,On Median,5,Dusk,2,Rain,0,No Additional Atmospheric Conditions,2,Rain,No,0000000,18,48,19,0,19,52,0,None,0,None,0,None,1,1,2015-03-22 18:10:00+00:00,Malam (18-23),Akhir Pekan,Minggu
45,South Carolina,450452,1,1,0,0,0,2,2,49,0,24,7,2015,6,15,0,1,1,Rural,1,Interstate,1,State Highway Agency,1,Interstate,I-95,,388,32.72458889,-80.85341944,0,No Special Jurisdiction (Includes National Forests Since 2008),51,Jackknife (Harmful to This Vehicle),0,"Not Collision with Motor Vehicle in Transport (Not Necessarily in Transport for
2005-2009)",No,1,Non-Junction,Not an Intersection,None,4,On Roadside,1,Daylight,2,Rain,0,No Additional Atmospheric Conditions,2,Rain,No,0000000,99,99,99,99,99,99,0,None,0,None,0,None,1,0,2015-07-24 15:00:00+00:00,Siang (12-17),Hari Kerja,Jumat
19,Iowa,190248,1,1,0,0,0,4,4,99,0,17,11,2015,3,12,26,1,1,Rural,1,Interstate,1,State Highway Agency,1,Interstate,I-80,,188,41.68193333,-92.98368056,0,No Special Jurisdiction (Includes National Forests Since 2008),1,Rollover/Overturn,0,"Not Collision with Motor Vehicle in Transport (Not Necessarily in Transport for
2005-2009)",No,1,Non-Junction,Not an Intersection,None,4,On Roadside,1,Daylight,10,Cloudy,2,Rain,2,Rain,No,0000000,12,25,12,34,99,99,0,None,0,None,0,None,2,0,2015-11-17 12:26:00+00:00,Siang (12-17),Hari Kerja,Selasa
37,North Carolina,370471,1,1,0,0,0,1,1,111,0,31,5,2015,1,18,43,1,1,Rural,1,Interstate,1,State Highway Agency,1,Interstate,I-40,,0,35.66081944,-81.96060278,0,No Special Jurisdiction (Includes National Forests Since 2008),35,Embankment,0,"Not Collision with Motor Vehicle in Transport (Not Necessarily in Transport for
2005-2009)",No,1,Non-Junction,Not an Intersection,None,4,On Roadside,1,Daylight,10,Cloudy,2,Rain,2,Rain,No,0000000,18,43,18,50,88,88,0,None,0,None,0,None,1,0,2015-05-31 18:43:00+00:00,Malam (18-23),Akhir Pekan,Minggu
30,Montana,300108,1,1,0,0,0,3,3,15,0,23,6,2015,3,0,15,1,1,Rural,1,Interstate,1,State Highway Agency,1,Interstate,I-90 W,,5070,45.62506944,-107.46499167,0,No Special Jurisdiction (Includes National Forests Since 2008),38,Fence,11,Other (End-Swipes and Others),No,1,Non-Junction,Not an Intersection,None,5,Outside Trafficway,2,Dark – Not Lighted,2,Rain,0,No Additional Atmospheric Conditions,2,Rain,No,0000000,0,23,0,33,1,9,0,None,0,None,0,None,1,1,2015-06-23 00:15:00+00:00,Dini hari (00-05),Hari Kerja,Selasa
30,Montana,300117,1,1,0,0,0,1,1,61,0,10,8,2015,2,22,23,1,1,Rural,1,Interstate,1,State Highway Agency,1,Interstate,I-90 EB,,41,47.41818889,-115.62103889,0,No Special Jurisdiction (Includes National Forests Since 2008),18,Other Object (Not Fixed),0,"Not Collision with Motor Vehicle in Transport (Not Necessarily in Transport for
2005-2009)",Yes,18,Through Roadway,Not an Intersection,None,1,On Roadway,2,Dark – Not Lighted,2,Rain,0,No Additional Atmospheric Conditions,2,Rain,No,0000000,22,52,23,30,0,9,19,Recent Previous Crash Scene Nearby (Since 1989),0,None,0,None,1,0,2015-08-10 22:23:00+00:00,Malam (18-23),Hari Kerja,Senin
13,Georgia,131104,1,1,0,0,0,3,3,133,0,3,11,2015,3,21,13,1,1,Rural,1,Interstate,1,State Highway Agency,1,Interstate,I-20 RAMP,,34,33.54652778,-83.20176111,0,No Special Jurisdiction (Includes National Forests Since 2008),34,Ditch,0,"Not Collision with Motor Vehicle in Transport (Not Necessarily in Transport for
2005-2009)",Yes,5,Entrance/Exit Ramp Related,Not an Intersection,None,8,Gore,2,Dark – Not Lighted,2,Rain,0,No Additional Atmospheric Conditions,2,Rain,No,0000000,21,9,21,13,22,7,0,None,0,None,0,None,2,1,2015-11-03 21:13:00+00:00,Malam (18-23),Hari Kerja,Selasa
5,Arkansas,50308,3,1,2,0,3,1,4,59,0,22,8,2015,7,4,45,1,1,Rural,1,Interstate,1,State Highway Agency,1,Interstate,I-30-21,REST AREA,929,34.34983611,-92.89313333,0,No Special Jurisdiction (Includes National Forests Since 2008),14,Parked Motor Vehicle (Not In Transport),0,"Not Collision with Motor Vehicle in Transport (Not Necessarily in Transport for
2005-2009)",Yes,5,Entrance/Exit Ramp Related,Not an Intersection,None,2,On Shoulder,2,Dark – Not Lighted,2,Rain,0,No Additional Atmospheric Conditions,2,Rain,No,0000000,4,45,4,58,99,99,0,None,0,None,0,None,1,0,2015-08-22 04:45:00+00:00,Dini hari (00-05),Akhir Pekan,Sabtu
39,Ohio,390693,1,1,0,0,0,1,1,13,0,9,9,2015,4,22,32,1,2,Urban,1,Interstate,1,State Highway Agency,1,Interstate,I-70,,181,40.06768889,-80.89298889,0,No Special Jurisdiction (Includes National Forests Since 2008),24,Guardrail Face,0,"Not Collision with Motor Vehicle in Transport (Not Necessarily in Transport for
2005-2009)",No,1,Non-Junction,Not an Intersection,None,4,On Roadside,2,Dark – Not Lighted,2,Rain,0,No Additional Atmospheric Conditions,2,Rain,No,0000000,99,99,2,36,88,88,0,None,0,None,0,None,1,0,2015-09-09 22:32:00+00:00,Malam (18-23),Hari Kerja,Rabu
39,Ohio,390397,1,1,0,0,0,1,1,49,1800,15,6,2015,2,3,4,1,2,Urban,1,Interstate,1,State Highway Agency,1,Interstate,I-70,,185,39.94111389,-82.93963333,0,No Special Jurisdiction (Includes National Forests Since 2008),25,Concrete Traffic Barrier,0,"Not Collision with Motor Vehicle in Transport (Not Necessarily in Transport for
2005-2009)",No,1,Non-Junction,Not an Intersection,None,3,On Median,3,Dark – Lighted,2,Rain,0,No Additional Atmospheric Conditions,2,Rain,No,0000000,3,7,3,12,88,88,0,None,0,None,0,None,1,1,2015-06-15 03:04:00+00:00,Dini hari (00-05),Hari Kerja,Senin
49,Utah,490193,1,1,0,0,0,1,1,35,2113,2,10,2015,6,3,30,1,2,Urban,1,Interstate,1,State Highway Agency,1,Interstate,I-215,,180,40.70391944,-111.95284722,0,No Special Jurisdiction (Includes National Forests Since 2008),21,Bridge Pier or Support,0,"Not Collision with Motor Vehicle in Transport (Not Necessarily in Transport for
2005-2009)",No,1,Non-Junction,Not an Intersection,None,4,On Roadside,2,Dark – Not Lighted,2,Rain,0,No Additional Atmospheric Conditions,2,Rain,No,0000000,3,31,3,38,88,88,0,None,0,None,0,None,1,0,2015-10-02 03:30:00+00:00,Dini hari (00-05),Hari Kerja,Jumat
48,Texas,482296,1,1,0,0,0,2,2,141,2190,3,10,2015,7,16,25,1,2,Urban,1,Interstate,1,State Highway Agency,1,Interstate,I-10,,299,31.75160833,-106.34350556,0,No Special Jurisdiction (Includes National Forests Since 2008),1,Rollover/Overturn,0,"Not Collision with Motor Vehicle in Transport (Not Necessarily in Transport for
2005-2009)",No,1,Non-Junction,Not an Intersection,Construction,1,On Roadway,1,Daylight,2,Rain,0,No Additional Atmospheric Conditions,2,Rain,No,0000000,16,27,16,39,16,53,0,None,0,None,0,None,1,0,2015-10-03 16:25:00+00:00,Siang (12-17),Akhir Pekan,Sabtu
48,Texas,480498,1,1,0,0,0,1,1,201,3280,24,2,2015,3,23,40,1,2,Urban,1,Interstate,1,State Highway Agency,1,Interstate,I-69/EASTEX FWY,,67,29.83664722,-95.33383056,0,No Special Jurisdiction (Includes National Forests Since 2008),1,Rollover/Overturn,0,"Not Collision with Motor Vehicle in Transport (Not Necessarily in Transport for
2005-2009)",No,1,Non-Junction,Not an Intersection,None,10,Separator,3,Dark – Lighted,2,Rain,0,No Additional Atmospheric Conditions,2,Rain,No,0000000,99,98,99,98,88,88,0,None,0,None,0,None,1,1,2015-02-24 23:40:00+00:00,Malam (18-23),Hari Kerja,Selasa
48,Texas,480077,1,1,0,0,0,1,1,245,490,1,1,2015,5,17,49,1,2,Urban,1,Interstate,1,State Highway Agency,1,Interstate,I-10,,26,30.09579444,-94.12341389,0,No Special Jurisdiction (Includes National Forests Since 2008),20,Impact Attenuator/Crash Cushion,0,"Not Collision with Motor Vehicle in Transport (Not Necessarily in Transport for
2005-2009)",No,1,Non-Junction,Not an Intersection,None,8,Gore,3,Dark – Lighted,2,Rain,0,No Additional Atmospheric Conditions,2,Rain,No,0000000,17,51,17,56,18,10,0,None,0,None,0,None,1,0,2015-01-01 17:49:00+00:00,Siang (12-17),Hari Kerja,Kamis
48,Texas,481412,1,1,0,0,0,1,1,113,1730,26,6,2015,6,22,35,1,2,Urban,1,Interstate,1,State Highway Agency,1,Interstate,I-45 JULIUS SCHEPPS FWY,,175,32.73001389,-96.76408611,0,No Special Jurisdiction (Includes National Forests Since 2008),24,Guardrail Face,0,"Not Collision with Motor Vehicle in Transport (Not Necessarily in Transport for
2005-2009)",No,1,Non-Junction,Not an Intersection,None,4,On Roadside,3,Dark – Lighted,2,Rain,0,No Additional Atmospheric Conditions,2,Rain,No,0000000,99,98,99,98,88,88,0,None,0,None,0,None,1,1,2015-06-26 22:35:00+00:00,Malam (18-23),Hari Kerja,Jumat
48,Texas,481047,1,1,0,0,0,2,2,29,6090,21,5,2015,5,2,20,1,2,Urban,1,Interstate,1,State Highway Agency,1,Interstate,I-37,,116,29.43043333,-98.48063056,0,No Special Jurisdiction (Includes National Forests Since 2008),25,Concrete Traffic Barrier,0,"Not Collision with Motor Vehicle in Transport (Not Necessarily in Transport for
2005-2009)",No,1,Non-Junction,Not an Intersection,None,3,On Median,3,Dark – Lighted,2,Rain,0,No Additional Atmospheric Conditions,2,Rain,No,0000000,99,99,99,99,99,99,0,None,0,None,0,None,1,1,2015-05-21 02:20:00+00:00,Dini hari (00-05),Hari Kerja,Kamis
48,Texas,480003,1,1,0,0,0,1,1,113,1730,1,1,2015,5,3,5,1,2,Urban,1,Interstate,1,State Highway Agency,1,Interstate,I-20 LYNDON B. JOHNSON FWY,,66,32.67020278,-96.94210278,0,No Special Jurisdiction (Includes National Forests Since 2008),30,Utility Pole/Light Support,0,"Not Collision with Motor Vehicle in Transport (Not Necessarily in Transport for
2005-2009)",No,1,Non-Junction,Not an Intersection,None,3,On Median,3,Dark – Lighted,2,Rain,0,No Additional Atmospheric Conditions,2,Rain,No,0000000,99,98,99,98,88,88,0,None,0,None,0,None,1,1,2015-01-01 03:05:00+00:00,Dini hari (00-05),Hari Kerja,Kamis
48,Texas,480057,1,1,0,0,0,1,1,367,9997,11,1,2015,1,20,46,1,2,Urban,1,Interstate,1,State Highway Agency,1,Interstate,I-30 WEST FWY,,103,32.72088611,-97.54458889,0,No Special Jurisdiction (Includes National Forests Since 2008),57,Cable Barrier (Since 2008),0,"Not Collision with Motor Vehicle in Transport (Not Necessarily in Transport for
2005-2009)",No,1,Non-Junction,Not an Intersection,None,3,On Median,2,Dark – Not Lighted,2,Rain,0,No Additional Atmospheric Conditions,2,Rain,No,0000000,99,98,99,98,88,88,0,None,0,None,0,None,1,0,2015-01-11 20:46:00+00:00,Malam (18-23),Akhir Pekan,Minggu
20,Kansas,200083,1,1,0,0,0,1,1,173,5880,6,5,2015,4,21,0,1,2,Urban,1,Interstate,1,State Highway Agency,1,Interstate,I-235,,112,37.72920556,-97.38276944,0,No Special Jurisdiction (Includes National Forests Since 2008),24,Guardrail Face,0,"Not Collision with Motor Vehicle in Transport (Not Necessarily in Transport for
2005-2009)",No,1,Non-Junction,Not an Intersection,None,4,On Roadside,3,Dark – Lighted,2,Rain,0,No Additional Atmospheric Conditions,2,Rain,No,0000000,21,10,21,12,21,35,0,None,0,None,0,None,1,1,2015-05-06 21:00:00+00:00,Malam (18-23),Hari Kerja,Rabu
12,Florida,122349,1,1,0,0,0,1,1,127,780,5,12,2015,7,11,38,1,2,Urban,1,Interstate,1,State Highway Agency,1,Interstate,I-95,,99998,29.21279722,-81.10077222,0,No Special Jurisdiction (Includes National Forests Since 2008),1,Rollover/Overturn,0,"Not Collision with Motor Vehicle in Transport (Not Necessarily in Transport for
2005-2009)",No,1,Non-Junction,Not an Intersection,None,1,On Roadway,1,Daylight,2,Rain,0,No Additional Atmospheric Conditions,2,Rain,No,0000000,99,99,99,99,99,99,19,Recent Previous Crash Scene Nearby (Since 1989),0,None,0,None,1,0,2015-12-05 11:38:00+00:00,Pagi (06-11),Akhir Pekan,Sabtu
12,Florida,121667,1,1,0,0,0,1,1,9,0,27,8,2015,5,15,5,1,2,Urban,1,Interstate,1,State Highway Agency,1,Interstate,I-95,,99998,28.14461111,-80.70576944,0,No Special Jurisdiction (Includes National Forests Since 2008),24,Guardrail Face,0,"Not Collision with Motor Vehicle in Transport (Not Necessarily in Transport for
2005-2009)",No,1,Non-Junction,Not an Intersection,None,3,On Median,1,Daylight,2,Rain,0,No Additional Atmospheric Conditions,2,Rain,No,0000000,99,99,99,99,99,99,0,None,0,None,0,None,1,0,2015-08-27 15:05:00+00:00,Siang (12-17),Hari Kerja,Kamis
12,Florida,120170,1,1,0,0,0,3,3,33,0,1,2,2015,1,12,58,1,2,Urban,1,Interstate,1,State Highway Agency,1,Interstate,I-10,,99998,30.50249167,-87.18218611,0,No Special Jurisdiction (Includes National Forests Since 2008),24,Guardrail Face,0,"Not Collision with Motor Vehicle in Transport (Not Necessarily in Transport for
2005-2009)",No,1,Non-Junction,Not an Intersection,None,4,On Roadside,1,Daylight,2,Rain,0,No Additional Atmospheric Conditions,2,Rain,No,0000000,99,99,99,99,99,99,0,None,0,None,0,None,2,0,2015-02-01 12:58:00+00:00,Siang (12-17),Akhir Pekan,Minggu
12,Florida,120068,1,1,0,0,0,3,3,95,0,16,1,2015,6,2,20,1,2,Urban,1,Interstate,1,State Highway Agency,1,Interstate,I-4,,99998,28.59618056,-81.38566111,0,No Special Jurisdiction (Includes National Forests Since 2008),25,Concrete Traffic Barrier,0,"Not Collision with Motor Vehicle in Transport (Not Necessarily in Transport for
2005-2009)",No,1,Non-Junction,Not an Intersection,None,3,On Median,3,Dark – Lighted,2,Rain,0,No Additional Atmospheric Conditions,2,Rain,No,0000000,99,99,99,99,99,99,0,None,0,None,0,None,1,1,2015-01-16 02:20:00+00:00,Dini hari (00-05),Hari Kerja,Jumat
12,Florida,120709,1,1,0,0,0,1,1,111,2601,5,5,2015,3,4,18,1,2,Urban,1,Interstate,1,State Highway Agency,1,Interstate,I-95,,99998,27.26841111,-80.42343056,0,No Special Jurisdiction (Includes National Forests Since 2008),42,Tree (Standing Only),0,"Not Collision with Motor Vehicle in Transport (Not Necessarily in Transport for
2005-2009)",No,1,Non-Junction,Not an Intersection,None,4,On Roadside,2,Dark – Not Lighted,2,Rain,0,No Additional Atmospheric Conditions,2,Rain,No,0000000,99,99,99,99,88,88,0,None,0,None,0,None,1,0,2015-05-05 04:18:00+00:00,Dini hari (00-05),Hari Kerja,Selasa
13,Georgia,130835,1,1,0,0,0,2,2,97,0,30,8,2015,1,10,53,1,2,Urban,1,Interstate,1,State Highway Agency,1,Interstate,I-20,,156,33.76799444,-84.65463889,0,No Special Jurisdiction (Includes National Forests Since 2008),1,Rollover/Overturn,0,"Not Collision with Motor Vehicle in Transport (Not Necessarily in Transport for
2005-2009)",No,1,Non-Junction,Not an Intersection,None,1,On Roadway,1,Daylight,2,Rain,0,No Additional Atmospheric Conditions,2,Rain,No,0000000,10,54,11,2,11,30,0,None,0,None,0,None,1,0,2015-08-30 10:53:00+00:00,Pagi (06-11),Akhir Pekan,Minggu
13,Georgia,130940,2,1,1,0,1,1,2,15,0,26,9,2015,7,18,53,1,2,Urban,1,Interstate,1,State Highway Agency,1,Interstate,I-75,,257,34.34799167,-84.87868611,0,No Special Jurisdiction (Includes National Forests Since 2008),14,Parked Motor Vehicle (Not In Transport),0,"Not Collision with Motor Vehicle in Transport (Not Necessarily in Transport for
2005-2009)",No,1,Non-Junction,Not an Intersection,None,2,On Shoulder,1,Daylight,2,Rain,0,No Additional Atmospheric Conditions,2,Rain,No,0000000,99,98,99,98,88,88,0,None,0,None,0,None,1,0,2015-09-26 18:53:00+00:00,Malam (18-23),Akhir Pekan,Sabtu
13,Georgia,131331,1,1,0,0,0,2,2,21,3390,19,4,2015,1,13,32,1,2,Urban,1,Interstate,1,State Highway Agency,1,Interstate,I-75,,209,32.93088056,-83.73631667,0,No Special Jurisdiction (Includes National Forests Since 2008),34,Ditch,0,"Not Collision with Motor Vehicle in Transport (Not Necessarily in Transport for
2005-2009)",No,1,Non-Junction,Not an Intersection,None,4,On Roadside,1,Daylight,2,Rain,0,No Additional Atmospheric Conditions,2,Rain,No,0000000,99,99,99,99,99,99,0,None,0,None,0,None,1,0,2015-04-19 13:32:00+00:00,Siang (12-17),Akhir Pekan,Minggu
13,Georgia,130934,1,1,0,0,0,1,1,139,2160,24,9,2015,5,23,43,1,2,Urban,1,Interstate,1,State Highway Agency,1,Interstate,I-985,,55,34.17774167,-83.91501667,0,No Special Jurisdiction (Includes National Forests Since 2008),42,Tree (Standing Only),0,"Not Collision with Motor Vehicle in Transport (Not Necessarily in Transport for
2005-2009)",No,1,Non-Junction,Not an Intersection,None,4,On Roadside,2,Dark – Not Lighted,2,Rain,0,No Additional Atmospheric Conditions,2,Rain,No,0000000,7,46,7,46,88,88,0,None,0,None,0,None,1,0,2015-09-24 23:43:00+00:00,Malam (18-23),Hari Kerja,Kamis
13,Georgia,130959,1,1,0,0,0,1,1,97,0,28,9,2015,2,6,41,1,2,Urban,1,Interstate,1,State Highway Agency,1,Interstate,I-20,,25,33.72091944,-84.84595278,0,No Special Jurisdiction (Includes National Forests Since 2008),42,Tree (Standing Only),0,"Not Collision with Motor Vehicle in Transport (Not Necessarily in Transport for
2005-2009)",No,1,Non-Junction,Not an Intersection,None,4,On Roadside,2,Dark – Not Lighted,2,Rain,0,No Additional Atmospheric Conditions,2,Rain,No,0000000,99,98,99,98,88,88,0,None,0,None,0,None,1,0,2015-09-28 06:41:00+00:00,Pagi (06-11),Hari Kerja,Senin
13,Georgia,130795,1,1,0,0,0,2,2,11,0,18,8,2015,3,6,17,1,2,Urban,1,Interstate,1,State Highway Agency,1,Interstate,I-85,,1,34.298625,-83.405125,0,No Special Jurisdiction (Includes National Forests Since 2008),42,Tree (Standing Only),0,"Not Collision with Motor Vehicle in Transport (Not Necessarily in Transport for
2005-2009)",No,1,Non-Junction,Not an Intersection,None,4,On Roadside,2,Dark – Not Lighted,2,Rain,0,No Additional Atmospheric Conditions,2,Rain,No,0000000,6,15,6,26,99,99,0,None,0,None,0,None,1,0,2015-08-18 06:17:00+00:00,Pagi (06-11),Hari Kerja,Selasa
13,Georgia,130635,1,1,0,0,0,3,3,135,800,27,6,2015,7,6,58,1,2,Urban,1,Interstate,1,State Highway Agency,1,Interstate,I-85,,226,34.08935833,-83.83702778,0,No Special Jurisdiction (Includes National Forests Since 2008),43,Other Fixed Object,0,"Not Collision with Motor Vehicle in Transport (Not Necessarily in Transport for
2005-2009)",No,1,Non-Junction,Not an Intersection,None,3,On Median,4,Dawn,2,Rain,0,No Additional Atmospheric Conditions,2,Rain,No,0000000,6,58,7,16,7,39,0,None,0,None,0,None,1,0,2015-06-27 06:58:00+00:00,Pagi (06-11),Akhir Pekan,Sabtu
13,Georgia,130356,1,1,0,0,0,1,1,75,40,13,4,2015,2,9,41,1,2,Urban,1,Interstate,1,State Highway Agency,1,Interstate,I-75,,73,31.12935556,-83.43666944,0,No Special Jurisdiction (Includes National Forests Since 2008),52,Guardrail End,0,"Not Collision with Motor Vehicle in Transport (Not Necessarily in Transport for
2005-2009)",No,1,Non-Junction,Not an Intersection,None,4,On Roadside,1,Daylight,2,Rain,0,No Additional Atmospheric Conditions,2,Rain,No,0000000,99,99,99,99,99,99,0,None,0,None,0,None,1,0,2015-04-13 09:41:00+00:00,Pagi (06-11),Hari Kerja,Senin
18,Indiana,180372,1,1,0,0,0,2,2,97,2210,26,6,2015,6,22,32,1,2,Urban,1,Interstate,1,State Highway Agency,1,Interstate,I-70,,830,39.78703056,-86.13437778,0,No Special Jurisdiction (Includes National Forests Since 2008),25,Concrete Traffic Barrier,0,"Not Collision with Motor Vehicle in Transport (Not Necessarily in Transport for
2005-2009)",No,1,Non-Junction,Not an Intersection,None,4,On Roadside,2,Dark – Not Lighted,2,Rain,0,No Additional Atmospheric Conditions,2,Rain,No,0000000,99,99,99,99,99,99,0,None,0,None,0,None,1,0,2015-06-26 22:32:00+00:00,Malam (18-23),Hari Kerja,Jumat
18,Indiana,180378,1,1,0,0,0,1,1,97,2210,12,7,2015,1,3,46,1,2,Urban,1,Interstate,1,State Highway Agency,1,Interstate,I- 70W,,861,39.75322778,-86.14968333,0,No Special Jurisdiction (Includes National Forests Since 2008),42,Tree (Standing Only),0,"Not Collision with Motor Vehicle in Transport (Not Necessarily in Transport for
2005-2009)",No,1,Non-Junction,Not an Intersection,None,4,On Roadside,3,Dark – Lighted,2,Rain,0,No Additional Atmospheric Conditions,2,Rain,No,0000000,99,99,99,99,88,88,0,None,0,None,0,None,1,0,2015-07-12 03:46:00+00:00,Dini hari (00-05),Akhir Pekan,Minggu
5,Arkansas,50371,1,1,0,0,0,1,1,143,1310,9,10,2015,6,10,30,1,2,Urban,1,Interstate,1,State Highway Agency,1,Interstate,I-49-28,,668,36.11066111,-94.16938333,0,No Special Jurisdiction (Includes National Forests Since 2008),23,Bridge Rail (Includes Parapet),0,"Not Collision with Motor Vehicle in Transport (Not Necessarily in Transport for
2005-2009)",No,1,Non-Junction,Not an Intersection,None,4,On Roadside,1,Daylight,2,Rain,0,No Additional Atmospheric Conditions,2,Rain,No,0000000,10,37,10,49,99,99,0,None,0,None,0,None,1,0,2015-10-09 10:30:00+00:00,Pagi (06-11),Hari Kerja,Jumat
5,Arkansas,50072,1,1,0,0,0,1,1,131,1370,28,2,2015,7,17,50,1,2,Urban,1,Interstate,1,State Highway Agency,1,Interstate,I-540-01,,97,35.40406111,-94.36625556,0,No Special Jurisdiction (Includes National Forests Since 2008),24,Guardrail Face,0,"Not Collision with Motor Vehicle in Transport (Not Necessarily in Transport for
2005-2009)",No,1,Non-Junction,Not an Intersection,None,3,On Median,2,Dark – Not Lighted,2,Rain,0,No Additional Atmospheric Conditions,2,Rain,No,0000000,17,58,18,27,99,99,0,None,0,None,0,None,1,0,2015-02-28 17:50:00+00:00,Siang (12-17),Akhir Pekan,Sabtu
5,Arkansas,50104,1,1,0,0,0,1,1,115,3230,26,3,2015,5,4,50,1,2,Urban,1,Interstate,1,State Highway Agency,1,Interstate,I-40-22,,854,35.27263056,-93.07375833,0,No Special Jurisdiction (Includes National Forests Since 2008),32,Culvert,0,"Not Collision with Motor Vehicle in Transport (Not Necessarily in Transport for
2005-2009)",No,1,Non-Junction,Not an Intersection,None,4,On Roadside,2,Dark – Not Lighted,2,Rain,0,No Additional Atmospheric Conditions,2,Rain,No,0000000,4,50,5,6,88,88,0,None,0,None,0,None,1,0,2015-03-26 04:50:00+00:00,Dini hari (00-05),Hari Kerja,Kamis
5,Arkansas,50476,1,1,0,0,0,1,1,45,2600,26,12,2015,7,5,40,1,2,Urban,1,Interstate,1,State Highway Agency,1,Interstate,I-40-32,,1339,34.99233333,-92.41498056,0,No Special Jurisdiction (Includes National Forests Since 2008),59,Traffic Sign Support,0,"Not Collision with Motor Vehicle in Transport (Not Necessarily in Transport for
2005-2009)",No,1,Non-Junction,Not an Intersection,None,3,On Median,2,Dark – Not Lighted,2,Rain,0,No Additional Atmospheric Conditions,2,Rain,No,0000000,99,99,99,99,99,99,0,None,0,None,0,None,1,1,2015-12-26 05:40:00+00:00,Dini hari (00-05),Akhir Pekan,Sabtu
17,Illinois,170679,1,1,0,0,0,1,1,31,1670,19,9,2015,7,4,10,1,2,Urban,1,Interstate,1,State Highway Agency,1,Interstate,I-57,,3559,41.70002778,-87.65385556,0,No Special Jurisdiction (Includes National Forests Since 2008),25,Concrete Traffic Barrier,0,"Not Collision with Motor Vehicle in Transport (Not Necessarily in Transport for
2005-2009)",No,1,Non-Junction,Not an Intersection,None,3,On Median,3,Dark – Lighted,2,Rain,0,No Additional Atmospheric Conditions,2,Rain,No,0000000,4,16,99,99,99,99,0,None,0,None,0,None,1,0,2015-09-19 04:10:00+00:00,Dini hari (00-05),Akhir Pekan,Sabtu
21,Kentucky,210217,1,1,0,0,0,1,1,93,1000,25,5,2015,2,8,56,1,2,Urban,1,Interstate,1,State Highway Agency,1,Interstate,I-65,,930,37.68010278,-85.84524167,0,No Special Jurisdiction (Includes National Forests Since 2008),52,Guardrail End,0,"Not Collision with Motor Vehicle in Transport (Not Necessarily in Transport for
2005-2009)",No,1,Non-Junction,Not an Intersection,None,4,On Roadside,1,Daylight,2,Rain,0,No Additional Atmospheric Conditions,2,Rain,No,0000000,8,58,9,8,88,88,0,None,0,None,0,None,1,0,2015-05-25 08:56:00+00:00,Pagi (06-11),Hari Kerja,Senin
24,Maryland,240183,1,1,0,0,0,1,1,33,0,28,6,2015,1,3,57,1,2,Urban,1,Interstate,1,State Highway Agency,1,Interstate,I-95,,306,39.07503333,-76.90425,0,No Special Jurisdiction (Includes National Forests Since 2008),35,Embankment,0,"Not Collision with Motor Vehicle in Transport (Not Necessarily in Transport for
2005-2009)",No,1,Non-Junction,Not an Intersection,None,3,On Median,2,Dark – Not Lighted,2,Rain,10,Cloudy,2,Rain,No,0000000,99,99,99,99,88,88,0,None,0,None,0,None,1,0,2015-06-28 03:57:00+00:00,Dini hari (00-05),Akhir Pekan,Minggu
24,Maryland,240115,1,1,0,0,0,1,1,21,0,3,4,2015,6,16,52,1,2,Urban,1,Interstate,1,State Highway Agency,1,Interstate,I-70,,7,39.45320833,-77.50495,0,No Special Jurisdiction (Includes National Forests Since 2008),42,Tree (Standing Only),0,"Not Collision with Motor Vehicle in Transport (Not Necessarily in Transport for
2005-2009)",No,1,Non-Junction,Not an Intersection,None,3,On Median,1,Daylight,2,Rain,0,No Additional Atmospheric Conditions,2,Rain,No,0000000,99,99,99,99,88,88,0,None,0,None,0,None,1,0,2015-04-03 16:52:00+00:00,Siang (12-17),Hari Kerja,Jumat
26,Michigan,260524,1,1,0,0,0,1,1,163,3140,20,8,2015,5,3,19,1,2,Urban,1,Interstate,1,State Highway Agency,1,Interstate,I-75,,154,42.27243056,-83.16337778,0,No Special Jurisdiction (Includes National Forests Since 2008),25,Concrete Traffic Barrier,0,"Not Collision with Motor Vehicle in Transport (Not Necessarily in Transport for
2005-2009)",No,1,Non-Junction,Not an Intersection,None,3,On Median,2,Dark – Not Lighted,2,Rain,0,No Additional Atmospheric Conditions,2,Rain,No,0000000,99,99,99,99,99,99,0,None,0,None,0,None,1,0,2015-08-20 03:19:00+00:00,Dini hari (00-05),Hari Kerja,Kamis
26,Michigan,260498,1,1,0,0,0,1,1,49,0,10,8,2015,2,15,0,1,2,Urban,1,Interstate,1,State Highway Agency,1,Interstate,I-75,,79,42.94418056,-83.71293611,0,No Special Jurisdiction (Includes National Forests Since 2008),52,Guardrail End,0,"Not Collision with Motor Vehicle in Transport (Not Necessarily in Transport for
2005-2009)",No,1,Non-Junction,Not an Intersection,None,4,On Roadside,1,Daylight,2,Rain,0,No Additional Atmospheric Conditions,2,Rain,No,0000000,14,59,15,15,99,99,0,None,0,None,0,None,1,0,2015-08-10 15:00:00+00:00,Siang (12-17),Hari Kerja,Senin
29,Missouri,290220,2,1,1,0,0,1,1,95,3940,16,5,2015,7,22,32,1,2,Urban,1,Interstate,1,State Highway Agency,1,Interstate,I-70,,135,39.04135,-94.35836944,0,No Special Jurisdiction (Includes National Forests Since 2008),14,Parked Motor Vehicle (Not In Transport),0,"Not Collision with Motor Vehicle in Transport (Not Necessarily in Transport for
2005-2009)",No,1,Non-Junction,Not an Intersection,None,2,On Shoulder,2,Dark – Not Lighted,2,Rain,0,No Additional Atmospheric Conditions,2,Rain,No,0000000,22,51,23,0,23,9,0,None,0,None,0,None,1,0,2015-05-16 22:32:00+00:00,Malam (18-23),Akhir Pekan,Sabtu
29,Missouri,290277,1,1,0,0,0,1,1,31,1390,14,6,2015,1,18,57,1,2,Urban,1,Interstate,1,State Highway Agency,1,Interstate,I-55,,2,37.24347778,-89.56688889,0,No Special Jurisdiction (Includes National Forests Since 2008),23,Bridge Rail (Includes Parapet),0,"Not Collision with Motor Vehicle in Transport (Not Necessarily in Transport for
2005-2009)",No,1,Non-Junction,Not an Intersection,None,4,On Roadside,1,Daylight,2,Rain,10,Cloudy,2,Rain,No,0000000,19,2,19,6,99,99,0,None,0,None,0,None,1,0,2015-06-14 18:57:00+00:00,Malam (18-23),Akhir Pekan,Minggu
29,Missouri,290314,1,1,0,0,0,1,1,219,8120,16,6,2015,3,21,9,1,2,Urban,1,Interstate,1,State Highway Agency,1,Interstate,I-70,,105,38.82136111,-91.15097222,0,No Special Jurisdiction (Includes National Forests Since 2008),32,Culvert,0,"Not Collision with Motor Vehicle in Transport (Not Necessarily in Transport for
2005-2009)",No,1,Non-Junction,Not an Intersection,None,3,On Median,2,Dark – Not Lighted,2,Rain,0,No Additional Atmospheric Conditions,2,Rain,No,0000000,21,10,21,17,22,8,0,None,0,None,0,None,1,1,2015-06-16 21:09:00+00:00,Malam (18-23),Hari Kerja,Selasa
29,Missouri,290175,1,1,0,0,0,2,2,157,6210,19,4,2015,1,10,15,1,2,Urban,1,Interstate,1,State Highway Agency,1,Interstate,I-55,,105,37.70891667,-89.89105556,0,No Special Jurisdiction (Includes National Forests Since 2008),59,Traffic Sign Support,0,"Not Collision with Motor Vehicle in Transport (Not Necessarily in Transport for
2005-2009)",No,1,Non-Junction,Not an Intersection,None,4,On Roadside,1,Daylight,2,Rain,10,Cloudy,2,Rain,No,0000000,10,10,10,18,88,88,0,None,0,None,0,None,1,0,2015-04-19 10:15:00+00:00,Pagi (06-11),Akhir Pekan,Minggu
51,Virginia,510580,1,1,0,0,0,2,2,760,2060,1,11,2015,1,4,37,1,2,Urban,1,Interstate,1,State Highway Agency,1,Interstate,I-64,,1920,37.55916667,-77.41833333,0,No Special Jurisdiction (Includes National Forests Since 2008),25,Concrete Traffic Barrier,0,"Not Collision with Motor Vehicle in Transport (Not Necessarily in Transport for
2005-2009)",No,1,Non-Junction,Not an Intersection,None,3,On Median,2,Dark – Not Lighted,2,Rain,0,No Additional Atmospheric Conditions,2,Rain,No,0000000,99,99,99,99,99,99,0,None,0,None,0,None,1,0,2015-11-01 04:37:00+00:00,Dini hari (00-05),Akhir Pekan,Minggu
51,Virginia,510248,1,1,0,0,0,1,1,710,1760,2,6,2015,3,20,45,1,2,Urban,1,Interstate,1,State Highway Agency,1,Interstate,I-64,,2739,36.96166667,-76.26861111,0,No Special Jurisdiction (Includes National Forests Since 2008),42,Tree (Standing Only),0,"Not Collision with Motor Vehicle in Transport (Not Necessarily in Transport for
2005-2009)",No,1,Non-Junction,Not an Intersection,None,4,On Roadside,2,Dark – Not Lighted,2,Rain,0,No Additional Atmospheric Conditions,2,Rain,No,0000000,99,99,99,99,88,88,0,None,0,None,0,None,1,1,2015-06-02 20:45:00+00:00,Malam (18-23),Hari Kerja,Selasa
22,Louisiana,220691,1,1,0,0,0,1,1,73,1560,16,5,2015,7,16,33,1,2,Urban,1,Interstate,1,State Highway Agency,1,Interstate,I-20,,1220,32.49218611,-92.02889167,0,No Special Jurisdiction (Includes National Forests Since 2008),18,Other Object (Not Fixed),0,"Not Collision with Motor Vehicle in Transport (Not Necessarily in Transport for
2005-2009)",No,1,Non-Junction,Not an Intersection,None,3,On Median,1,Daylight,2,Rain,0,No Additional Atmospheric Conditions,2,Rain,No,0000000,16,46,16,59,17,15,0,None,0,None,0,None,1,0,2015-05-16 16:33:00+00:00,Siang (12-17),Akhir Pekan,Sabtu
47,Tennessee,470622,1,1,0,0,0,4,4,93,1300,25,9,2015,6,18,31,1,2,Urban,1,Interstate,1,State Highway Agency,1,Interstate,I-75/640,,24,35.9899,-83.97058056,0,No Special Jurisdiction (Includes National Forests Since 2008),30,Utility Pole/Light Support,0,"Not Collision with Motor Vehicle in Transport (Not Necessarily in Transport for
2005-2009)",No,1,Non-Junction,Not an Intersection,None,4,On Roadside,1,Daylight,2,Rain,0,No Additional Atmospheric Conditions,2,Rain,No,0000000,99,99,99,99,99,99,0,None,0,None,0,None,1,0,2015-09-25 18:31:00+00:00,Malam (18-23),Hari Kerja,Jumat
47,Tennessee,470002,1,1,0,0,0,2,2,163,1280,3,1,2015,7,23,43,1,2,Urban,1,Interstate,1,State Highway Agency,1,Interstate,I-81,,60,36.47805833,-82.48558056,0,No Special Jurisdiction (Includes National Forests Since 2008),42,Tree (Standing Only),0,"Not Collision with Motor Vehicle in Transport (Not Necessarily in Transport for
2005-2009)",No,1,Non-Junction,Not an Intersection,None,4,On Roadside,2,Dark – Not Lighted,2,Rain,0,No Additional Atmospheric Conditions,2,Rain,No,0000000,99,99,99,99,99,99,0,None,0,None,0,None,2,0,2015-01-03 23:43:00+00:00,Malam (18-23),Akhir Pekan,Sabtu
6,California,60940,2,1,1,0,0,3,3,67,3150,25,4,2015,7,3,20,1,2,Urban,1,Interstate,1,State Highway Agency,1,Interstate,I-5,,192,38.52435833,-121.52144444,0,No Special Jurisdiction (Includes National Forests Since 2008),14,Parked Motor Vehicle (Not In Transport),0,"Not Collision with Motor Vehicle in Transport (Not Necessarily in Transport for
2005-2009)",No,1,Non-Junction,Not an Intersection,None,2,On Shoulder,3,Dark – Lighted,2,Rain,0,No Additional Atmospheric Conditions,2,Rain,No,0000000,99,99,99,99,99,99,0,None,0,None,0,None,1,1,2015-04-25 03:20:00+00:00,Dini hari (00-05),Akhir Pekan,Sabtu
6,California,60357,1,1,0,0,0,2,2,73,1182,1,3,2015,1,6,47,1,2,Urban,1,Interstate,1,State Highway Agency,1,Interstate,I-5,,396,33.02359167,-117.27356389,0,No Special Jurisdiction (Includes National Forests Since 2008),25,Concrete Traffic Barrier,0,"Not Collision with Motor Vehicle in Transport (Not Necessarily in Transport for
2005-2009)",No,1,Non-Junction,Not an Intersection,None,3,On Median,4,Dawn,2,Rain,0,No Additional Atmospheric Conditions,2,Rain,No,0000000,99,99,99,99,99,99,0,None,0,None,0,None,1,0,2015-03-01 06:47:00+00:00,Pagi (06-11),Akhir Pekan,Minggu
34,New Jersey,340076,2,1,1,0,1,1,2,27,1295,10,3,2015,3,15,53,1,2,Urban,1,Interstate,1,State Highway Agency,1,Interstate,I-287,,377,40.80923889,-74.45025,0,No Special Jurisdiction (Includes National Forests Since 2008),14,Parked Motor Vehicle (Not In Transport),0,"Not Collision with Motor Vehicle in Transport (Not Necessarily in Transport for
2005-2009)",No,1,Non-Junction,Not an Intersection,None,2,On Shoulder,1,Daylight,2,Rain,0,No Additional Atmospheric Conditions,2,Rain,No,0000000,15,54,16,12,88,88,0,None,0,None,0,None,1,0,2015-03-10 15:53:00+00:00,Siang (12-17),Hari Kerja,Selasa
34,New Jersey,340525,1,1,0,0,0,1,1,23,779,29,12,2015,3,3,20,1,2,Urban,1,Interstate,31,State Toll Road,1,Interstate,I-95,,346,40.43761111,-74.43108889,0,No Special Jurisdiction (Includes National Forests Since 2008),24,Guardrail Face,0,"Not Collision with Motor Vehicle in Transport (Not Necessarily in Transport for
2005-2009)",No,1,Non-Junction,Not an Intersection,None,3,On Median,3,Dark – Lighted,2,Rain,0,No Additional Atmospheric Conditions,2,Rain,No,0000000,3,25,3,40,88,88,0,None,0,None,0,None,1,1,2015-12-29 03:20:00+00:00,Dini hari (00-05),Hari Kerja,Selasa
35,New Mexico,350221,1,1,0,0,0,2,2,13,470,26,11,2015,5,7,34,1,2,Urban,1,Interstate,1,State Highway Agency,1,Interstate,I-25,,50,32.33280556,-106.75922778,0,No Special Jurisdiction (Includes National Forests Since 2008),24,Guardrail Face,0,"Not Collision with Motor Vehicle in Transport (Not Necessarily in Transport for
2005-2009)",No,1,Non-Junction,Not an Intersection,None,4,On Roadside,1,Daylight,2,Rain,0,No Additional Atmospheric Conditions,2,Rain,No,0000000,7,31,7,37,8,17,0,None,0,None,0,None,1,0,2015-11-26 07:34:00+00:00,Pagi (06-11),Hari Kerja,Kamis
53,Washington,530029,1,1,0,0,0,1,1,33,2310,18,1,2015,1,8,10,1,2,Urban,1,Interstate,1,State Highway Agency,1,Interstate,I-5,,1535,47.45598889,-122.26352222,0,No Special Jurisdiction (Includes National Forests Since 2008),1,Rollover/Overturn,0,"Not Collision with Motor Vehicle in Transport (Not Necessarily in Transport for
2005-2009)",No,1,Non-Junction,Not an Intersection,None,4,On Roadside,1,Daylight,2,Rain,0,No Additional Atmospheric Conditions,2,Rain,No,0000000,99,99,99,99,99,99,0,None,0,None,0,None,1,0,2015-01-18 08:10:00+00:00,Pagi (06-11),Akhir Pekan,Minggu
53,Washington,530017,1,1,0,0,0,1,1,77,0,22,1,2015,5,4,20,1,2,Urban,1,Interstate,1,State Highway Agency,1,Interstate,I-82,,396,46.51380833,-120.45356111,0,No Special Jurisdiction (Includes National Forests Since 2008),1,Rollover/Overturn,0,"Not Collision with Motor Vehicle in Transport (Not Necessarily in Transport for
2005-2009)",No,1,Non-Junction,Not an Intersection,None,3,On Median,2,Dark – Not Lighted,2,Rain,0,No Additional Atmospheric Conditions,2,Rain,No,0000000,99,98,99,98,88,88,0,None,0,None,0,None,1,0,2015-01-22 04:20:00+00:00,Dini hari (00-05),Hari Kerja,Kamis
53,Washington,530242,1,1,0,0,0,1,1,67,2320,19,6,2015,6,0,51,1,2,Urban,1,Interstate,1,State Highway Agency,1,Interstate,I-5,,1030,47.00795278,-122.90739167,0,No Special Jurisdiction (Includes National Forests Since 2008),24,Guardrail Face,0,"Not Collision with Motor Vehicle in Transport (Not Necessarily in Transport for
2005-2009)",No,1,Non-Junction,Not an Intersection,None,3,On Median,3,Dark – Lighted,2,Rain,0,No Additional Atmospheric Conditions,2,Rain,No,0000000,99,99,99,99,99,99,0,None,0,None,0,None,1,0,2015-06-19 00:51:00+00:00,Dini hari (00-05),Hari Kerja,Jumat
9,Connecticut,90001,1,1,0,0,0,3,3,9,502,4,1,2015,1,21,1,1,2,Urban,1,Interstate,1,State Highway Agency,1,Interstate,I-91,,69,41.38001111,-72.86795833,0,No Special Jurisdiction (Includes National Forests Since 2008),33,Curb,0,"Not Collision with Motor Vehicle in Transport (Not Necessarily in Transport for
2005-2009)",No,1,Non-Junction,Not an Intersection,None,4,On Roadside,3,Dark – Lighted,2,Rain,0,No Additional Atmospheric Conditions,2,Rain,No,0000000,21,0,21,7,99,99,0,None,0,None,0,None,1,0,2015-01-04 21:01:00+00:00,Malam (18-23),Akhir Pekan,Minggu
28,Mississippi,280195,1,1,0,0,0,1,1,149,0,17,5,2015,1,23,19,1,2,Urban,1,Interstate,1,State Highway Agency,1,Interstate,I-20,,90,32.35398056,-90.76560833,0,No Special Jurisdiction (Includes National Forests Since 2008),34,Ditch,0,"Not Collision with Motor Vehicle in Transport (Not Necessarily in Transport for
2005-2009)",No,1,Non-Junction,Not an Intersection,None,4,On Roadside,2,Dark – Not Lighted,2,Rain,0,No Additional Atmospheric Conditions,2,Rain,No,0000000,88,88,88,88,88,88,0,None,0,None,0,None,1,0,2015-05-17 23:19:00+00:00,Malam (18-23),Akhir Pekan,Minggu
28,Mississippi,280311,1,1,0,0,0,2,2,59,0,26,7,2015,1,19,10,1,2,Urban,1,Interstate,1,State Highway Agency,1,Interstate,I-10,,500,30.45403056,-88.853125,0,No Special Jurisdiction (Includes National Forests Since 2008),59,Traffic Sign Support,0,"Not Collision with Motor Vehicle in Transport (Not Necessarily in Transport for
2005-2009)",No,1,Non-Junction,Not an Intersection,None,4,On Roadside,1,Daylight,2,Rain,0,No Additional Atmospheric Conditions,2,Rain,No,0000000,19,10,19,14,19,49,0,None,0,None,0,None,1,0,2015-07-26 19:10:00+00:00,Malam (18-23),Akhir Pekan,Minggu
42,Pennsylvania,420520,1,1,0,0,0,4,4,101,6540,1,7,2015,4,2,33,1,2,Urban,1,Interstate,1,State Highway Agency,1,Interstate,I-76 SCHUYLKILL EXPY,,3421,39.98238889,-75.20764167,0,No Special Jurisdiction (Includes National Forests Since 2008),25,Concrete Traffic Barrier,0,"Not Collision with Motor Vehicle in Transport (Not Necessarily in Transport for
2005-2009)",No,1,Non-Junction,Not an Intersection,None,4,On Roadside,3,Dark – Lighted,2,Rain,0,No Additional Atmospheric Conditions,2,Rain,No,0000000,2,36,2,44,99,99,0,None,0,None,0,None,3,0,2015-07-01 02:33:00+00:00,Dini hari (00-05),Hari Kerja,Rabu
25,Massachusetts,250158,1,1,0,0,0,1,1,17,615,30,9,2015,4,4,29,1,2,Urban,1,Interstate,1,State Highway Agency,1,Interstate,I-95 N,,99998,42.46675278,-71.25041389,0,No Special Jurisdiction (Includes National Forests Since 2008),24,Guardrail Face,0,"Not Collision with Motor Vehicle in Transport (Not Necessarily in Transport for
2005-2009)",No,1,Non-Junction,Not an Intersection,None,4,On Roadside,2,Dark – Not Lighted,2,Rain,0,No Additional Atmospheric Conditions,2,Rain,No,0000000,4,39,4,43,6,49,0,None,0,None,0,None,1,0,2015-09-30 04:29:00+00:00,Dini hari (00-05),Hari Kerja,Rabu
54,West Virginia,540116,1,1,0,0,0,1,1,79,1940,7,7,2015,3,20,34,1,2,Urban,1,Interstate,1,State Highway Agency,1,Interstate,I-64,,445,38.44299167,-81.83769167,0,No Special Jurisdiction (Includes National Forests Since 2008),25,Concrete Traffic Barrier,0,"Not Collision with Motor Vehicle in Transport (Not Necessarily in Transport for
2005-2009)",No,1,Non-Junction,Not an Intersection,None,3,On Median,5,Dusk,2,Rain,0,No Additional Atmospheric Conditions,2,Rain,No,0000000,99,99,99,99,99,99,0,None,0,None,0,None,1,0,2015-07-07 20:34:00+00:00,Malam (18-23),Hari Kerja,Selasa
37,North Carolina,371194,1,1,0,0,0,1,1,67,0,2,12,2015,4,9,40,1,2,Urban,1,Interstate,1,State Highway Agency,1,Interstate,I-40,,0,36.02717778,-80.39651944,0,No Special Jurisdiction (Includes National Forests Since 2008),42,Tree (Standing Only),0,"Not Collision with Motor Vehicle in Transport (Not Necessarily in Transport for
2005-2009)",No,1,Non-Junction,Not an Intersection,None,4,On Roadside,1,Daylight,2,Rain,10,Cloudy,2,Rain,No,0000000,9,44,9,52,88,88,0,None,0,None,0,None,1,0,2015-12-02 09:40:00+00:00,Pagi (06-11),Hari Kerja,Rabu
45,South Carolina,450582,1,1,0,0,0,4,4,79,0,6,9,2015,1,17,30,1,2,Urban,1,Interstate,1,State Highway Agency,1,Interstate,I-26,,1071,34.03259167,-81.10614444,0,No Special Jurisdiction (Includes National Forests Since 2008),26,Other Traffic Barrier,0,"Not Collision with Motor Vehicle in Transport (Not Necessarily in Transport for
2005-2009)",No,1,Non-Junction,Not an Intersection,None,3,On Median,1,Daylight,2,Rain,0,No Additional Atmospheric Conditions,2,Rain,No,0000000,99,99,99,99,99,99,0,None,0,None,0,None,1,0,2015-09-06 17:30:00+00:00,Siang (12-17),Akhir Pekan,Minggu
48,Texas,480570,1,1,0,0,0,1,1,29,6090,21,3,2015,7,2,14,1,2,Urban,1,Interstate,1,State Highway Agency,7,Local Street – Frontage Road (Since 1994),I-10,,145,29.54726944,-98.58258333,0,No Special Jurisdiction (Includes National Forests Since 2008),30,Utility Pole/Light Support,0,"Not Collision with Motor Vehicle in Transport (Not Necessarily in Transport for
2005-2009)",No,1,Non-Junction,Not an Intersection,Construction,4,On Roadside,2,Dark – Not Lighted,2,Rain,0,No Additional Atmospheric Conditions,2,Rain,No,0000000,99,98,99,98,88,88,0,None,0,None,0,None,1,1,2015-03-21 02:14:00+00:00,Dini hari (00-05),Akhir Pekan,Sabtu
48,Texas,480167,1,1,0,0,0,3,3,201,3280,3,1,2015,7,1,32,1,2,Urban,1,Interstate,1,State Highway Agency,7,Local Street – Frontage Road (Since 1994),I-69/US-59 SOUTHWEST FWY,,131,29.71450556,-95.50120833,0,No Special Jurisdiction (Includes National Forests Since 2008),31,"Other Post, Other Pole, or Other Support",0,"Not Collision with Motor Vehicle in Transport (Not Necessarily in Transport for
2005-2009)",No,1,Non-Junction,Not an Intersection,None,10,Separator,3,Dark – Lighted,2,Rain,0,No Additional Atmospheric Conditions,2,Rain,No,0000000,99,98,99,98,88,88,0,None,0,None,0,None,3,0,2015-01-03 01:32:00+00:00,Dini hari (00-05),Akhir Pekan,Sabtu
19,Iowa,190079,1,1,0,0,0,2,2,155,1900,6,5,2015,4,22,0,1,2,Urban,1,Interstate,1,State Highway Agency,1,Interstate,I-29,,98,41.25685833,-95.90682222,0,No Special Jurisdiction (Includes National Forests Since 2008),42,Tree (Standing Only),0,"Not Collision with Motor Vehicle in Transport (Not Necessarily in Transport for
2005-2009)",No,1,Non-Junction,Not an Intersection,None,4,On Roadside,3,Dark – Lighted,10,Cloudy,2,Rain,2,Rain,No,0000000,22,1,22,7,22,32,0,None,0,None,0,None,1,1,2015-05-06 22:00:00+00:00,Malam (18-23),Hari Kerja,Rabu
6,California,61793,1,1,0,0,0,3,3,65,3070,19,7,2015,1,2,2,1,2,Urban,1,Interstate,1,State Highway Agency,1,Interstate,I-215,,407,33.96627222,-117.32691389,0,No Special Jurisdiction (Includes National Forests Since 2008),24,Guardrail Face,0,"Not Collision with Motor Vehicle in Transport (Not Necessarily in Transport for
2005-2009)",Yes,7,Crossover Related,Not an Intersection,None,8,Gore,3,Dark – Lighted,2,Rain,0,No Additional Atmospheric Conditions,2,Rain,No,0000000,99,99,99,99,99,99,0,None,0,None,0,None,1,1,2015-07-19 02:02:00+00:00,Dini hari (00-05),Akhir Pekan,Minggu
39,Ohio,390779,1,1,0,0,0,2,2,35,1680,19,9,2015,7,3,5,1,2,Urban,1,Interstate,1,State Highway Agency,1,Interstate,I-71,,118,41.43926944,-81.8027,0,No Special Jurisdiction (Includes National Forests Since 2008),1,Rollover/Overturn,0,"Not Collision with Motor Vehicle in Transport (Not Necessarily in Transport for
2005-2009)",Yes,5,Entrance/Exit Ramp Related,Not an Intersection,None,4,On Roadside,3,Dark – Lighted,2,Rain,0,No Additional Atmospheric Conditions,2,Rain,No,0000000,3,16,3,25,3,42,0,None,0,None,0,None,1,1,2015-09-19 03:05:00+00:00,Dini hari (00-05),Akhir Pekan,Sabtu
48,Texas,480575,1,1,0,0,0,2,2,439,2450,21,3,2015,7,2,25,1,2,Urban,1,Interstate,1,State Highway Agency,1,Interstate,I-820,BU 287 P,148,32.83761667,-97.31108333,0,No Special Jurisdiction (Includes National Forests Since 2008),24,Guardrail Face,0,"Not Collision with Motor Vehicle in Transport (Not Necessarily in Transport for
2005-2009)",Yes,5,Entrance/Exit Ramp Related,Not an Intersection,None,4,On Roadside,3,Dark – Lighted,2,Rain,0,No Additional Atmospheric Conditions,2,Rain,No,0000000,99,98,99,98,88,88,0,None,0,None,0,None,2,1,2015-03-21 02:25:00+00:00,Dini hari (00-05),Akhir Pekan,Sabtu
48,Texas,481290,1,1,0,0,0,1,1,439,260,13,6,2015,7,16,10,1,2,Urban,1,Interstate,1,State Highway Agency,1,Interstate,I-20 RAMP,,115,32.67901667,-97.06307222,0,No Special Jurisdiction (Includes National Forests Since 2008),24,Guardrail Face,0,"Not Collision with Motor Vehicle in Transport (Not Necessarily in Transport for
2005-2009)",Yes,5,Entrance/Exit Ramp Related,Not an Intersection,None,4,On Roadside,1,Daylight,2,Rain,0,No Additional Atmospheric Conditions,2,Rain,No,0000000,99,98,99,98,88,88,0,None,0,None,0,None,1,0,2015-06-13 16:10:00+00:00,Siang (12-17),Akhir Pekan,Sabtu
32,Nevada,320016,1,1,0,0,0,10,10,3,0,22,2,2015,1,21,9,1,2,Urban,1,Interstate,1,State Highway Agency,1,Interstate,I-15 NB RAMP/WB 215 RAMP,,99998,36.06600556,-115.18363611,0,No Special Jurisdiction (Includes National Forests Since 2008),1,Rollover/Overturn,0,"Not Collision with Motor Vehicle in Transport (Not Necessarily in Transport for
2005-2009)",Yes,5,Entrance/Exit Ramp Related,Not an Intersection,None,4,On Roadside,3,Dark – Lighted,2,Rain,10,Cloudy,2,Rain,No,0000000,21,19,21,33,21,54,0,None,0,None,0,None,1,0,2015-02-22 21:09:00+00:00,Malam (18-23),Akhir Pekan,Minggu
1,Alabama,10102,1,1,0,0,0,1,1,101,2130,14,3,2015,7,3,38,1,2,Urban,1,Interstate,1,State Highway Agency,1,Interstate,I-85,,40,32.35867222,-86.24773611,0,No Special Jurisdiction (Includes National Forests Since 2008),25,Concrete Traffic Barrier,0,"Not Collision with Motor Vehicle in Transport (Not Necessarily in Transport for
2005-2009)",Yes,5,Entrance/Exit Ramp Related,Not an Intersection,None,8,Gore,3,Dark – Lighted,2,Rain,0,No Additional Atmospheric Conditions,2,Rain,No,0000000,3,40,3,50,4,4,0,None,0,None,0,None,1,1,2015-03-14 03:38:00+00:00,Dini hari (00-05),Akhir Pekan,Sabtu
13,Georgia,130360,1,1,0,0,0,2,2,121,0,3,3,2015,3,12,5,1,2,Urban,1,Interstate,1,State Highway Agency,1,Interstate,I-85(RAMP),,117,33.61853333,-84.48843889,0,No Special Jurisdiction (Includes National Forests Since 2008),24,Guardrail Face,0,"Not Collision with Motor Vehicle in Transport (Not Necessarily in Transport for
2005-2009)",Unknown,5,Entrance/Exit Ramp Related,Not an Intersection,None,4,On Roadside,1,Daylight,2,Rain,0,No Additional Atmospheric Conditions,2,Rain,No,0000000,99,99,99,99,99,99,0,None,0,None,0,None,2,0,2015-03-03 12:05:00+00:00,Siang (12-17),Hari Kerja,Selasa
47,Tennessee,470003,1,1,0,0,0,1,1,65,400,3,1,2015,7,15,13,1,2,Urban,1,Interstate,1,State Highway Agency,1,Interstate,I-24,,71,35.02996111,-85.32188056,0,No Special Jurisdiction (Includes National Forests Since 2008),24,Guardrail Face,0,"Not Collision with Motor Vehicle in Transport (Not Necessarily in Transport for
2005-2009)",Yes,5,Entrance/Exit Ramp Related,Not an Intersection,None,8,Gore,1,Daylight,2,Rain,0,No Additional Atmospheric Conditions,2,Rain,No,0000000,99,99,99,99,99,99,0,None,0,None,0,None,1,0,2015-01-03 15:13:00+00:00,Siang (12-17),Akhir Pekan,Sabtu
53,Washington,530048,1,1,0,0,0,1,1,53,0,19,2,2015,5,12,57,1,2,Urban,1,Interstate,1,State Highway Agency,1,Interstate,I-5,,1209,47.10415,-122.58940833,0,No Special Jurisdiction (Includes National Forests Since 2008),24,Guardrail Face,0,"Not Collision with Motor Vehicle in Transport (Not Necessarily in Transport for
2005-2009)",Yes,5,Entrance/Exit Ramp Related,Not an Intersection,None,4,On Roadside,1,Daylight,2,Rain,0,No Additional Atmospheric Conditions,2,Rain,No,0000000,99,98,99,98,88,88,0,None,0,None,0,None,1,0,2015-02-19 12:57:00+00:00,Siang (12-17),Hari Kerja,Kamis
25,Massachusetts,250095,1,1,0,0,0,1,1,17,375,4,7,2015,7,16,3,1,2,Urban,1,Interstate,1,State Highway Agency,1,Interstate,I-90 E MASS TURNPIKE,,99998,42.31199722,-71.37961111,0,No Special Jurisdiction (Includes National Forests Since 2008),24,Guardrail Face,0,"Not Collision with Motor Vehicle in Transport (Not Necessarily in Transport for
2005-2009)",Yes,5,Entrance/Exit Ramp Related,Not an Intersection,None,8,Gore,1,Daylight,2,Rain,0,No Additional Atmospheric Conditions,2,Rain,No,0000000,99,99,99,99,99,99,0,None,0,None,0,None,1,0,2015-07-04 16:03:00+00:00,Siang (12-17),Akhir Pekan,Sabtu
42,Pennsylvania,420729,1,1,0,0,0,2,2,81,9380,29,9,2015,3,11,2,1,2,Urban,1,Interstate,1,State Highway Agency,3,State Highway,SR-8002 RAMP E RD,,11,41.23555,-77.04435833,0,No Special Jurisdiction (Includes National Forests Since 2008),25,Concrete Traffic Barrier,0,"Not Collision with Motor Vehicle in Transport (Not Necessarily in Transport for
2005-2009)",Yes,5,Entrance/Exit Ramp Related,Not an Intersection,None,4,On Roadside,1,Daylight,2,Rain,0,No Additional Atmospheric Conditions,2,Rain,No,0000000,11,3,11,9,88,88,0,None,0,None,0,None,1,0,2015-09-29 11:02:00+00:00,Pagi (06-11),Hari Kerja,Selasa
39,Ohio,390137,3,1,2,0,2,1,3,61,1610,13,3,2015,6,18,8,1,2,Urban,1,Interstate,1,State Highway Agency,1,Interstate,I-75,,46,39.15391667,-84.53855,0,No Special Jurisdiction (Includes National Forests Since 2008),14,Parked Motor Vehicle (Not In Transport),0,"Not Collision with Motor Vehicle in Transport (Not Necessarily in Transport for
2005-2009)",Yes,17,Acceleration/Deceleration Lane,Not an Intersection,None,1,On Roadway,3,Dark – Lighted,2,Rain,0,No Additional Atmospheric Conditions,2,Rain,No,0000000,18,13,18,43,19,9,23,Indication of a Stalled/Disabled Vehicle (Since 2008),0,None,0,None,1,0,2015-03-13 18:08:00+00:00,Malam (18-23),Hari Kerja,Jumat
39,Ohio,391033,1,1,0,0,0,1,1,35,572,27,12,2015,1,0,7,1,2,Urban,1,Interstate,1,State Highway Agency,1,Interstate,I-480,,246,41.41970833,-81.52074444,0,No Special Jurisdiction (Includes National Forests Since 2008),52,Guardrail End,0,"Not Collision with Motor Vehicle in Transport (Not Necessarily in Transport for
2005-2009)",Yes,19,Other Location Within Interchange Area,Not an Intersection,None,4,On Roadside,3,Dark – Lighted,2,Rain,0,No Additional Atmospheric Conditions,2,Rain,No,0000000,0,11,0,17,0,51,0,None,0,None,0,None,1,0,2015-12-27 00:07:00+00:00,Dini hari (00-05),Akhir Pekan,Minggu
48,Texas,483149,1,1,0,0,0,1,1,439,2450,29,11,2015,1,9,50,1,2,Urban,1,Interstate,1,State Highway Agency,1,Interstate,I-820 RAMP,,348,32.6922,-97.24099167,0,No Special Jurisdiction (Includes National Forests Since 2008),24,Guardrail Face,0,"Not Collision with Motor Vehicle in Transport (Not Necessarily in Transport for
2005-2009)",Yes,19,Other Location Within Interchange Area,Not an Intersection,None,4,On Roadside,1,Daylight,2,Rain,0,No Additional Atmospheric Conditions,2,Rain,No,0000000,99,98,99,98,88,88,0,None,0,None,0,None,1,0,2015-11-29 09:50:00+00:00,Pagi (06-11),Akhir Pekan,Minggu
48,Texas,482113,2,1,1,0,0,2,2,201,3280,11,9,2015,6,8,50,1,2,Urban,1,Interstate,1,State Highway Agency,1,Interstate,I-69 / US-59 SOUTHWEST FWY,,141,29.725525,-95.48858333,0,No Special Jurisdiction (Includes National Forests Since 2008),25,Concrete Traffic Barrier,0,"Not Collision with Motor Vehicle in Transport (Not Necessarily in Transport for
2005-2009)",Yes,19,Other Location Within Interchange Area,Not an Intersection,None,3,On Median,1,Daylight,2,Rain,0,No Additional Atmospheric Conditions,2,Rain,No,0000000,8,52,9,3,9,28,19,Recent Previous Crash Scene Nearby (Since 1989),0,None,0,None,1,0,2015-09-11 08:50:00+00:00,Pagi (06-11),Hari Kerja,Jumat
5,Arkansas,50412,1,1,0,0,0,14,14,119,2880,6,11,2015,6,0,55,1,2,Urban,1,Interstate,1,State Highway Agency,1,Interstate,I-40-33,,1543,34.77772778,-92.24190556,0,No Special Jurisdiction (Includes National Forests Since 2008),25,Concrete Traffic Barrier,0,"Not Collision with Motor Vehicle in Transport (Not Necessarily in Transport for
2005-2009)",Yes,19,Other Location Within Interchange Area,Not an Intersection,None,4,On Roadside,2,Dark – Not Lighted,2,Rain,0,No Additional Atmospheric Conditions,2,Rain,No,0000000,1,0,1,4,99,99,0,None,0,None,0,None,6,0,2015-11-06 00:55:00+00:00,Dini hari (00-05),Hari Kerja,Jumat
22,Louisiana,220325,1,1,0,0,0,1,1,105,980,12,4,2015,1,19,43,1,2,Urban,1,Interstate,1,State Highway Agency,1,Interstate,I-12,S. AIRPORT ROAD,425,30.47883056,-90.41893889,0,No Special Jurisdiction (Includes National Forests Since 2008),59,Traffic Sign Support,0,"Not Collision with Motor Vehicle in Transport (Not Necessarily in Transport for
2005-2009)",Yes,19,Other Location Within Interchange Area,Not an Intersection,None,4,On Roadside,3,Dark – Lighted,2,Rain,0,No Additional Atmospheric Conditions,2,Rain,No,0000000,19,41,19,49,20,24,0,None,0,None,0,None,1,0,2015-04-12 19:43:00+00:00,Malam (18-23),Akhir Pekan,Minggu
47,Tennessee,470877,1,1,0,0,0,3,3,65,400,24,12,2015,5,2,26,1,2,Urban,1,Interstate,1,State Highway Agency,1,Interstate,I-24,,144,35.00463056,-85.21465,0,No Special Jurisdiction (Includes National Forests Since 2008),24,Guardrail Face,0,"Not Collision with Motor Vehicle in Transport (Not Necessarily in Transport for
2005-2009)",Yes,19,Other Location Within Interchange Area,Not an Intersection,None,4,On Roadside,3,Dark – Lighted,2,Rain,0,No Additional Atmospheric Conditions,2,Rain,No,0000000,99,99,99,99,99,99,0,None,0,None,0,None,1,0,2015-12-24 02:26:00+00:00,Dini hari (00-05),Hari Kerja,Kamis
48,Texas,483175,1,1,0,0,0,1,1,167,3920,1,12,2015,3,0,58,1,2,Urban,1,Interstate,1,State Highway Agency,7,Local Street – Frontage Road (Since 1994),I-45 GULF FWY,SR-96 LEAGUE CITY PKWY,160,29.4912,-95.107,0,No Special Jurisdiction (Includes National Forests Since 2008),59,Traffic Sign Support,0,"Not Collision with Motor Vehicle in Transport (Not Necessarily in Transport for
2005-2009)",Yes,19,Other Location Within Interchange Area,Not an Intersection,None,4,On Roadside,3,Dark – Lighted,2,Rain,0,No Additional Atmospheric Conditions,2,Rain,No,0000000,99,99,99,99,99,99,0,None,0,None,0,None,1,0,2015-12-01 00:58:00+00:00,Dini hari (00-05),Hari Kerja,Selasa
48,Texas,482455,1,1,0,1,1,1,1,15,0,25,10,2015,1,5,30,1,1,Rural,1,Interstate,1,State Highway Agency,1,Interstate,I-10,,144,29.77226944,-96.06438056,0,No Special Jurisdiction (Includes National Forests Since 2008),8,Pedestrian,0,"Not Collision with Motor Vehicle in Transport (Not Necessarily in Transport for
2005-2009)",No,1,Non-Junction,Not an Intersection,None,1,On Roadway,2,Dark – Not Lighted,2,Rain,0,No Additional Atmospheric Conditions,2,Rain,No,0000000,99,98,99,98,88,88,0,None,0,None,0,None,1,0,2015-10-25 05:30:00+00:00,Dini hari (00-05),Akhir Pekan,Minggu
12,Florida,120258,1,1,0,1,1,1,1,89,3326,26,2,2015,5,3,0,1,1,Rural,1,Interstate,1,State Highway Agency,1,Interstate,I-95,,99998,30.6239,-81.65143056,0,No Special Jurisdiction (Includes National Forests Since 2008),8,Pedestrian,0,"Not Collision with Motor Vehicle in Transport (Not Necessarily in Transport for
2005-2009)",No,1,Non-Junction,Not an Intersection,None,1,On Roadway,2,Dark – Not Lighted,2,Rain,0,No Additional Atmospheric Conditions,2,Rain,No,0000000,99,99,99,99,88,88,0,None,0,None,0,None,1,0,2015-02-26 03:00:00+00:00,Dini hari (00-05),Hari Kerja,Kamis
35,New Mexico,350142,1,1,0,1,1,1,1,5,0,28,8,2015,6,22,15,1,1,Rural,1,Interstate,1,State Highway Agency,2,U.S. Highway,US-70,,3390,33.487825,-104.49795,0,No Special Jurisdiction (Includes National Forests Since 2008),8,Pedestrian,0,"Not Collision with Motor Vehicle in Transport (Not Necessarily in Transport for
2005-2009)",No,1,Non-Junction,Not an Intersection,None,1,On Roadway,2,Dark – Not Lighted,2,Rain,0,No Additional Atmospheric Conditions,2,Rain,No,0000000,22,13,22,21,22,35,0,None,0,None,0,None,1,0,2015-08-28 22:15:00+00:00,Malam (18-23),Hari Kerja,Jumat
2,Alaska,20043,1,1,0,1,1,1,1,20,130,2,10,2015,6,23,25,1,2,Urban,1,Interstate,1,State Highway Agency,6,Local Street – Municipality,GAMBELL ST,12TH AVE,6,61.21066667,-149.87105,0,No Special Jurisdiction (Includes National Forests Since 2008),8,Pedestrian,0,"Not Collision with Motor Vehicle in Transport (Not Necessarily in Transport for
2005-2009)",No,2,Intersection,Four-Way Intersection,None,1,On Roadway,3,Dark – Lighted,2,Rain,0,No Additional Atmospheric Conditions,2,Rain,No,0000000,23,23,23,28,23,40,0,None,0,None,0,None,1,0,2015-10-02 23:25:00+00:00,Malam (18-23),Hari Kerja,Jumat
13,Georgia,130977,2,1,1,1,1,1,1,121,280,4,10,2015,1,0,47,1,2,Urban,1,Interstate,1,State Highway Agency,1,Interstate,I-20,,86,33.74473056,-84.398775,0,No Special Jurisdiction (Includes National Forests Since 2008),8,Pedestrian,0,"Not Collision with Motor Vehicle in Transport (Not Necessarily in Transport for
2005-2009)",No,1,Non-Junction,Not an Intersection,None,8,Gore,2,Dark – Not Lighted,2,Rain,0,No Additional Atmospheric Conditions,2,Rain,No,0000000,0,47,0,55,1,19,23,Indication of a Stalled/Disabled Vehicle (Since 2008),0,None,0,None,1,0,2015-10-04 00:47:00+00:00,Dini hari (00-05),Akhir Pekan,Minggu
13,Georgia,131096,1,1,0,1,1,1,1,89,1750,1,11,2015,1,21,15,1,2,Urban,1,Interstate,1,State Highway Agency,1,Interstate,I-285,,99999,33.90156111,-84.27196667,0,No Special Jurisdiction (Includes National Forests Since 2008),8,Pedestrian,0,"Not Collision with Motor Vehicle in Transport (Not Necessarily in Transport for
2005-2009)",No,1,Non-Junction,Not an Intersection,None,1,On Roadway,2,Dark – Not Lighted,2,Rain,0,No Additional Atmospheric Conditions,2,Rain,No,0000000,88,88,88,88,88,88,0,None,0,None,0,None,1,0,2015-11-01 21:15:00+00:00,Malam (18-23),Akhir Pekan,Minggu
13,Georgia,130365,1,1,0,1,1,1,1,121,280,13,4,2015,2,5,47,1,2,Urban,1,Interstate,1,State Highway Agency,1,Interstate,I-75,,92,33.77781667,-84.39076944,0,No Special Jurisdiction (Includes National Forests Since 2008),8,Pedestrian,0,"Not Collision with Motor Vehicle in Transport (Not Necessarily in Transport for
2005-2009)",No,1,Non-Junction,Not an Intersection,None,1,On Roadway,3,Dark – Lighted,2,Rain,0,No Additional Atmospheric Conditions,2,Rain,No,0000000,5,47,6,1,88,88,0,None,0,None,0,None,1,0,2015-04-13 05:47:00+00:00,Dini hari (00-05),Hari Kerja,Senin
40,Oklahoma,400544,1,1,0,1,1,2,2,31,2750,26,11,2015,5,18,37,1,2,Urban,1,Interstate,1,State Highway Agency,1,Interstate,I-44,,74,34.60571111,-98.37661667,0,No Special Jurisdiction (Includes National Forests Since 2008),8,Pedestrian,0,"Not Collision with Motor Vehicle in Transport (Not Necessarily in Transport for
2005-2009)",No,1,Non-Junction,Not an Intersection,None,1,On Roadway,2,Dark – Not Lighted,2,Rain,0,No Additional Atmospheric Conditions,2,Rain,No,0000000,99,99,99,99,88,88,0,None,0,None,0,None,1,0,2015-11-26 18:37:00+00:00,Malam (18-23),Hari Kerja,Kamis
40,Oklahoma,400288,1,1,0,1,1,1,1,109,3550,22,7,2015,4,5,29,1,2,Urban,1,Interstate,1,State Highway Agency,1,Interstate,I-44,,10,35.4749,-97.5792,0,No Special Jurisdiction (Includes National Forests Since 2008),8,Pedestrian,0,"Not Collision with Motor Vehicle in Transport (Not Necessarily in Transport for
2005-2009)",No,1,Non-Junction,Not an Intersection,None,1,On Roadway,3,Dark – Lighted,2,Rain,0,No Additional Atmospheric Conditions,2,Rain,No,0000000,5,31,5,36,88,88,0,None,0,None,0,None,1,0,2015-07-22 05:29:00+00:00,Dini hari (00-05),Hari Kerja,Rabu
40,Oklahoma,400534,1,1,0,1,1,1,1,39,0,27,11,2015,6,1,50,1,2,Urban,1,Interstate,1,State Highway Agency,1,Interstate,I-40,,115,35.5214,-98.7165,0,No Special Jurisdiction (Includes National Forests Since 2008),8,Pedestrian,0,"Not Collision with Motor Vehicle in Transport (Not Necessarily in Transport for
2005-2009)",No,1,Non-Junction,Not an Intersection,None,1,On Roadway,2,Dark – Not Lighted,2,Rain,0,No Additional Atmospheric Conditions,2,Rain,No,0000000,0,55,1,1,88,88,0,None,0,None,0,None,1,0,2015-11-27 01:50:00+00:00,Dini hari (00-05),Hari Kerja,Jumat
6,California,60449,1,1,0,1,1,1,1,85,2311,11,3,2015,4,1,53,1,2,Urban,1,Interstate,1,State Highway Agency,1,Interstate,I-280,,116,37.33419444,-122.07058889,0,No Special Jurisdiction (Includes National Forests Since 2008),8,Pedestrian,0,"Not Collision with Motor Vehicle in Transport (Not Necessarily in Transport for
2005-2009)",No,1,Non-Junction,Not an Intersection,None,1,On Roadway,3,Dark – Lighted,2,Rain,0,No Additional Atmospheric Conditions,2,Rain,No,0000000,99,99,99,99,88,88,0,None,0,None,0,None,1,0,2015-03-11 01:53:00+00:00,Dini hari (00-05),Hari Kerja,Rabu
6,California,62629,1,1,0,1,1,1,1,37,1980,22,12,2015,3,4,22,1,2,Urban,1,Interstate,1,State Highway Agency,1,Interstate,I-110,,130,33.91746667,-118.28544722,0,No Special Jurisdiction (Includes National Forests Since 2008),8,Pedestrian,0,"Not Collision with Motor Vehicle in Transport (Not Necessarily in Transport for
2005-2009)",No,1,Non-Junction,Not an Intersection,None,1,On Roadway,3,Dark – Lighted,2,Rain,10,Cloudy,2,Rain,No,0000000,99,99,99,99,99,99,19,Recent Previous Crash Scene Nearby (Since 1989),0,None,0,None,1,0,2015-12-22 04:22:00+00:00,Dini hari (00-05),Hari Kerja,Selasa
53,Washington,530477,1,1,0,1,1,1,1,53,0,30,11,2015,2,16,43,1,2,Urban,1,Interstate,1,State Highway Agency,1,Interstate,I-5,,1201,47.10272778,-122.59614444,0,No Special Jurisdiction (Includes National Forests Since 2008),8,Pedestrian,0,"Not Collision with Motor Vehicle in Transport (Not Necessarily in Transport for
2005-2009)",No,1,Non-Junction,Not an Intersection,None,1,On Roadway,3,Dark – Lighted,2,Rain,0,No Additional Atmospheric Conditions,2,Rain,No,0000000,99,98,99,98,88,88,0,None,0,None,0,None,1,0,2015-11-30 16:43:00+00:00,Siang (12-17),Hari Kerja,Senin
28,Mississippi,280001,1,1,0,1,1,1,1,49,1220,1,1,2015,5,20,37,1,2,Urban,1,Interstate,1,State Highway Agency,1,Interstate,I-220,,99998,32.31198611,-90.24625556,0,No Special Jurisdiction (Includes National Forests Since 2008),8,Pedestrian,0,"Not Collision with Motor Vehicle in Transport (Not Necessarily in Transport for
2005-2009)",No,1,Non-Junction,Not an Intersection,None,1,On Roadway,3,Dark – Lighted,2,Rain,0,No Additional Atmospheric Conditions,2,Rain,No,0000000,88,88,88,88,88,88,0,None,0,None,0,None,1,0,2015-01-01 20:37:00+00:00,Malam (18-23),Hari Kerja,Kamis
37,North Carolina,371044,2,1,1,1,1,1,1,119,870,2,11,2015,2,7,29,1,2,Urban,1,Interstate,1,State Highway Agency,1,Interstate,I-485,,99999,35.12324722,-80.91286389,0,No Special Jurisdiction (Includes National Forests Since 2008),25,Concrete Traffic Barrier,0,"Not Collision with Motor Vehicle in Transport (Not Necessarily in Transport for
2005-2009)",No,1,Non-Junction,Not an Intersection,Maintenance,3,On Median,1,Daylight,2,Rain,0,No Additional Atmospheric Conditions,2,Rain,No,0000000,7,16,7,23,7,27,0,None,0,None,0,None,1,0,2015-11-02 07:29:00+00:00,Pagi (06-11),Hari Kerja,Senin
48,Texas,482808,1,1,0,1,1,1,1,453,330,30,11,2015,2,5,23,1,2,Urban,1,Interstate,1,State Highway Agency,7,Local Street – Frontage Road (Since 1994),I-35,,109,30.1786,-97.77897778,0,No Special Jurisdiction (Includes National Forests Since 2008),8,Pedestrian,0,"Not Collision with Motor Vehicle in Transport (Not Necessarily in Transport for
2005-2009)",No,1,Non-Junction,Not an Intersection,None,1,On Roadway,2,Dark – Not Lighted,2,Rain,0,No Additional Atmospheric Conditions,2,Rain,No,0000000,99,98,99,98,88,88,0,None,0,None,0,None,1,0,2015-11-30 05:23:00+00:00,Dini hari (00-05),Hari Kerja,Senin
48,Texas,482850,1,1,0,1,1,1,1,29,6090,28,11,2015,7,10,0,1,2,Urban,1,Interstate,1,State Highway Agency,7,Local Street – Frontage Road (Since 1994),I-35 PAN AM EXPY,,257,29.43849722,-98.4551,0,No Special Jurisdiction (Includes National Forests Since 2008),8,Pedestrian,0,"Not Collision with Motor Vehicle in Transport (Not Necessarily in Transport for
2005-2009)",No,1,Non-Junction,Not an Intersection,None,1,On Roadway,9,Unknown,2,Rain,0,No Additional Atmospheric Conditions,2,Rain,No,0000000,99,98,99,98,88,88,0,None,0,None,0,None,1,0,2015-11-28 10:00:00+00:00,Pagi (06-11),Akhir Pekan,Sabtu
48,Texas,481091,1,1,0,1,1,1,1,113,4530,9,5,2015,7,16,7,1,2,Urban,1,Interstate,1,State Highway Agency,7,Local Street – Frontage Road (Since 1994),I-30/RL THORNTON FWY,,240,32.81854167,-96.63738056,0,No Special Jurisdiction (Includes National Forests Since 2008),8,Pedestrian,0,"Not Collision with Motor Vehicle in Transport (Not Necessarily in Transport for
2005-2009)",No,1,Non-Junction,Not an Intersection,None,2,On Shoulder,1,Daylight,2,Rain,0,No Additional Atmospheric Conditions,2,Rain,No,0000000,16,7,16,13,16,33,0,None,0,None,0,None,1,0,2015-05-09 16:07:00+00:00,Siang (12-17),Akhir Pekan,Sabtu
48,Texas,482858,1,1,0,1,1,2,2,113,1730,15,11,2015,1,19,18,1,2,Urban,1,Interstate,1,State Highway Agency,1,Interstate,I-345/CENTRAL EXPWY,,214,32.79199167,-96.79262778,0,No Special Jurisdiction (Includes National Forests Since 2008),8,Pedestrian,0,"Not Collision with Motor Vehicle in Transport (Not Necessarily in Transport for
2005-2009)",Yes,18,Through Roadway,Not an Intersection,None,1,On Roadway,3,Dark – Lighted,2,Rain,0,No Additional Atmospheric Conditions,2,Rain,No,0000000,99,99,99,99,99,99,0,None,0,None,0,None,1,0,2015-11-15 19:18:00+00:00,Malam (18-23),Akhir Pekan,Minggu
36,New York,360487,1,1,0,1,1,1,1,67,6010,13,6,2015,7,2,10,1,2,Urban,1,Interstate,1,State Highway Agency,1,Interstate,I-81,,0,43.05535278,-76.15343889,0,No Special Jurisdiction (Includes National Forests Since 2008),15,Non-Motorist on Personal Conveyance,0,"Not Collision with Motor Vehicle in Transport (Not Necessarily in Transport for
2005-2009)",No,20,Entrance/Exit Ramp,Not an Intersection,None,1,On Roadway,3,Dark – Lighted,2,Rain,0,No Additional Atmospheric Conditions,2,Rain,No,0000000,2,12,2,20,2,30,0,None,0,None,0,None,1,1,2015-06-13 02:10:00+00:00,Dini hari (00-05),Akhir Pekan,Sabtu
13,Georgia,130958,1,1,0,1,1,1,1,89,9997,28,9,2015,2,20,39,1,2,Urban,1,Interstate,1,State Highway Agency,1,Interstate,I-85,,11,33.83254167,-84.33658056,0,No Special Jurisdiction (Includes National Forests Since 2008),8,Pedestrian,0,"Not Collision with Motor Vehicle in Transport (Not Necessarily in Transport for
2005-2009)",Yes,5,Entrance/Exit Ramp Related,Not an Intersection,None,1,On Roadway,2,Dark – Not Lighted,2,Rain,0,No Additional Atmospheric Conditions,2,Rain,No,0000000,20,39,20,42,21,1,0,None,0,None,0,None,1,0,2015-09-28 20:39:00+00:00,Malam (18-23),Hari Kerja,Senin
10,Delaware,100122,1,1,0,1,1,2,2,3,490,6,5,2015,4,0,18,1,2,Urban,1,Interstate,1,State Highway Agency,1,Interstate,I-95,,82,39.74691111,-75.55841944,0,No Special Jurisdiction (Includes National Forests Since 2008),8,Pedestrian,0,"Not Collision with Motor Vehicle in Transport (Not Necessarily in Transport for
2005-2009)",Yes,5,Entrance/Exit Ramp Related,Not an Intersection,None,1,On Roadway,3,Dark – Lighted,2,Rain,0,No Additional Atmospheric Conditions,2,Rain,No,0000000,0,46,0,51,88,88,0,None,0,None,0,None,1,0,2015-05-06 00:18:00+00:00,Dini hari (00-05),Hari Kerja,Rabu
29,Missouri,290121,1,1,0,1,1,1,1,189,2420,2,3,2015,2,1,16,1,2,Urban,1,Interstate,1,State Highway Agency,1,Interstate,I-70 RP,,0,38.73922222,-90.36397222,0,No Special Jurisdiction (Includes National Forests Since 2008),8,Pedestrian,0,"Not Collision with Motor Vehicle in Transport (Not Necessarily in Transport for
2005-2009)",Yes,5,Entrance/Exit Ramp Related,Not an Intersection,None,8,Gore,3,Dark – Lighted,2,Rain,0,No Additional Atmospheric Conditions,2,Rain,No,0000000,99,98,99,98,88,88,0,None,0,None,0,None,1,0,2015-03-02 01:16:00+00:00,Dini hari (00-05),Hari Kerja,Senin
48,Texas,482515,2,1,1,2,4,1,3,29,6090,24,10,2015,7,2,30,1,2,Urban,1,Interstate,1,State Highway Agency,1,Interstate,I-37S,,92,29.43422222,-98.49678056,0,No Special Jurisdiction (Includes National Forests Since 2008),14,Parked Motor Vehicle (Not In Transport),0,"Not Collision with Motor Vehicle in Transport (Not Necessarily in Transport for
2005-2009)",No,1,Non-Junction,Not an Intersection,None,2,On Shoulder,3,Dark – Lighted,2,Rain,0,No Additional Atmospheric Conditions,2,Rain,No,0000000,99,99,99,99,99,99,23,Indication of a Stalled/Disabled Vehicle (Since 2008),0,None,0,None,1,1,2015-10-24 02:30:00+00:00,Dini hari (00-05),Akhir Pekan,Sabtu
13,Georgia,130947,2,1,1,2,2,2,2,121,1250,26,9,2015,7,11,28,1,2,Urban,1,Interstate,1,State Highway Agency,1,Interstate,I-85,,166,33.65867222,-84.43220278,0,No Special Jurisdiction (Includes National Forests Since 2008),14,Parked Motor Vehicle (Not In Transport),0,"Not Collision with Motor Vehicle in Transport (Not Necessarily in Transport for
2005-2009)",No,1,Non-Junction,Not an Intersection,None,2,On Shoulder,1,Daylight,2,Rain,0,No Additional Atmospheric Conditions,2,Rain,No,0000000,11,28,12,30,13,15,19,Recent Previous Crash Scene Nearby (Since 1989),0,None,0,None,1,0,2015-09-26 11:28:00+00:00,Pagi (06-11),Akhir Pekan,Sabtu
22,Louisiana,220657,1,1,0,2,2,3,3,105,1910,23,12,2015,4,19,2,1,2,Urban,1,Interstate,1,State Highway Agency,7,Local Street – Frontage Road (Since 1994),I-55 SERVICE RD,,253,30.42775,-90.45261111,0,No Special Jurisdiction (Includes National Forests Since 2008),8,Pedestrian,0,"Not Collision with Motor Vehicle in Transport (Not Necessarily in Transport for
2005-2009)",No,1,Non-Junction,Not an Intersection,None,1,On Roadway,2,Dark – Not Lighted,2,Rain,0,No Additional Atmospheric Conditions,2,Rain,No,0000000,19,2,19,21,19,51,0,None,0,None,0,None,1,0,2015-12-23 19:02:00+00:00,Malam (18-23),Hari Kerja,Rabu
39,Ohio,390301,1,1,0,0,0,1,1,35,7670,6,5,2015,4,0,25,9,8,Not Reported,98,Not Reported,98,Not Reported,9,Unknown,PRINCETON BL,,0,41.53888333,-81.539,0,No Special Jurisdiction (Includes National Forests Since 2008),33,Curb,0,"Not Collision with Motor Vehicle in Transport (Not Necessarily in Transport for
2005-2009)",No,1,Non-Junction,Not an Intersection,None,4,On Roadside,3,Dark – Lighted,2,Rain,0,No Additional Atmospheric Conditions,2,Rain,No,0000000,0,26,0,33,99,99,0,None,0,None,0,None,1,1,2015-05-06 00:25:00+00:00,Dini hari (00-05),Hari Kerja,Rabu
26,Michigan,260619,1,1,0,0,0,1,1,7,0,19,9,2015,7,1,31,0,1,Rural,98,Not Reported,98,Not Reported,9,Unknown,PIPER RD,,5,44.92424444,-83.43707222,0,No Special Jurisdiction (Includes National Forests Since 2008),42,Tree (Standing Only),0,"Not Collision with Motor Vehicle in Transport (Not Necessarily in Transport for
2005-2009)",No,1,Non-Junction,Not an Intersection,None,4,On Roadside,2,Dark – Not Lighted,2,Rain,0,No Additional Atmospheric Conditions,2,Rain,No,0000000,1,31,1,40,99,99,22,"Speed Limit Is a Statutory Limit as Recorded or Was Determined as This
State’s “Basic Rule” (Since 1999)",0,None,0,None,1,0,2015-09-19 01:31:00+00:00,Dini hari (00-05),Akhir Pekan,Sabtu
51,Virginia,510538,1,1,0,1,1,1,1,735,1946,25,9,2015,6,20,50,0,2,Urban,98,Not Reported,98,Not Reported,9,Unknown,SMITH ST,LITTLE FLORIDA RD,99999,37.12417778,-76.38645556,0,No Special Jurisdiction (Includes National Forests Since 2008),9,Pedalcyclist,0,"Not Collision with Motor Vehicle in Transport (Not Necessarily in Transport for
2005-2009)",No,3,Intersection Related,T-Intersection,None,1,On Roadway,2,Dark – Not Lighted,2,Rain,0,No Additional Atmospheric Conditions,2,Rain,No,0000000,20,49,20,53,21,13,0,None,0,None,0,None,1,0,2015-09-25 20:50:00+00:00,Malam (18-23),Hari Kerja,Jumat
26,Michigan,260246,1,1,0,0,0,2,2,49,1730,30,5,2015,7,22,46,0,9,Unknown,4,Minor Arterial,98,Not Reported,6,Local Street – Municipality,E ATHERTON RD,,29,42.98911944,-83.65678611,0,No Special Jurisdiction (Includes National Forests Since 2008),30,Utility Pole/Light Support,0,"Not Collision with Motor Vehicle in Transport (Not Necessarily in Transport for
2005-2009)",No,1,Non-Junction,Not an Intersection,None,4,On Roadside,3,Dark – Lighted,2,Rain,0,No Additional Atmospheric Conditions,2,Rain,No,0000000,22,48,22,59,99,99,0,None,0,None,0,None,1,1,2015-05-30 22:46:00+00:00,Malam (18-23),Akhir Pekan,Sabtu
39,Ohio,390139,1,1,0,0,0,1,1,161,0,13,3,2015,6,13,36,0,1,Rural,4,Minor Arterial,1,State Highway Agency,2,U.S. Highway,US-224,,180,40.92333333,-84.54146667,0,No Special Jurisdiction (Includes National Forests Since 2008),34,Ditch,0,"Not Collision with Motor Vehicle in Transport (Not Necessarily in Transport for
2005-2009)",No,1,Non-Junction,Not an Intersection,None,4,On Roadside,1,Daylight,2,Rain,0,No Additional Atmospheric Conditions,2,Rain,No,0000000,13,44,13,51,88,88,0,None,0,None,0,None,1,0,2015-03-13 13:36:00+00:00,Siang (12-17),Hari Kerja,Jumat
48,Texas,480418,1,1,0,0,0,2,2,367,0,28,2,2015,7,21,22,0,1,Rural,4,Minor Arterial,98,Not Reported,2,U.S. Highway,US-180/MINERAL WELLS HWY,,68,32.7916,-97.95056111,0,No Special Jurisdiction (Includes National Forests Since 2008),23,Bridge Rail (Includes Parapet),0,"Not Collision with Motor Vehicle in Transport (Not Necessarily in Transport for
2005-2009)",No,1,Non-Junction,Not an Intersection,None,4,On Roadside,2,Dark – Not Lighted,2,Rain,0,No Additional Atmospheric Conditions,2,Rain,No,0000000,99,98,99,98,88,88,0,None,0,None,0,None,1,0,2015-02-28 21:22:00+00:00,Malam (18-23),Akhir Pekan,Sabtu
4,Arizona,40813,1,1,0,0,0,4,4,7,0,20,12,2015,1,12,30,0,1,Rural,4,Minor Arterial,1,State Highway Agency,2,U.S. Highway,US-60,,2586,33.47328056,-110.72316944,0,No Special Jurisdiction (Includes National Forests Since 2008),35,Embankment,0,"Not Collision with Motor Vehicle in Transport (Not Necessarily in Transport for
2005-2009)",No,1,Non-Junction,Not an Intersection,None,4,On Roadside,1,Daylight,2,Rain,0,No Additional Atmospheric Conditions,2,Rain,No,0000000,12,31,12,47,13,52,0,None,0,None,0,None,1,1,2015-12-20 12:30:00+00:00,Siang (12-17),Akhir Pekan,Minggu
13,Georgia,130752,1,1,0,0,0,1,1,79,0,6,8,2015,5,16,0,0,1,Rural,4,Minor Arterial,1,State Highway Agency,2,U.S. Highway,US-341 / SR-7,,50,32.64126944,-83.97363889,0,No Special Jurisdiction (Includes National Forests Since 2008),34,Ditch,0,"Not Collision with Motor Vehicle in Transport (Not Necessarily in Transport for
2005-2009)",No,1,Non-Junction,Not an Intersection,None,4,On Roadside,1,Daylight,2,Rain,0,No Additional Atmospheric Conditions,2,Rain,No,0000000,99,98,99,98,88,88,0,None,0,None,0,None,1,0,2015-08-06 16:00:00+00:00,Siang (12-17),Hari Kerja,Kamis
13,Georgia,130005,1,1,0,0,0,2,2,301,0,2,1,2015,6,16,20,0,1,Rural,4,Minor Arterial,1,State Highway Agency,2,U.S. Highway,US-278 / SR12,,2,33.51656944,-82.81752222,0,No Special Jurisdiction (Includes National Forests Since 2008),59,Traffic Sign Support,0,"Not Collision with Motor Vehicle in Transport (Not Necessarily in Transport for
2005-2009)",No,1,Non-Junction,Not an Intersection,None,4,On Roadside,1,Daylight,2,Rain,0,No Additional Atmospheric Conditions,2,Rain,No,0000000,99,99,99,99,99,99,0,None,0,None,0,None,1,0,2015-01-02 16:20:00+00:00,Siang (12-17),Hari Kerja,Jumat
18,Indiana,180705,1,1,0,0,0,1,1,101,4520,27,11,2015,6,14,30,0,1,Rural,4,Minor Arterial,1,State Highway Agency,2,U.S. Highway,US- 150,,0,38.63009722,-86.76600278,0,No Special Jurisdiction (Includes National Forests Since 2008),24,Guardrail Face,0,"Not Collision with Motor Vehicle in Transport (Not Necessarily in Transport for
2005-2009)",No,1,Non-Junction,Not an Intersection,None,4,On Roadside,1,Daylight,2,Rain,0,No Additional Atmospheric Conditions,2,Rain,No,0000000,99,99,99,99,88,88,0,None,0,None,0,None,1,0,2015-11-27 14:30:00+00:00,Siang (12-17),Hari Kerja,Jumat
5,Arkansas,50488,1,1,0,0,0,2,2,121,0,4,3,2015,4,11,7,0,1,Rural,4,Minor Arterial,1,State Highway Agency,2,U.S. Highway,US-62,,69,36.24586944,-91.06447222,0,No Special Jurisdiction (Includes National Forests Since 2008),32,Culvert,0,"Not Collision with Motor Vehicle in Transport (Not Necessarily in Transport for
2005-2009)",No,1,Non-Junction,Not an Intersection,None,4,On Roadside,1,Daylight,2,Rain,0,No Additional Atmospheric Conditions,2,Rain,No,0000000,11,0,11,9,99,99,0,None,0,None,0,None,1,1,2015-03-04 11:07:00+00:00,Pagi (06-11),Hari Kerja,Rabu
40,Oklahoma,400228,1,1,0,0,0,1,1,55,0,23,5,2015,7,4,22,0,1,Rural,4,Minor Arterial,1,State Highway Agency,2,U.S. Highway,US-283,,85,34.8565,-99.4251,0,No Special Jurisdiction (Includes National Forests Since 2008),34,Ditch,0,"Not Collision with Motor Vehicle in Transport (Not Necessarily in Transport for
2005-2009)",No,1,Non-Junction,Not an Intersection,None,4,On Roadside,2,Dark – Not Lighted,2,Rain,0,No Additional Atmospheric Conditions,2,Rain,No,0000000,99,99,99,99,88,88,0,None,0,None,0,None,1,1,2015-05-23 04:22:00+00:00,Dini hari (00-05),Akhir Pekan,Sabtu
51,Virginia,510241,1,1,0,0,0,1,1,119,0,4,6,2015,5,11,10,0,1,Rural,4,Minor Arterial,1,State Highway Agency,2,U.S. Highway,US-616,,5,37.62320833,-76.60621667,0,No Special Jurisdiction (Includes National Forests Since 2008),34,Ditch,0,"Not Collision with Motor Vehicle in Transport (Not Necessarily in Transport for
2005-2009)",No,1,Non-Junction,Not an Intersection,None,4,On Roadside,1,Daylight,2,Rain,0,No Additional Atmospheric Conditions,2,Rain,No,0000000,99,99,99,99,88,88,0,None,0,None,0,None,1,0,2015-06-04 11:10:00+00:00,Pagi (06-11),Hari Kerja,Kamis
51,Virginia,510213,1,1,0,0,0,1,1,103,0,18,5,2015,2,14,50,0,1,Rural,4,Minor Arterial,98,Not Reported,2,U.S. Highway,US-3,,1135,37.76972222,-76.46888889,0,No Special Jurisdiction (Includes National Forests Since 2008),42,Tree (Standing Only),0,"Not Collision with Motor Vehicle in Transport (Not Necessarily in Transport for
2005-2009)",No,1,Non-Junction,Not an Intersection,None,4,On Roadside,1,Daylight,2,Rain,0,No Additional Atmospheric Conditions,2,Rain,No,0000000,99,99,99,99,88,88,0,None,0,None,0,None,1,0,2015-05-18 14:50:00+00:00,Siang (12-17),Hari Kerja,Senin
22,Louisiana,220631,1,1,0,0,0,1,1,127,0,27,12,2015,1,18,40,0,1,Rural,4,Minor Arterial,1,State Highway Agency,2,U.S. Highway,US-71,,1178,31.75491667,-92.94075,0,No Special Jurisdiction (Includes National Forests Since 2008),1,Rollover/Overturn,0,"Not Collision with Motor Vehicle in Transport (Not Necessarily in Transport for
2005-2009)",No,1,Non-Junction,Not an Intersection,None,4,On Roadside,2,Dark – Not Lighted,2,Rain,0,No Additional Atmospheric Conditions,2,Rain,No,0000000,18,40,18,59,88,88,0,None,0,None,0,None,1,0,2015-12-27 18:40:00+00:00,Malam (18-23),Akhir Pekan,Minggu
47,Tennessee,470868,1,1,0,0,0,2,2,89,1774,17,12,2015,5,11,49,0,1,Rural,4,Minor Arterial,1,State Highway Agency,2,U.S. Highway,US-11E SR-34,,77,36.09761944,-83.56456111,0,No Special Jurisdiction (Includes National Forests Since 2008),23,Bridge Rail (Includes Parapet),0,"Not Collision with Motor Vehicle in Transport (Not Necessarily in Transport for
2005-2009)",No,1,Non-Junction,Not an Intersection,None,4,On Roadside,1,Daylight,2,Rain,0,No Additional Atmospheric Conditions,2,Rain,No,0000000,99,99,99,99,99,99,0,None,0,None,0,None,1,0,2015-12-17 11:49:00+00:00,Pagi (06-11),Hari Kerja,Kamis
47,Tennessee,470905,1,1,0,0,0,4,4,19,0,16,5,2015,7,16,42,0,1,Rural,4,Minor Arterial,1,State Highway Agency,2,U.S. Highway,US-19E SR-37,,29,36.1899,-82.04478889,0,No Special Jurisdiction (Includes National Forests Since 2008),35,Embankment,0,"Not Collision with Motor Vehicle in Transport (Not Necessarily in Transport for
2005-2009)",No,1,Non-Junction,Not an Intersection,None,4,On Roadside,1,Daylight,2,Rain,0,No Additional Atmospheric Conditions,2,Rain,No,0000000,99,99,99,99,99,99,0,None,0,None,0,None,1,0,2015-05-16 16:42:00+00:00,Siang (12-17),Akhir Pekan,Sabtu
47,Tennessee,470139,1,1,0,0,0,1,1,43,0,13,3,2015,6,3,41,0,1,Rural,4,Minor Arterial,1,State Highway Agency,2,U.S. Highway,US-70 SR-1,,161,36.10601944,-87.27161944,0,No Special Jurisdiction (Includes National Forests Since 2008),42,Tree (Standing Only),0,"Not Collision with Motor Vehicle in Transport (Not Necessarily in Transport for
2005-2009)",No,1,Non-Junction,Not an Intersection,None,4,On Roadside,2,Dark – Not Lighted,2,Rain,0,No Additional Atmospheric Conditions,2,Rain,No,0000000,99,99,99,99,99,99,0,None,0,None,0,None,1,1,2015-03-13 03:41:00+00:00,Dini hari (00-05),Hari Kerja,Jumat
54,West Virginia,540241,1,1,0,0,0,1,1,71,950,26,12,2015,7,21,19,0,1,Rural,4,Minor Arterial,1,State Highway Agency,2,U.S. Highway,US-33,,410,38.66826111,-79.25076111,0,No Special Jurisdiction (Includes National Forests Since 2008),35,Embankment,0,"Not Collision with Motor Vehicle in Transport (Not Necessarily in Transport for
2005-2009)",No,1,Non-Junction,Not an Intersection,None,4,On Roadside,2,Dark – Not Lighted,2,Rain,0,No Additional Atmospheric Conditions,2,Rain,No,0000000,99,99,99,99,88,88,0,None,0,None,0,None,1,1,2015-12-26 21:19:00+00:00,Malam (18-23),Akhir Pekan,Sabtu
45,South Carolina,450217,1,1,0,0,0,4,4,31,0,16,4,2015,5,8,15,0,1,Rural,4,Minor Arterial,1,State Highway Agency,2,U.S. Highway,US-15,,198,34.45874722,-79.90834167,0,No Special Jurisdiction (Includes National Forests Since 2008),34,Ditch,0,"Not Collision with Motor Vehicle in Transport (Not Necessarily in Transport for
2005-2009)",No,1,Non-Junction,Not an Intersection,None,4,On Roadside,1,Daylight,2,Rain,0,No Additional Atmospheric Conditions,2,Rain,No,0000000,99,99,99,99,99,99,0,None,0,None,0,None,1,0,2015-04-16 08:15:00+00:00,Pagi (06-11),Hari Kerja,Kamis
16,Idaho,160197,1,1,0,0,0,1,1,49,0,11,11,2015,4,13,53,0,1,Rural,4,Minor Arterial,1,State Highway Agency,3,State Highway,SR-13,,172,46.02925833,-115.97367222,3,Indian Reservation,43,Other Fixed Object,0,"Not Collision with Motor Vehicle in Transport (Not Necessarily in Transport for
2005-2009)",No,1,Non-Junction,Not an Intersection,None,4,On Roadside,1,Daylight,2,Rain,0,No Additional Atmospheric Conditions,2,Rain,No,0000000,14,4,14,21,88,88,0,None,0,None,0,None,1,0,2015-11-11 13:53:00+00:00,Siang (12-17),Hari Kerja,Rabu
23,Maine,230042,1,1,0,0,0,2,2,13,8500,9,6,2015,3,14,55,0,1,Rural,4,Minor Arterial,1,State Highway Agency,3,State Highway,SR-17 HEALD HIGHWAY,,99998,44.21336111,-69.2286,0,No Special Jurisdiction (Includes National Forests Since 2008),18,Other Object (Not Fixed),0,"Not Collision with Motor Vehicle in Transport (Not Necessarily in Transport for
2005-2009)",No,1,Non-Junction,Not an Intersection,None,1,On Roadway,1,Daylight,2,Rain,0,No Additional Atmospheric Conditions,2,Rain,No,0000000,14,59,15,5,88,88,0,None,0,None,0,None,1,0,2015-06-09 14:55:00+00:00,Siang (12-17),Hari Kerja,Selasa
48,Texas,480564,1,1,0,0,0,1,1,133,0,20,3,2015,6,8,15,0,1,Rural,4,Minor Arterial,98,Not Reported,3,State Highway,SR-36,,27,32.09913056,-98.91737778,0,No Special Jurisdiction (Includes National Forests Since 2008),1,Rollover/Overturn,0,"Not Collision with Motor Vehicle in Transport (Not Necessarily in Transport for
2005-2009)",No,1,Non-Junction,Not an Intersection,None,4,On Roadside,1,Daylight,2,Rain,0,No Additional Atmospheric Conditions,2,Rain,No,0000000,99,98,99,98,88,88,0,None,0,None,0,None,1,0,2015-03-20 08:15:00+00:00,Pagi (06-11),Hari Kerja,Jumat
48,Texas,481112,1,1,0,0,0,3,3,315,0,20,5,2015,4,6,14,0,1,Rural,4,Minor Arterial,98,Not Reported,3,State Highway,SR-49,,38,32.84155,-94.51479722,0,No Special Jurisdiction (Includes National Forests Since 2008),1,Rollover/Overturn,0,"Not Collision with Motor Vehicle in Transport (Not Necessarily in Transport for
2005-2009)",No,1,Non-Junction,Not an Intersection,None,4,On Roadside,4,Dawn,2,Rain,0,No Additional Atmospheric Conditions,2,Rain,No,0000000,99,98,99,98,88,88,0,None,0,None,0,None,1,0,2015-05-20 06:14:00+00:00,Pagi (06-11),Hari Kerja,Rabu
48,Texas,483062,1,1,0,0,0,2,2,455,0,20,12,2015,1,23,40,0,1,Rural,4,Minor Arterial,98,Not Reported,3,State Highway,SR-94,,276,31.02298889,-95.29326944,0,No Special Jurisdiction (Includes National Forests Since 2008),1,Rollover/Overturn,0,"Not Collision with Motor Vehicle in Transport (Not Necessarily in Transport for
2005-2009)",No,1,Non-Junction,Not an Intersection,None,1,On Roadway,2,Dark – Not Lighted,2,Rain,0,No Additional Atmospheric Conditions,2,Rain,No,0000000,99,99,99,99,99,99,0,None,0,None,0,None,1,1,2015-12-20 23:40:00+00:00,Malam (18-23),Akhir Pekan,Minggu
48,Texas,480786,1,1,0,0,0,2,2,479,0,12,4,2015,1,22,53,0,1,Rural,4,Minor Arterial,98,Not Reported,3,State Highway,SR-44,,281,27.971325,-99.01953333,0,No Special Jurisdiction (Includes National Forests Since 2008),1,Rollover/Overturn,0,"Not Collision with Motor Vehicle in Transport (Not Necessarily in Transport for
2005-2009)",No,1,Non-Junction,Not an Intersection,None,4,On Roadside,2,Dark – Not Lighted,2,Rain,0,No Additional Atmospheric Conditions,2,Rain,No,0000000,99,99,99,99,99,99,0,None,0,None,0,None,1,0,2015-04-12 22:53:00+00:00,Malam (18-23),Akhir Pekan,Minggu
48,Texas,482792,1,1,0,0,0,6,6,13,0,27,11,2015,6,16,5,0,1,Rural,4,Minor Arterial,98,Not Reported,3,State Highway,SR-16 BLUEWIND,,55,29.10143611,-98.59305278,0,No Special Jurisdiction (Includes National Forests Since 2008),1,Rollover/Overturn,0,"Not Collision with Motor Vehicle in Transport (Not Necessarily in Transport for
2005-2009)",No,1,Non-Junction,Not an Intersection,None,3,On Median,1,Daylight,2,Rain,0,No Additional Atmospheric Conditions,2,Rain,No,0000000,16,5,16,15,17,5,5,Surface Under Water,0,None,0,None,2,0,2015-11-27 16:05:00+00:00,Siang (12-17),Hari Kerja,Jumat
48,Texas,480572,1,1,0,0,0,1,1,185,0,21,3,2015,7,13,30,0,1,Rural,4,Minor Arterial,98,Not Reported,3,State Highway,SR-90,,301,30.44759722,-96.02689444,0,No Special Jurisdiction (Includes National Forests Since 2008),42,Tree (Standing Only),0,"Not Collision with Motor Vehicle in Transport (Not Necessarily in Transport for
2005-2009)",No,1,Non-Junction,Not an Intersection,None,4,On Roadside,1,Daylight,2,Rain,0,No Additional Atmospheric Conditions,2,Rain,No,0000000,99,98,99,98,88,88,0,None,0,None,0,None,1,0,2015-03-21 13:30:00+00:00,Siang (12-17),Akhir Pekan,Sabtu
48,Texas,480352,1,1,0,0,0,1,1,405,0,21,2,2015,7,16,30,0,1,Rural,4,Minor Arterial,98,Not Reported,3,State Highway,SR-21,,14,31.51086111,-94.24281944,0,No Special Jurisdiction (Includes National Forests Since 2008),42,Tree (Standing Only),0,"Not Collision with Motor Vehicle in Transport (Not Necessarily in Transport for
2005-2009)",No,1,Non-Junction,Not an Intersection,None,4,On Roadside,1,Daylight,2,Rain,0,No Additional Atmospheric Conditions,2,Rain,No,0000000,99,98,99,98,88,88,0,None,0,None,0,None,1,0,2015-02-21 16:30:00+00:00,Siang (12-17),Akhir Pekan,Sabtu
48,Texas,480705,1,1,0,0,0,3,3,193,0,5,4,2015,1,16,48,0,1,Rural,4,Minor Arterial,98,Not Reported,3,State Highway,SR-36,,127,31.68702778,-98.078925,0,No Special Jurisdiction (Includes National Forests Since 2008),58,Ground,0,"Not Collision with Motor Vehicle in Transport (Not Necessarily in Transport for
2005-2009)",No,1,Non-Junction,Not an Intersection,None,4,On Roadside,1,Daylight,2,Rain,0,No Additional Atmospheric Conditions,2,Rain,No,0000000,16,58,17,7,17,24,0,None,0,None,0,None,1,0,2015-04-05 16:48:00+00:00,Siang (12-17),Akhir Pekan,Minggu
1,Alabama,10087,1,1,0,0,0,2,2,95,0,3,3,2015,3,12,25,0,1,Rural,4,Minor Arterial,1,State Highway Agency,3,State Highway,SR-79,,819,34.54287222,-86.15238889,0,No Special Jurisdiction (Includes National Forests Since 2008),42,Tree (Standing Only),0,"Not Collision with Motor Vehicle in Transport (Not Necessarily in Transport for
2005-2009)",No,1,Non-Junction,Not an Intersection,None,4,On Roadside,1,Daylight,2,Rain,0,No Additional Atmospheric Conditions,2,Rain,No,0000000,12,25,12,32,12,50,0,None,0,None,0,None,2,0,2015-03-03 12:25:00+00:00,Siang (12-17),Hari Kerja,Selasa
1,Alabama,10354,1,1,0,0,0,3,3,51,0,4,7,2015,7,17,40,0,1,Rural,4,Minor Arterial,1,State Highway Agency,3,State Highway,SR-170,,21,32.57143056,-86.15946389,0,No Special Jurisdiction (Includes National Forests Since 2008),42,Tree (Standing Only),0,"Not Collision with Motor Vehicle in Transport (Not Necessarily in Transport for
2005-2009)",No,1,Non-Junction,Not an Intersection,None,4,On Roadside,1,Daylight,2,Rain,0,No Additional Atmospheric Conditions,2,Rain,No,0000000,99,99,17,50,99,99,0,None,0,None,0,None,1,0,2015-07-04 17:40:00+00:00,Siang (12-17),Akhir Pekan,Sabtu
12,Florida,122078,1,1,0,0,0,1,1,33,0,2,11,2015,2,5,45,0,1,Rural,4,Minor Arterial,1,State Highway Agency,3,State Highway,SR-97,,99998,30.84658333,-87.43570556,0,No Special Jurisdiction (Includes National Forests Since 2008),32,Culvert,0,"Not Collision with Motor Vehicle in Transport (Not Necessarily in Transport for
2005-2009)",No,1,Non-Junction,Not an Intersection,None,4,On Roadside,4,Dawn,2,Rain,0,No Additional Atmospheric Conditions,2,Rain,No,0000000,99,99,99,99,88,88,0,None,0,None,0,None,1,0,2015-11-02 05:45:00+00:00,Dini hari (00-05),Hari Kerja,Senin
12,Florida,122605,1,1,0,0,0,1,1,7,0,15,12,2015,3,7,35,0,1,Rural,4,Minor Arterial,1,State Highway Agency,3,State Highway,SR-16,,99998,30.02847222,-82.15791389,0,No Special Jurisdiction (Includes National Forests Since 2008),42,Tree (Standing Only),0,"Not Collision with Motor Vehicle in Transport (Not Necessarily in Transport for
2005-2009)",No,1,Non-Junction,Not an Intersection,None,4,On Roadside,1,Daylight,2,Rain,0,No Additional Atmospheric Conditions,2,Rain,No,0000000,99,99,99,99,88,88,0,None,0,None,0,None,1,0,2015-12-15 07:35:00+00:00,Pagi (06-11),Hari Kerja,Selasa
13,Georgia,131001,1,1,0,0,0,2,2,295,0,10,10,2015,7,5,57,0,1,Rural,4,Minor Arterial,1,State Highway Agency,3,State Highway,SR-151,,103,34.71333333,-85.19118333,0,No Special Jurisdiction (Includes National Forests Since 2008),34,Ditch,0,"Not Collision with Motor Vehicle in Transport (Not Necessarily in Transport for
2005-2009)",No,1,Non-Junction,Not an Intersection,None,4,On Roadside,2,Dark – Not Lighted,2,Rain,0,No Additional Atmospheric Conditions,2,Rain,No,0000000,5,56,6,13,6,47,0,None,0,None,0,None,1,0,2015-10-10 05:57:00+00:00,Dini hari (00-05),Akhir Pekan,Sabtu
13,Georgia,130372,1,1,0,0,0,1,1,169,0,16,4,2015,5,16,4,1,1,Rural,4,Minor Arterial,1,State Highway Agency,3,State Highway,SR-49,,121,32.98531667,-83.40958056,0,No Special Jurisdiction (Includes National Forests Since 2008),34,Ditch,0,"Not Collision with Motor Vehicle in Transport (Not Necessarily in Transport for
2005-2009)",No,1,Non-Junction,Not an Intersection,None,4,On Roadside,1,Daylight,2,Rain,0,No Additional Atmospheric Conditions,2,Rain,No,0000000,16,4,16,13,88,88,0,None,0,None,0,None,1,0,2015-04-16 16:04:00+00:00,Siang (12-17),Hari Kerja,Kamis
13,Georgia,131326,1,1,0,0,0,1,1,181,0,30,12,2015,4,12,36,0,1,Rural,4,Minor Arterial,1,State Highway Agency,3,State Highway,SR-79,,19,33.82291111,-82.47600833,0,No Special Jurisdiction (Includes National Forests Since 2008),35,Embankment,0,"Not Collision with Motor Vehicle in Transport (Not Necessarily in Transport for
2005-2009)",No,1,Non-Junction,Not an Intersection,None,4,On Roadside,1,Daylight,2,Rain,0,No Additional Atmospheric Conditions,2,Rain,No,0000000,12,38,12,42,88,88,0,None,0,None,0,None,1,0,2015-12-30 12:36:00+00:00,Siang (12-17),Hari Kerja,Rabu
13,Georgia,131327,1,1,0,0,0,3,3,265,0,30,12,2015,4,17,39,0,1,Rural,4,Minor Arterial,1,State Highway Agency,3,State Highway,SR-44,,32,33.65904722,-82.93724444,0,No Special Jurisdiction (Includes National Forests Since 2008),35,Embankment,0,"Not Collision with Motor Vehicle in Transport (Not Necessarily in Transport for
2005-2009)",No,1,Non-Junction,Not an Intersection,None,4,On Roadside,2,Dark – Not Lighted,2,Rain,0,No Additional Atmospheric Conditions,2,Rain,No,0000000,99,99,99,99,99,99,0,None,0,None,0,None,1,0,2015-12-30 17:39:00+00:00,Siang (12-17),Hari Kerja,Rabu
13,Georgia,130832,1,1,0,0,0,1,1,47,0,30,8,2015,1,6,40,1,1,Rural,4,Minor Arterial,1,State Highway Agency,3,State Highway,SR-151,,38,34.82020278,-85.14017222,0,No Special Jurisdiction (Includes National Forests Since 2008),35,Embankment,0,"Not Collision with Motor Vehicle in Transport (Not Necessarily in Transport for
2005-2009)",No,1,Non-Junction,Not an Intersection,None,4,On Roadside,1,Daylight,2,Rain,0,No Additional Atmospheric Conditions,2,Rain,No,0000000,6,47,6,58,7,37,0,None,0,None,0,None,1,0,2015-08-30 06:40:00+00:00,Pagi (06-11),Akhir Pekan,Minggu
13,Georgia,130476,1,1,0,0,0,1,1,159,3730,18,5,2015,2,20,2,0,1,Rural,4,Minor Arterial,1,State Highway Agency,3,State Highway,SR-16,,10,33.31074444,-83.80848056,0,No Special Jurisdiction (Includes National Forests Since 2008),42,Tree (Standing Only),0,"Not Collision with Motor Vehicle in Transport (Not Necessarily in Transport for
2005-2009)",No,1,Non-Junction,Not an Intersection,None,4,On Roadside,2,Dark – Not Lighted,2,Rain,0,No Additional Atmospheric Conditions,2,Rain,No,0000000,99,98,99,98,88,88,0,None,0,None,0,None,1,0,2015-05-18 20:02:00+00:00,Malam (18-23),Hari Kerja,Senin
13,Georgia,131325,1,1,0,0,0,2,2,77,0,30,12,2015,4,8,0,0,1,Rural,4,Minor Arterial,1,State Highway Agency,3,State Highway,SR-16,,2,33.47061944,-84.89737778,0,No Special Jurisdiction (Includes National Forests Since 2008),42,Tree (Standing Only),0,"Not Collision with Motor Vehicle in Transport (Not Necessarily in Transport for
2005-2009)",No,1,Non-Junction,Not an Intersection,None,3,On Median,1,Daylight,2,Rain,0,No Additional Atmospheric Conditions,2,Rain,No,0000000,99,98,99,98,88,88,0,None,0,None,0,None,2,0,2015-12-30 08:00:00+00:00,Pagi (06-11),Hari Kerja,Rabu
13,Georgia,131300,1,1,0,0,0,2,2,85,0,23,12,2015,4,20,40,0,1,Rural,4,Minor Arterial,1,State Highway Agency,3,State Highway,SR-139,,81,34.54150833,-84.33925833,0,No Special Jurisdiction (Includes National Forests Since 2008),42,Tree (Standing Only),0,"Not Collision with Motor Vehicle in Transport (Not Necessarily in Transport for
2005-2009)",No,1,Non-Junction,Not an Intersection,None,4,On Roadside,2,Dark – Not Lighted,2,Rain,0,No Additional Atmospheric Conditions,2,Rain,No,0000000,20,32,20,46,22,15,0,None,0,None,0,None,1,0,2015-12-23 20:40:00+00:00,Malam (18-23),Hari Kerja,Rabu
18,Indiana,180319,1,1,0,0,0,2,2,21,460,17,6,2015,4,1,15,0,1,Rural,4,Minor Arterial,1,State Highway Agency,3,State Highway,SR- 46,,0,39.38723333,-87.13565278,0,No Special Jurisdiction (Includes National Forests Since 2008),34,Ditch,0,"Not Collision with Motor Vehicle in Transport (Not Necessarily in Transport for
2005-2009)",No,1,Non-Junction,Not an Intersection,None,4,On Roadside,2,Dark – Not Lighted,2,Rain,0,No Additional Atmospheric Conditions,2,Rain,No,0000000,99,99,99,99,99,99,0,None,0,None,0,None,1,0,2015-06-17 01:15:00+00:00,Dini hari (00-05),Hari Kerja,Rabu
5,Arkansas,50205,1,1,0,0,0,1,1,125,0,14,6,2015,1,18,52,0,1,Rural,4,Minor Arterial,1,State Highway Agency,3,State Highway,SR-5-07,,48,34.61265833,-92.79482778,0,No Special Jurisdiction (Includes National Forests Since 2008),38,Fence,0,"Not Collision with Motor Vehicle in Transport (Not Necessarily in Transport for
2005-2009)",No,1,Non-Junction,Not an Intersection,None,5,Outside Trafficway,1,Daylight,2,Rain,0,No Additional Atmospheric Conditions,2,Rain,No,0000000,18,52,19,13,99,99,0,None,0,None,0,None,1,0,2015-06-14 18:52:00+00:00,Malam (18-23),Akhir Pekan,Minggu
5,Arkansas,50207,1,1,0,0,0,1,1,15,0,15,6,2015,2,19,50,0,1,Rural,4,Minor Arterial,1,State Highway Agency,3,State Highway,SR-23-10,,14,36.31985833,-93.76909444,0,No Special Jurisdiction (Includes National Forests Since 2008),42,Tree (Standing Only),0,"Not Collision with Motor Vehicle in Transport (Not Necessarily in Transport for
2005-2009)",No,1,Non-Junction,Not an Intersection,None,5,Outside Trafficway,1,Daylight,2,Rain,0,No Additional Atmospheric Conditions,2,Rain,No,0000000,19,49,19,58,99,99,0,None,0,None,0,None,1,1,2015-06-15 19:50:00+00:00,Malam (18-23),Hari Kerja,Senin
5,Arkansas,50448,1,1,0,0,0,1,1,47,0,27,11,2015,6,0,43,0,1,Rural,4,Minor Arterial,1,State Highway Agency,3,State Highway,SR-23-06,,19,35.3435,-93.86292222,0,No Special Jurisdiction (Includes National Forests Since 2008),53,Mail Box,0,"Not Collision with Motor Vehicle in Transport (Not Necessarily in Transport for
2005-2009)",No,1,Non-Junction,Not an Intersection,None,4,On Roadside,2,Dark – Not Lighted,2,Rain,10,Cloudy,2,Rain,No,0000000,0,49,1,2,88,88,0,None,0,None,0,None,1,1,2015-11-27 00:43:00+00:00,Dini hari (00-05),Hari Kerja,Jumat
8,Colorado,80422,1,1,0,0,0,2,2,89,0,21,10,2015,4,17,30,0,1,Rural,4,Minor Arterial,1,State Highway Agency,3,State Highway,SR-10,,696,37.98212222,-103.60079722,0,No Special Jurisdiction (Includes National Forests Since 2008),11,Live Animal,0,"Not Collision with Motor Vehicle in Transport (Not Necessarily in Transport for
2005-2009)",No,1,Non-Junction,Not an Intersection,None,1,On Roadway,2,Dark – Not Lighted,2,Rain,0,No Additional Atmospheric Conditions,2,Rain,No,0000000,99,99,99,99,99,99,0,None,0,None,0,None,1,0,2015-10-21 17:30:00+00:00,Siang (12-17),Hari Kerja,Rabu
24,Maryland,240087,1,1,0,0,0,6,6,19,0,14,4,2015,3,20,54,0,1,Rural,4,Minor Arterial,1,State Highway Agency,3,State Highway,SR-331,,29,38.53221667,-75.81767778,0,No Special Jurisdiction (Includes National Forests Since 2008),34,Ditch,0,"Not Collision with Motor Vehicle in Transport (Not Necessarily in Transport for
2005-2009)",No,1,Non-Junction,Not an Intersection,None,4,On Roadside,2,Dark – Not Lighted,2,Rain,0,No Additional Atmospheric Conditions,2,Rain,No,0000000,20,54,21,4,22,20,0,None,0,None,0,None,1,0,2015-04-14 20:54:00+00:00,Malam (18-23),Hari Kerja,Selasa
26,Michigan,260539,1,1,0,0,0,1,1,143,0,25,8,2015,3,22,12,0,1,Rural,4,Minor Arterial,98,Not Reported,3,State Highway,SR-18 S GLADWIN RD,,78,44.26242778,-84.648,0,No Special Jurisdiction (Includes National Forests Since 2008),34,Ditch,0,"Not Collision with Motor Vehicle in Transport (Not Necessarily in Transport for
2005-2009)",No,1,Non-Junction,Not an Intersection,None,4,On Roadside,2,Dark – Not Lighted,2,Rain,0,No Additional Atmospheric Conditions,2,Rain,No,0000000,22,12,22,16,88,88,0,None,0,None,0,None,1,1,2015-08-25 22:12:00+00:00,Malam (18-23),Hari Kerja,Selasa
26,Michigan,260522,1,1,0,0,0,1,1,89,1570,13,8,2015,5,16,57,0,1,Rural,4,Minor Arterial,98,Not Reported,3,State Highway,SR-22,,10,44.79311667,-86.04988056,0,No Special Jurisdiction (Includes National Forests Since 2008),42,Tree (Standing Only),0,"Not Collision with Motor Vehicle in Transport (Not Necessarily in Transport for
2005-2009)",No,1,Non-Junction,Not an Intersection,None,4,On Roadside,1,Daylight,2,Rain,0,No Additional Atmospheric Conditions,2,Rain,No,0000000,16,57,17,0,99,99,0,None,0,None,0,None,1,0,2015-08-13 16:57:00+00:00,Siang (12-17),Hari Kerja,Kamis
36,New York,360413,1,1,0,0,0,1,1,21,1173,9,7,2015,5,18,0,0,1,Rural,4,Minor Arterial,1,State Highway Agency,3,State Highway,SR-66,,0,42.25426111,-73.75471944,0,No Special Jurisdiction (Includes National Forests Since 2008),59,Traffic Sign Support,0,"Not Collision with Motor Vehicle in Transport (Not Necessarily in Transport for
2005-2009)",No,1,Non-Junction,Not an Intersection,None,4,On Roadside,1,Daylight,2,Rain,0,No Additional Atmospheric Conditions,2,Rain,No,0000000,18,2,18,4,18,31,0,None,0,None,0,None,1,0,2015-07-09 18:00:00+00:00,Malam (18-23),Hari Kerja,Kamis
40,Oklahoma,400368,1,1,0,0,0,2,2,97,0,8,9,2015,3,17,54,0,1,Rural,4,Minor Arterial,1,State Highway Agency,3,State Highway,SR-20,,168,36.4123,-95.011,0,No Special Jurisdiction (Includes National Forests Since 2008),11,Live Animal,0,"Not Collision with Motor Vehicle in Transport (Not Necessarily in Transport for
2005-2009)",No,1,Non-Junction,Not an Intersection,None,1,On Roadway,1,Daylight,2,Rain,0,No Additional Atmospheric Conditions,2,Rain,No,0000000,17,57,18,26,20,38,0,None,0,None,0,None,1,0,2015-09-08 17:54:00+00:00,Siang (12-17),Hari Kerja,Selasa
51,Virginia,510152,1,1,0,0,0,1,1,89,0,14,4,2015,3,16,45,0,1,Rural,4,Minor Arterial,1,State Highway Agency,3,State Highway,SR-57,,11,36.75194444,-79.98138889,0,No Special Jurisdiction (Includes National Forests Since 2008),35,Embankment,0,"Not Collision with Motor Vehicle in Transport (Not Necessarily in Transport for
2005-2009)",No,1,Non-Junction,Not an Intersection,None,4,On Roadside,1,Daylight,2,Rain,0,No Additional Atmospheric Conditions,2,Rain,No,0000000,99,99,99,99,99,99,0,None,0,None,0,None,1,0,2015-04-14 16:45:00+00:00,Siang (12-17),Hari Kerja,Selasa
51,Virginia,510461,1,1,0,0,0,2,2,27,0,10,9,2015,5,11,40,0,1,Rural,4,Minor Arterial,1,State Highway Agency,3,State Highway,SR-80,,447,37.10861111,-82.15361111,0,No Special Jurisdiction (Includes National Forests Since 2008),42,Tree (Standing Only),0,"Not Collision with Motor Vehicle in Transport (Not Necessarily in Transport for
2005-2009)",No,1,Non-Junction,Not an Intersection,None,4,On Roadside,1,Daylight,2,Rain,0,No Additional Atmospheric Conditions,2,Rain,No,0000000,99,99,99,99,99,99,0,None,0,None,0,None,1,1,2015-09-10 11:40:00+00:00,Pagi (06-11),Hari Kerja,Kamis
22,Louisiana,220028,1,1,0,0,0,5,5,19,0,10,1,2015,7,21,26,0,1,Rural,4,Minor Arterial,1,State Highway Agency,3,State Highway,SR-12,,65,30.32742778,-93.63918056,0,No Special Jurisdiction (Includes National Forests Since 2008),42,Tree (Standing Only),0,"Not Collision with Motor Vehicle in Transport (Not Necessarily in Transport for
2005-2009)",No,1,Non-Junction,Not an Intersection,None,5,Outside Trafficway,2,Dark – Not Lighted,2,Rain,0,No Additional Atmospheric Conditions,2,Rain,No,0000000,21,28,21,50,23,0,0,None,0,None,0,None,1,1,2015-01-10 21:26:00+00:00,Malam (18-23),Akhir Pekan,Sabtu
22,Louisiana,220699,1,1,0,0,0,2,2,81,0,22,8,2015,7,15,0,0,1,Rural,4,Minor Arterial,1,State Highway Agency,3,State Highway,SR-1,,3366,31.91065,-93.28158056,0,No Special Jurisdiction (Includes National Forests Since 2008),59,Traffic Sign Support,0,"Not Collision with Motor Vehicle in Transport (Not Necessarily in Transport for
2005-2009)",No,1,Non-Junction,Not an Intersection,None,4,On Roadside,1,Daylight,2,Rain,0,No Additional Atmospheric Conditions,2,Rain,No,0000000,15,5,15,19,15,57,0,None,0,None,0,None,1,0,2015-08-22 15:00:00+00:00,Siang (12-17),Akhir Pekan,Sabtu
27,Minnesota,270355,1,1,0,0,0,1,1,143,0,8,12,2015,3,15,40,0,1,Rural,4,Minor Arterial,1,State Highway Agency,3,State Highway,SR-19,,1284,44.54329167,-94.01041111,0,No Special Jurisdiction (Includes National Forests Since 2008),35,Embankment,0,"Not Collision with Motor Vehicle in Transport (Not Necessarily in Transport for
2005-2009)",No,1,Non-Junction,Not an Intersection,None,4,On Roadside,1,Daylight,2,Rain,10,Cloudy,2,Rain,No,0000000,15,40,15,49,17,19,0,None,0,None,0,None,1,0,2015-12-08 15:40:00+00:00,Siang (12-17),Hari Kerja,Selasa
47,Tennessee,470039,1,1,0,0,0,1,1,143,0,23,1,2015,6,6,45,0,1,Rural,4,Minor Arterial,1,State Highway Agency,3,State Highway,SR-68 WASSOM MEMORIAL HWY,,64,35.71161944,-84.86511111,0,No Special Jurisdiction (Includes National Forests Since 2008),24,Guardrail Face,0,"Not Collision with Motor Vehicle in Transport (Not Necessarily in Transport for
2005-2009)",No,1,Non-Junction,Not an Intersection,None,4,On Roadside,2,Dark – Not Lighted,2,Rain,0,No Additional Atmospheric Conditions,2,Rain,No,0000000,99,99,99,99,88,88,0,None,0,None,0,None,1,0,2015-01-23 06:45:00+00:00,Pagi (06-11),Hari Kerja,Jumat
47,Tennessee,470524,1,1,0,0,0,2,2,87,880,17,8,2015,2,15,1,0,1,Rural,4,Minor Arterial,1,State Highway Agency,3,State Highway,SR-56/85/135 JENNINGS CREEK HW,,119,36.38271944,-85.66046944,0,No Special Jurisdiction (Includes National Forests Since 2008),30,Utility Pole/Light Support,0,"Not Collision with Motor Vehicle in Transport (Not Necessarily in Transport for
2005-2009)",No,1,Non-Junction,Not an Intersection,None,4,On Roadside,1,Daylight,2,Rain,0,No Additional Atmospheric Conditions,2,Rain,No,0000000,99,99,99,99,99,99,0,None,0,None,0,None,1,0,2015-08-17 15:01:00+00:00,Siang (12-17),Hari Kerja,Senin
47,Tennessee,470133,1,1,0,0,0,1,1,179,0,13,3,2015,6,10,54,0,1,Rural,4,Minor Arterial,1,State Highway Agency,3,State Highway,SR-107 ERWIN HWY,,74,36.17529722,-82.52854722,0,No Special Jurisdiction (Includes National Forests Since 2008),42,Tree (Standing Only),0,"Not Collision with Motor Vehicle in Transport (Not Necessarily in Transport for
2005-2009)",No,1,Non-Junction,Not an Intersection,None,4,On Roadside,1,Daylight,2,Rain,0,No Additional Atmospheric Conditions,2,Rain,No,0000000,99,99,99,99,88,88,0,None,0,None,0,None,1,0,2015-03-13 10:54:00+00:00,Pagi (06-11),Hari Kerja,Jumat
28,Mississippi,280141,1,1,0,0,0,7,7,79,0,12,4,2015,1,19,16,0,1,Rural,4,Minor Arterial,1,State Highway Agency,3,State Highway,SR-500,,99998,32.61420278,-89.52490833,0,No Special Jurisdiction (Includes National Forests Since 2008),1,Rollover/Overturn,0,"Not Collision with Motor Vehicle in Transport (Not Necessarily in Transport for
2005-2009)",No,1,Non-Junction,Not an Intersection,None,4,On Roadside,1,Daylight,2,Rain,0,No Additional Atmospheric Conditions,2,Rain,No,0000000,19,16,19,36,19,47,0,None,0,None,0,None,3,0,2015-04-12 19:16:00+00:00,Malam (18-23),Akhir Pekan,Minggu
28,Mississippi,280571,1,1,0,0,0,2,2,123,0,30,12,2015,4,4,16,0,1,Rural,4,Minor Arterial,1,State Highway Agency,3,State Highway,SR-35,,99998,32.53555556,-89.47775556,0,No Special Jurisdiction (Includes National Forests Since 2008),1,Rollover/Overturn,0,"Not Collision with Motor Vehicle in Transport (Not Necessarily in Transport for
2005-2009)",No,1,Non-Junction,Not an Intersection,None,4,On Roadside,2,Dark – Not Lighted,2,Rain,0,No Additional Atmospheric Conditions,2,Rain,No,0000000,4,16,4,18,88,88,0,None,0,None,0,None,1,0,2015-12-30 04:16:00+00:00,Dini hari (00-05),Hari Kerja,Rabu
28,Mississippi,280504,1,1,0,0,0,1,1,91,0,16,11,2015,2,19,35,0,1,Rural,4,Minor Arterial,1,State Highway Agency,3,State Highway,SR-586,,99998,31.23561111,-89.91758889,0,No Special Jurisdiction (Includes National Forests Since 2008),34,Ditch,0,"Not Collision with Motor Vehicle in Transport (Not Necessarily in Transport for
2005-2009)",No,1,Non-Junction,Not an Intersection,None,4,On Roadside,2,Dark – Not Lighted,2,Rain,0,No Additional Atmospheric Conditions,2,Rain,No,0000000,99,98,99,98,88,88,0,None,0,None,0,None,1,0,2015-11-16 19:35:00+00:00,Malam (18-23),Hari Kerja,Senin
28,Mississippi,280352,1,1,0,0,0,1,1,25,0,23,8,2015,1,3,17,0,1,Rural,4,Minor Arterial,1,State Highway Agency,3,State Highway,SR-47,,99998,33.61710278,-88.74895278,0,No Special Jurisdiction (Includes National Forests Since 2008),34,Ditch,0,"Not Collision with Motor Vehicle in Transport (Not Necessarily in Transport for
2005-2009)",No,1,Non-Junction,Not an Intersection,None,4,On Roadside,2,Dark – Not Lighted,2,Rain,0,No Additional Atmospheric Conditions,2,Rain,No,0000000,3,17,3,38,88,88,0,None,0,None,0,None,1,1,2015-08-23 03:17:00+00:00,Dini hari (00-05),Akhir Pekan,Minggu
28,Mississippi,280473,1,1,0,0,0,4,4,109,0,25,10,2015,1,10,10,0,1,Rural,4,Minor Arterial,1,State Highway Agency,3,State Highway,SR-13,,99998,30.99812222,-89.40351389,0,No Special Jurisdiction (Includes National Forests Since 2008),34,Ditch,0,"Not Collision with Motor Vehicle in Transport (Not Necessarily in Transport for
2005-2009)",No,1,Non-Junction,Not an Intersection,None,4,On Roadside,1,Daylight,2,Rain,0,No Additional Atmospheric Conditions,2,Rain,No,0000000,10,23,10,31,11,19,0,None,0,None,0,None,1,1,2015-10-25 10:10:00+00:00,Pagi (06-11),Akhir Pekan,Minggu
28,Mississippi,280227,1,1,0,0,0,2,2,21,0,12,6,2015,6,22,55,0,1,Rural,4,Minor Arterial,1,State Highway Agency,3,State Highway,SR-552,,99998,31.89369722,-91.12820278,0,No Special Jurisdiction (Includes National Forests Since 2008),34,Ditch,0,"Not Collision with Motor Vehicle in Transport (Not Necessarily in Transport for
2005-2009)",No,1,Non-Junction,Not an Intersection,None,4,On Roadside,2,Dark – Not Lighted,2,Rain,0,No Additional Atmospheric Conditions,2,Rain,No,0000000,22,55,22,56,23,33,0,None,0,None,0,None,1,1,2015-06-12 22:55:00+00:00,Malam (18-23),Hari Kerja,Jumat
28,Mississippi,280388,1,1,0,0,0,1,1,5,0,6,9,2015,1,20,3,0,1,Rural,4,Minor Arterial,1,State Highway Agency,3,State Highway,SR-24,,99998,31.15017222,-91.04212222,0,No Special Jurisdiction (Includes National Forests Since 2008),35,Embankment,0,"Not Collision with Motor Vehicle in Transport (Not Necessarily in Transport for
2005-2009)",No,1,Non-Junction,Not an Intersection,None,4,On Roadside,2,Dark – Not Lighted,2,Rain,0,No Additional Atmospheric Conditions,2,Rain,No,0000000,99,98,99,98,88,88,0,None,0,None,0,None,1,0,2015-09-06 20:03:00+00:00,Malam (18-23),Akhir Pekan,Minggu
28,Mississippi,280306,1,1,0,0,0,3,3,51,0,25,7,2015,7,13,34,0,1,Rural,4,Minor Arterial,1,State Highway Agency,3,State Highway,SR-51,,99998,32.94679722,-89.92346667,0,No Special Jurisdiction (Includes National Forests Since 2008),35,Embankment,0,"Not Collision with Motor Vehicle in Transport (Not Necessarily in Transport for
2005-2009)",No,1,Non-Junction,Not an Intersection,None,4,On Roadside,1,Daylight,2,Rain,0,No Additional Atmospheric Conditions,2,Rain,No,0000000,99,99,99,99,99,99,0,None,0,None,0,None,1,1,2015-07-25 13:34:00+00:00,Siang (12-17),Akhir Pekan,Sabtu
28,Mississippi,280477,1,1,0,0,0,1,1,31,0,25,10,2015,1,14,7,0,1,Rural,4,Minor Arterial,1,State Highway Agency,3,State Highway,SR-149,,99998,31.78018056,-89.68066389,0,No Special Jurisdiction (Includes National Forests Since 2008),35,Embankment,0,"Not Collision with Motor Vehicle in Transport (Not Necessarily in Transport for
2005-2009)",No,1,Non-Junction,Not an Intersection,None,4,On Roadside,1,Daylight,2,Rain,0,No Additional Atmospheric Conditions,2,Rain,No,0000000,14,7,14,12,15,7,0,None,0,None,0,None,1,0,2015-10-25 14:07:00+00:00,Siang (12-17),Akhir Pekan,Minggu
28,Mississippi,280474,1,1,0,0,0,2,2,109,0,25,10,2015,1,11,17,0,1,Rural,4,Minor Arterial,1,State Highway Agency,3,State Highway,SR-43,,99998,30.58558333,-89.75042778,0,No Special Jurisdiction (Includes National Forests Since 2008),42,Tree (Standing Only),0,"Not Collision with Motor Vehicle in Transport (Not Necessarily in Transport for
2005-2009)",No,1,Non-Junction,Not an Intersection,None,4,On Roadside,1,Daylight,2,Rain,10,Cloudy,2,Rain,No,0000000,11,17,11,24,12,15,0,None,0,None,0,None,2,0,2015-10-25 11:17:00+00:00,Pagi (06-11),Akhir Pekan,Minggu
28,Mississippi,280215,1,1,0,0,0,1,1,99,0,25,5,2015,2,0,25,0,1,Rural,4,Minor Arterial,1,State Highway Agency,3,State Highway,SR-15,,99998,32.68734167,-89.14667222,0,No Special Jurisdiction (Includes National Forests Since 2008),42,Tree (Standing Only),0,"Not Collision with Motor Vehicle in Transport (Not Necessarily in Transport for
2005-2009)",No,1,Non-Junction,Not an Intersection,None,4,On Roadside,2,Dark – Not Lighted,2,Rain,0,No Additional Atmospheric Conditions,2,Rain,No,0000000,0,25,0,25,88,88,0,None,0,None,0,None,1,0,2015-05-25 00:25:00+00:00,Dini hari (00-05),Hari Kerja,Senin
28,Mississippi,280003,1,1,0,0,0,1,1,29,0,3,1,2015,7,21,45,0,1,Rural,4,Minor Arterial,1,State Highway Agency,3,State Highway,SR-18,,99998,32.01380833,-90.67947222,0,No Special Jurisdiction (Includes National Forests Since 2008),42,Tree (Standing Only),0,"Not Collision with Motor Vehicle in Transport (Not Necessarily in Transport for
2005-2009)",No,1,Non-Junction,Not an Intersection,None,4,On Roadside,1,Daylight,2,Rain,10,Cloudy,2,Rain,No,0000000,88,88,88,88,88,88,0,None,0,None,0,None,1,1,2015-01-03 21:45:00+00:00,Malam (18-23),Akhir Pekan,Sabtu
28,Mississippi,280579,1,1,0,0,0,2,2,91,0,27,5,2015,4,12,30,0,1,Rural,4,Minor Arterial,1,State Highway Agency,3,State Highway,SR-586,,99998,31.23680556,-89.93825278,0,No Special Jurisdiction (Includes National Forests Since 2008),53,Mail Box,0,"Not Collision with Motor Vehicle in Transport (Not Necessarily in Transport for
2005-2009)",No,1,Non-Junction,Not an Intersection,None,4,On Roadside,1,Daylight,2,Rain,10,Cloudy,2,Rain,No,0000000,12,30,12,33,13,24,0,None,0,None,0,None,1,0,2015-05-27 12:30:00+00:00,Siang (12-17),Hari Kerja,Rabu
42,Pennsylvania,420840,1,1,0,0,0,1,1,51,0,28,10,2015,4,9,3,0,1,Rural,4,Minor Arterial,1,State Highway Agency,3,State Highway,SR-381 MAIN ST,,142,39.85980278,-79.49518056,0,No Special Jurisdiction (Includes National Forests Since 2008),18,Other Object (Not Fixed),0,"Not Collision with Motor Vehicle in Transport (Not Necessarily in Transport for
2005-2009)",No,1,Non-Junction,Not an Intersection,None,4,On Roadside,1,Daylight,2,Rain,0,No Additional Atmospheric Conditions,2,Rain,No,0000000,9,5,9,16,88,88,0,None,0,None,0,None,1,0,2015-10-28 09:03:00+00:00,Pagi (06-11),Hari Kerja,Rabu
42,Pennsylvania,420562,1,1,0,0,0,1,1,81,0,19,7,2015,1,15,20,0,1,Rural,4,Minor Arterial,1,State Highway Agency,3,State Highway,SR-287,,103,41.35909444,-77.253375,0,No Special Jurisdiction (Includes National Forests Since 2008),35,Embankment,0,"Not Collision with Motor Vehicle in Transport (Not Necessarily in Transport for
2005-2009)",No,1,Non-Junction,Not an Intersection,None,4,On Roadside,1,Daylight,2,Rain,0,No Additional Atmospheric Conditions,2,Rain,No,0000000,15,24,15,38,88,88,0,None,0,None,0,None,1,0,2015-07-19 15:20:00+00:00,Siang (12-17),Akhir Pekan,Minggu
54,West Virginia,540242,1,1,0,0,0,2,2,23,1726,26,12,2015,7,16,5,0,1,Rural,4,Minor Arterial,1,State Highway Agency,3,State Highway,SR-42,,120,39.11672778,-79.16765278,0,No Special Jurisdiction (Includes National Forests Since 2008),32,Culvert,0,"Not Collision with Motor Vehicle in Transport (Not Necessarily in Transport for
2005-2009)",No,1,Non-Junction,Not an Intersection,None,4,On Roadside,1,Daylight,2,Rain,0,No Additional Atmospheric Conditions,2,Rain,No,0000000,16,15,16,30,16,47,0,None,0,None,0,None,1,0,2015-12-26 16:05:00+00:00,Siang (12-17),Akhir Pekan,Sabtu
54,West Virginia,540085,1,1,0,0,0,1,1,89,2141,21,5,2015,5,17,17,0,1,Rural,4,Minor Arterial,1,State Highway Agency,3,State Highway,SR-20,,20,37.57888889,-80.91166944,0,No Special Jurisdiction (Includes National Forests Since 2008),42,Tree (Standing Only),0,"Not Collision with Motor Vehicle in Transport (Not Necessarily in Transport for
2005-2009)",No,1,Non-Junction,Not an Intersection,None,4,On Roadside,1,Daylight,2,Rain,0,No Additional Atmospheric Conditions,2,Rain,No,0000000,99,99,99,99,88,88,0,None,0,None,0,None,1,0,2015-05-21 17:17:00+00:00,Siang (12-17),Hari Kerja,Kamis
37,North Carolina,370420,1,1,0,0,0,1,1,133,0,10,5,2015,1,3,13,0,1,Rural,4,Minor Arterial,98,Not Reported,3,State Highway,SR-111,,99999,34.81912778,-77.54305833,0,No Special Jurisdiction (Includes National Forests Since 2008),34,Ditch,0,"Not Collision with Motor Vehicle in Transport (Not Necessarily in Transport for
2005-2009)",No,1,Non-Junction,Not an Intersection,None,4,On Roadside,2,Dark – Not Lighted,2,Rain,0,No Additional Atmospheric Conditions,2,Rain,No,0000000,3,8,3,17,88,88,0,None,0,None,0,None,1,1,2015-05-10 03:13:00+00:00,Dini hari (00-05),Akhir Pekan,Minggu
45,South Carolina,450564,1,1,0,0,0,2,2,71,0,30,8,2015,1,11,45,0,1,Rural,4,Minor Arterial,1,State Highway Agency,3,State Highway,SR-26,,11,34.19533889,-81.51776667,0,No Special Jurisdiction (Includes National Forests Since 2008),32,Culvert,0,"Not Collision with Motor Vehicle in Transport (Not Necessarily in Transport for
2005-2009)",No,1,Non-Junction,Not an Intersection,None,4,On Roadside,1,Daylight,2,Rain,0,No Additional Atmospheric Conditions,2,Rain,No,0000000,88,88,88,88,88,88,0,None,0,None,0,None,1,0,2015-08-30 11:45:00+00:00,Pagi (06-11),Akhir Pekan,Minggu
45,South Carolina,450194,1,1,0,0,0,3,3,83,0,7,4,2015,3,1,10,0,1,Rural,4,Minor Arterial,1,State Highway Agency,3,State Highway,SR-56,,63,34.69118889,-81.833125,0,No Special Jurisdiction (Includes National Forests Since 2008),34,Ditch,0,"Not Collision with Motor Vehicle in Transport (Not Necessarily in Transport for
2005-2009)",No,1,Non-Junction,Not an Intersection,None,4,On Roadside,2,Dark – Not Lighted,2,Rain,0,No Additional Atmospheric Conditions,2,Rain,No,0000000,99,99,99,99,99,99,0,None,0,None,0,None,1,0,2015-04-07 01:10:00+00:00,Dini hari (00-05),Hari Kerja,Selasa
45,South Carolina,450633,1,1,0,0,0,1,1,3,0,4,10,2015,1,12,45,0,1,Rural,4,Minor Arterial,1,State Highway Agency,3,State Highway,SR-14,,0,33.60015833,-81.38813611,0,No Special Jurisdiction (Includes National Forests Since 2008),35,Embankment,0,"Not Collision with Motor Vehicle in Transport (Not Necessarily in Transport for
2005-2009)",No,1,Non-Junction,Not an Intersection,None,4,On Roadside,1,Daylight,2,Rain,0,No Additional Atmospheric Conditions,2,Rain,No,0000000,88,88,88,88,88,88,0,None,0,None,0,None,1,0,2015-10-04 12:45:00+00:00,Siang (12-17),Akhir Pekan,Minggu
41,Oregon,410178,1,1,0,0,0,1,1,39,0,10,7,2015,6,22,56,0,1,Rural,4,Minor Arterial,2,County Highway Agency,4,County Road,CR-CLOVERDALE RD,,26,43.96096667,-122.96636944,0,No Special Jurisdiction (Includes National Forests Since 2008),1,Rollover/Overturn,0,"Not Collision with Motor Vehicle in Transport (Not Necessarily in Transport for
2005-2009)",No,1,Non-Junction,Not an Intersection,None,4,On Roadside,2,Dark – Not Lighted,2,Rain,0,No Additional Atmospheric Conditions,2,Rain,No,0000000,23,5,23,13,88,88,0,None,0,None,0,None,1,1,2015-07-10 22:56:00+00:00,Malam (18-23),Hari Kerja,Jumat
18,Indiana,180336,1,1,0,0,0,4,4,57,3590,27,6,2015,7,0,25,0,1,Rural,4,Minor Arterial,4,City or Municipal Highway Agency,4,County Road,CR- PROMISE RD,,0,40.05225556,-85.97189444,0,No Special Jurisdiction (Includes National Forests Since 2008),53,Mail Box,0,"Not Collision with Motor Vehicle in Transport (Not Necessarily in Transport for
2005-2009)",No,1,Non-Junction,Not an Intersection,None,4,On Roadside,2,Dark – Not Lighted,2,Rain,0,No Additional Atmospheric Conditions,2,Rain,No,0000000,99,99,99,99,99,99,0,None,0,None,0,None,2,0,2015-06-27 00:25:00+00:00,Dini hari (00-05),Akhir Pekan,Sabtu
26,Michigan,260678,1,1,0,0,0,1,1,125,0,4,10,2015,1,1,20,0,1,Rural,4,Minor Arterial,98,Not Reported,4,County Road,CR-HOLLY RD,,20,42.83552778,-83.62963889,0,No Special Jurisdiction (Includes National Forests Since 2008),42,Tree (Standing Only),0,"Not Collision with Motor Vehicle in Transport (Not Necessarily in Transport for
2005-2009)",No,1,Non-Junction,Not an Intersection,None,4,On Roadside,2,Dark – Not Lighted,2,Rain,0,No Additional Atmospheric Conditions,2,Rain,No,0000000,1,18,1,25,88,88,0,None,0,None,0,None,1,1,2015-10-04 01:20:00+00:00,Dini hari (00-05),Akhir Pekan,Minggu
26,Michigan,260226,1,1,0,0,0,1,1,81,785,19,5,2015,3,9,1,0,1,Rural,4,Minor Arterial,98,Not Reported,4,County Road,CR-CASCADE RD,,99,42.88506667,-85.45551111,0,No Special Jurisdiction (Includes National Forests Since 2008),53,Mail Box,0,"Not Collision with Motor Vehicle in Transport (Not Necessarily in Transport for
2005-2009)",No,1,Non-Junction,Not an Intersection,None,4,On Roadside,1,Daylight,2,Rain,0,No Additional Atmospheric Conditions,2,Rain,No,0000000,9,3,99,99,99,99,0,None,0,None,0,None,1,0,2015-05-19 09:01:00+00:00,Pagi (06-11),Hari Kerja,Selasa
55,Wisconsin,550219,1,1,0,0,0,1,1,105,0,25,6,2015,5,4,28,0,1,Rural,4,Minor Arterial,2,County Highway Agency,4,County Road,CR-Y,,0,42.74952222,-88.97791111,0,No Special Jurisdiction (Includes National Forests Since 2008),42,Tree (Standing Only),0,"Not Collision with Motor Vehicle in Transport (Not Necessarily in Transport for
2005-2009)",No,1,Non-Junction,Not an Intersection,None,4,On Roadside,2,Dark – Not Lighted,2,Rain,0,No Additional Atmospheric Conditions,2,Rain,No,0000000,4,31,4,39,88,88,0,None,0,None,0,None,1,0,2015-06-25 04:28:00+00:00,Dini hari (00-05),Hari Kerja,Kamis
53,Washington,530529,1,1,0,0,0,1,1,53,0,1,11,2015,1,13,30,0,1,Rural,4,Minor Arterial,2,County Highway Agency,4,County Road,CR-KEY PENINSULA HWY KPN,,99999,47.28474167,-122.76503056,0,No Special Jurisdiction (Includes National Forests Since 2008),35,Embankment,0,"Not Collision with Motor Vehicle in Transport (Not Necessarily in Transport for
2005-2009)",No,1,Non-Junction,Not an Intersection,None,4,On Roadside,1,Daylight,2,Rain,0,No Additional Atmospheric Conditions,2,Rain,No,0000000,99,98,99,98,99,98,0,None,0,None,0,None,1,0,2015-11-01 13:30:00+00:00,Siang (12-17),Akhir Pekan,Minggu
28,Mississippi,280093,1,1,0,0,0,1,1,31,0,12,3,2015,5,20,40,0,1,Rural,4,Minor Arterial,2,County Highway Agency,4,County Road,CR-UNION CHURCH ROAD,,99998,31.502375,-89.48688333,0,No Special Jurisdiction (Includes National Forests Since 2008),42,Tree (Standing Only),0,"Not Collision with Motor Vehicle in Transport (Not Necessarily in Transport for
2005-2009)",No,1,Non-Junction,Not an Intersection,None,4,On Roadside,2,Dark – Not Lighted,2,Rain,0,No Additional Atmospheric Conditions,2,Rain,No,0000000,20,40,20,42,88,88,0,None,0,None,0,None,1,0,2015-03-12 20:40:00+00:00,Malam (18-23),Hari Kerja,Kamis
28,Mississippi,280019,1,1,0,0,0,1,1,37,0,22,1,2015,5,18,52,0,1,Rural,4,Minor Arterial,2,County Highway Agency,4,County Road,CR-BURT JORDAN ROAD,,99998,31.41576389,-90.67968056,0,No Special Jurisdiction (Includes National Forests Since 2008),42,Tree (Standing Only),0,"Not Collision with Motor Vehicle in Transport (Not Necessarily in Transport for
2005-2009)",No,1,Non-Junction,Not an Intersection,None,4,On Roadside,2,Dark – Not Lighted,2,Rain,0,No Additional Atmospheric Conditions,2,Rain,No,0000000,88,88,88,88,88,88,0,None,0,None,0,None,1,0,2015-01-22 18:52:00+00:00,Malam (18-23),Hari Kerja,Kamis
37,North Carolina,370573,1,1,0,0,0,2,2,133,0,27,6,2015,7,23,39,0,1,Rural,4,Minor Arterial,98,Not Reported,4,County Road,CR-1308,,99999,34.84430278,-77.47553333,0,No Special Jurisdiction (Includes National Forests Since 2008),53,Mail Box,0,"Not Collision with Motor Vehicle in Transport (Not Necessarily in Transport for
2005-2009)",No,1,Non-Junction,Not an Intersection,None,4,On Roadside,2,Dark – Not Lighted,2,Rain,0,No Additional Atmospheric Conditions,2,Rain,No,0000000,23,34,23,43,0,16,0,None,0,None,0,None,1,1,2015-06-27 23:39:00+00:00,Malam (18-23),Akhir Pekan,Sabtu
17,Illinois,170215,1,1,0,0,0,1,1,97,0,19,4,2015,1,18,27,0,1,Rural,4,Minor Arterial,3,Town or Township Highway Agency,5,Local Street – Township,WILMOT RD,,0,42.49113333,-88.16943333,0,No Special Jurisdiction (Includes National Forests Since 2008),42,Tree (Standing Only),0,"Not Collision with Motor Vehicle in Transport (Not Necessarily in Transport for
2005-2009)",No,1,Non-Junction,Not an Intersection,None,4,On Roadside,1,Daylight,2,Rain,0,No Additional Atmospheric Conditions,2,Rain,No,0000000,18,27,99,99,88,88,0,None,0,None,0,None,1,1,2015-04-19 18:27:00+00:00,Malam (18-23),Akhir Pekan,Minggu
20,Kansas,200034,1,1,0,0,0,1,1,95,0,20,2,2015,6,23,0,0,1,Rural,4,Minor Arterial,2,County Highway Agency,6,Local Street – Municipality,SE 20 STREET,,0,37.61866389,-97.93548889,0,No Special Jurisdiction (Includes National Forests Since 2008),31,"Other Post, Other Pole, or Other Support",0,"Not Collision with Motor Vehicle in Transport (Not Necessarily in Transport for
2005-2009)",No,1,Non-Junction,Not an Intersection,None,4,On Roadside,2,Dark – Not Lighted,2,Rain,0,No Additional Atmospheric Conditions,2,Rain,No,0000000,3,24,3,42,88,88,0,None,0,None,0,None,1,0,2015-02-20 23:00:00+00:00,Malam (18-23),Hari Kerja,Jumat
1,Alabama,10696,1,1,0,0,0,1,1,97,2100,23,12,2015,4,3,10,0,1,Rural,4,Minor Arterial,4,City or Municipal Highway Agency,6,Local Street – Municipality,ZEIGLER BLVD,,0,30.70858889,-88.20665278,0,No Special Jurisdiction (Includes National Forests Since 2008),42,Tree (Standing Only),0,"Not Collision with Motor Vehicle in Transport (Not Necessarily in Transport for
2005-2009)",No,1,Non-Junction,Not an Intersection,None,4,On Roadside,3,Dark – Lighted,2,Rain,0,No Additional Atmospheric Conditions,2,Rain,No,0000000,99,99,3,20,88,88,0,None,0,None,0,None,1,1,2015-12-23 03:10:00+00:00,Dini hari (00-05),Hari Kerja,Rabu
48,Texas,482529,1,1,0,0,0,2,2,159,0,30,10,2015,6,16,35,0,1,Rural,4,Minor Arterial,98,Not Reported,8,Other,FM 1448,,8,32.96877778,-95.26698889,0,No Special Jurisdiction (Includes National Forests Since 2008),1,Rollover/Overturn,0,"Not Collision with Motor Vehicle in Transport (Not Necessarily in Transport for
2005-2009)",No,1,Non-Junction,Not an Intersection,None,4,On Roadside,1,Daylight,2,Rain,0,No Additional Atmospheric Conditions,2,Rain,No,0000000,99,98,99,98,88,88,0,None,0,None,0,None,2,1,2015-10-30 16:35:00+00:00,Siang (12-17),Hari Kerja,Jumat
21,Kentucky,210651,1,1,0,0,0,1,1,145,0,21,12,2015,2,20,36,0,1,Rural,4,Minor Arterial,1,State Highway Agency,3,State Highway,SR-286,,0,37.00556111,-88.83727778,0,No Special Jurisdiction (Includes National Forests Since 2008),32,Culvert,0,"Not Collision with Motor Vehicle in Transport (Not Necessarily in Transport for
2005-2009)",No,1,Non-Junction,Not an Intersection,None,5,Outside Trafficway,2,Dark – Not Lighted,5,"Fog, Smog, Smoke",2,Rain,2,Rain,No,0000000,20,38,20,54,99,99,0,None,0,None,0,None,1,0,2015-12-21 20:36:00+00:00,Malam (18-23),Hari Kerja,Senin
29,Missouri,290664,1,1,0,0,0,5,5,179,0,5,11,2015,5,13,58,0,1,Rural,4,Minor Arterial,1,State Highway Agency,3,State Highway,SR-21,,175,37.37830556,-90.97133333,0,No Special Jurisdiction (Includes National Forests Since 2008),35,Embankment,0,"Not Collision with Motor Vehicle in Transport (Not Necessarily in Transport for
2005-2009)",No,1,Non-Junction,Not an Intersection,None,4,On Roadside,1,Daylight,10,Cloudy,2,Rain,2,Rain,No,0000000,14,1,14,9,99,99,0,None,0,None,0,None,2,0,2015-11-05 13:58:00+00:00,Siang (12-17),Hari Kerja,Kamis
27,Minnesota,270367,1,1,0,0,0,1,1,139,0,21,12,2015,2,5,11,0,1,Rural,4,Minor Arterial,2,County Highway Agency,4,County Road,CR-27 TEXAS AVE,,53,44.62095833,-93.379025,0,No Special Jurisdiction (Includes National Forests Since 2008),1,Rollover/Overturn,0,"Not Collision with Motor Vehicle in Transport (Not Necessarily in Transport for
2005-2009)",No,1,Non-Junction,Not an Intersection,None,1,On Roadway,2,Dark – Not Lighted,10,Cloudy,2,Rain,2,Rain,No,0000000,5,12,5,35,6,33,0,None,0,None,0,None,1,1,2015-12-21 05:11:00+00:00,Dini hari (00-05),Hari Kerja,Senin
40,Oklahoma,400421,1,1,0,0,0,1,1,71,3380,6,7,2015,2,11,3,0,1,Rural,4,Minor Arterial,1,State Highway Agency,2,U.S. Highway,US-77,E 4TH ST,152,36.886375,-97.05356667,0,No Special Jurisdiction (Includes National Forests Since 2008),33,Curb,0,"Not Collision with Motor Vehicle in Transport (Not Necessarily in Transport for
2005-2009)",No,3,Intersection Related,Four-Way Intersection,None,4,On Roadside,1,Daylight,2,Rain,0,No Additional Atmospheric Conditions,2,Rain,No,0000000,99,99,99,99,99,99,0,None,0,None,0,None,1,0,2015-07-06 11:03:00+00:00,Pagi (06-11),Hari Kerja,Senin
1,Alabama,10630,1,1,0,0,0,1,1,25,1760,8,11,2015,1,2,8,0,1,Rural,4,Minor Arterial,1,State Highway Agency,3,State Highway,SR-177,MAYTON DR,40,31.52877222,-87.89223056,0,No Special Jurisdiction (Includes National Forests Since 2008),30,Utility Pole/Light Support,0,"Not Collision with Motor Vehicle in Transport (Not Necessarily in Transport for
2005-2009)",No,3,Intersection Related,T-Intersection,None,4,On Roadside,3,Dark – Lighted,2,Rain,0,No Additional Atmospheric Conditions,2,Rain,No,0000000,99,99,2,12,99,99,20,Police-Pursuit-Involved (Since 1994),0,None,0,None,1,1,2015-11-08 02:08:00+00:00,Dini hari (00-05),Akhir Pekan,Minggu
13,Georgia,131097,1,1,0,0,0,3,3,319,0,1,11,2015,1,15,46,0,1,Rural,4,Minor Arterial,1,State Highway Agency,3,State Highway,SR-57,POPLAR SPRGS CH RD,175,32.81033889,-83.11846944,0,No Special Jurisdiction (Includes National Forests Since 2008),34,Ditch,0,"Not Collision with Motor Vehicle in Transport (Not Necessarily in Transport for
2005-2009)",No,3,Intersection Related,T-Intersection,None,4,On Roadside,1,Daylight,2,Rain,0,No Additional Atmospheric Conditions,2,Rain,No,0000000,99,99,99,99,99,99,0,None,0,None,0,None,2,0,2015-11-01 15:46:00+00:00,Siang (12-17),Akhir Pekan,Minggu
28,Mississippi,280472,1,1,0,0,0,1,1,71,0,25,10,2015,1,4,50,0,1,Rural,4,Minor Arterial,1,State Highway Agency,3,State Highway,SR-334,CR-SHILOH RD,99998,34.26309722,-89.27574444,0,No Special Jurisdiction (Includes National Forests Since 2008),42,Tree (Standing Only),0,"Not Collision with Motor Vehicle in Transport (Not Necessarily in Transport for
2005-2009)",No,3,Intersection Related,T-Intersection,None,4,On Roadside,2,Dark – Not Lighted,2,Rain,10,Cloudy,2,Rain,No,0000000,99,98,99,98,88,88,0,None,0,None,0,None,1,0,2015-10-25 04:50:00+00:00,Dini hari (00-05),Akhir Pekan,Minggu
36,New York,360954,1,1,0,0,0,5,5,103,1039,9,10,2015,6,21,17,0,1,Rural,4,Minor Arterial,2,County Highway Agency,4,County Road,CR-97,HAMMOND RD,0,40.87526667,-73.07115278,0,No Special Jurisdiction (Includes National Forests Since 2008),35,Embankment,0,"Not Collision with Motor Vehicle in Transport (Not Necessarily in Transport for
2005-2009)",No,3,Intersection Related,Four-Way Intersection,None,3,On Median,2,Dark – Not Lighted,2,Rain,10,Cloudy,2,Rain,No,0000000,99,99,99,99,99,99,0,None,0,None,0,None,1,0,2015-10-09 21:17:00+00:00,Malam (18-23),Hari Kerja,Jumat
48,Texas,482484,1,1,0,0,0,1,1,113,1730,22,10,2015,5,21,33,0,2,Urban,4,Minor Arterial,98,Not Reported,6,Local Street – Municipality,HASKELL AVE,SAPPHIRE ST,0,32.78280278,-96.74030556,0,No Special Jurisdiction (Includes National Forests Since 2008),18,Other Object (Not Fixed),0,"Not Collision with Motor Vehicle in Transport (Not Necessarily in Transport for
2005-2009)",No,2,Intersection,T-Intersection,None,1,On Roadway,3,Dark – Lighted,2,Rain,0,No Additional Atmospheric Conditions,2,Rain,No,0000000,99,99,99,99,88,88,0,None,0,None,0,None,1,1,2015-10-22 21:33:00+00:00,Malam (18-23),Hari Kerja,Kamis
13,Georgia,130949,1,1,0,0,0,1,1,245,310,26,9,2015,7,21,16,0,2,Urban,4,Minor Arterial,4,City or Municipal Highway Agency,6,Local Street – Municipality,MIKE PADGETT HIGHWAY,BENNOCK MILL ROAD,51,33.31231389,-81.95378611,0,No Special Jurisdiction (Includes National Forests Since 2008),1,Rollover/Overturn,0,"Not Collision with Motor Vehicle in Transport (Not Necessarily in Transport for
2005-2009)",No,2,Intersection,T-Intersection,Construction,1,On Roadway,2,Dark – Not Lighted,2,Rain,0,No Additional Atmospheric Conditions,2,Rain,No,0000000,21,20,21,30,88,88,0,None,0,None,0,None,1,0,2015-09-26 21:16:00+00:00,Malam (18-23),Akhir Pekan,Sabtu
12,Florida,121550,1,1,0,0,0,1,1,86,0,16,8,2015,1,4,45,0,2,Urban,4,Minor Arterial,1,State Highway Agency,2,U.S. Highway,US-441,,99998,25.92209722,-80.21481944,0,No Special Jurisdiction (Includes National Forests Since 2008),5,Fell/Jumped from Vehicle,0,"Not Collision with Motor Vehicle in Transport (Not Necessarily in Transport for
2005-2009)",No,1,Non-Junction,Not an Intersection,None,2,On Shoulder,3,Dark – Lighted,2,Rain,0,No Additional Atmospheric Conditions,2,Rain,No,0000000,99,99,99,99,88,88,0,None,0,None,0,None,1,1,2015-08-16 04:45:00+00:00,Dini hari (00-05),Akhir Pekan,Minggu
51,Virginia,510704,1,1,0,0,0,1,1,700,1720,10,11,2015,3,2,7,0,2,Urban,4,Minor Arterial,4,City or Municipal Highway Agency,2,U.S. Highway,US-60,,2632,37.03138889,-76.45861111,0,No Special Jurisdiction (Includes National Forests Since 2008),42,Tree (Standing Only),0,"Not Collision with Motor Vehicle in Transport (Not Necessarily in Transport for
2005-2009)",No,1,Non-Junction,Not an Intersection,None,4,On Roadside,3,Dark – Lighted,2,Rain,0,No Additional Atmospheric Conditions,2,Rain,No,0000000,99,99,99,99,88,88,0,None,0,None,0,None,1,1,2015-11-10 02:07:00+00:00,Dini hari (00-05),Hari Kerja,Selasa
55,Wisconsin,550433,1,1,0,0,0,1,1,59,685,30,11,2015,2,18,16,0,2,Urban,4,Minor Arterial,1,State Highway Agency,2,U.S. Highway,US-45,,0,42.57438333,-88.04736667,0,No Special Jurisdiction (Includes National Forests Since 2008),30,Utility Pole/Light Support,0,"Not Collision with Motor Vehicle in Transport (Not Necessarily in Transport for
2005-2009)",No,1,Non-Junction,Not an Intersection,None,4,On Roadside,2,Dark – Not Lighted,2,Rain,0,No Additional Atmospheric Conditions,2,Rain,No,0000000,99,99,99,99,99,99,0,None,0,None,0,None,1,0,2015-11-30 18:16:00+00:00,Malam (18-23),Hari Kerja,Senin
39,Ohio,390006,1,1,0,0,0,1,1,39,0,3,1,2015,7,13,20,0,2,Urban,4,Minor Arterial,1,State Highway Agency,3,State Highway,SR-111,,30,41.24920833,-84.39959167,0,No Special Jurisdiction (Includes National Forests Since 2008),42,Tree (Standing Only),0,"Not Collision with Motor Vehicle in Transport (Not Necessarily in Transport for
2005-2009)",No,1,Non-Junction,Not an Intersection,None,4,On Roadside,1,Daylight,2,Rain,0,No Additional Atmospheric Conditions,2,Rain,No,0000000,13,39,14,10,88,88,0,None,0,None,0,None,1,0,2015-01-03 13:20:00+00:00,Siang (12-17),Akhir Pekan,Sabtu
39,Ohio,390862,1,1,0,0,0,1,1,165,0,1,11,2015,1,3,0,0,2,Urban,4,Minor Arterial,1,State Highway Agency,3,State Highway,SR-73,,159,39.52024722,-84.05844722,0,No Special Jurisdiction (Includes National Forests Since 2008),59,Traffic Sign Support,0,"Not Collision with Motor Vehicle in Transport (Not Necessarily in Transport for
2005-2009)",No,1,Non-Junction,Not an Intersection,None,4,On Roadside,2,Dark – Not Lighted,2,Rain,0,No Additional Atmospheric Conditions,2,Rain,No,0000000,99,99,99,99,88,88,0,None,0,None,0,None,1,1,2015-11-01 03:00:00+00:00,Dini hari (00-05),Akhir Pekan,Minggu
15,Hawaii,150027,1,1,0,0,0,1,1,9,9300,10,5,2015,1,1,47,1,2,Urban,4,Minor Arterial,1,State Highway Agency,3,State Highway,SR-340,,0,20.89538889,-156.50385833,0,No Special Jurisdiction (Includes National Forests Since 2008),24,Guardrail Face,0,"Not Collision with Motor Vehicle in Transport (Not Necessarily in Transport for
2005-2009)",No,1,Non-Junction,Not an Intersection,None,4,On Roadside,2,Dark – Not Lighted,2,Rain,0,No Additional Atmospheric Conditions,2,Rain,No,0000000,1,48,1,57,88,88,0,None,0,None,0,None,1,1,2015-05-10 01:47:00+00:00,Dini hari (00-05),Akhir Pekan,Minggu
13,Georgia,130151,1,1,0,0,0,1,1,35,0,16,2,2015,2,23,26,0,2,Urban,4,Minor Arterial,1,State Highway Agency,3,State Highway,SR-42,,60,33.279925,-83.9219,0,No Special Jurisdiction (Includes National Forests Since 2008),34,Ditch,0,"Not Collision with Motor Vehicle in Transport (Not Necessarily in Transport for
2005-2009)",No,1,Non-Junction,Not an Intersection,None,4,On Roadside,2,Dark – Not Lighted,2,Rain,0,No Additional Atmospheric Conditions,2,Rain,No,0000000,99,98,99,98,88,88,0,None,0,None,0,None,1,1,2015-02-16 23:26:00+00:00,Malam (18-23),Hari Kerja,Senin
13,Georgia,130006,1,1,0,0,0,2,2,13,0,3,1,2015,7,4,12,0,2,Urban,4,Minor Arterial,1,State Highway Agency,3,State Highway,SR-11,,10,33.9146,-83.71792778,0,No Special Jurisdiction (Includes National Forests Since 2008),42,Tree (Standing Only),0,"Not Collision with Motor Vehicle in Transport (Not Necessarily in Transport for
2005-2009)",No,1,Non-Junction,Not an Intersection,None,4,On Roadside,2,Dark – Not Lighted,2,Rain,0,No Additional Atmospheric Conditions,2,Rain,No,0000000,99,98,99,98,88,88,0,None,0,None,0,None,2,0,2015-01-03 04:12:00+00:00,Dini hari (00-05),Akhir Pekan,Sabtu
13,Georgia,130647,1,1,0,0,0,2,2,139,0,2,7,2015,5,16,53,0,2,Urban,4,Minor Arterial,1,State Highway Agency,3,State Highway,SR-13,,120,34.25253611,-83.84502778,0,No Special Jurisdiction (Includes National Forests Since 2008),42,Tree (Standing Only),0,"Not Collision with Motor Vehicle in Transport (Not Necessarily in Transport for
2005-2009)",No,1,Non-Junction,Not an Intersection,None,4,On Roadside,1,Daylight,2,Rain,0,No Additional Atmospheric Conditions,2,Rain,No,0000000,16,52,17,2,17,26,0,None,0,None,0,None,1,0,2015-07-02 16:53:00+00:00,Siang (12-17),Hari Kerja,Kamis
36,New York,361035,1,1,0,0,0,2,2,103,4238,12,11,2015,5,8,55,0,2,Urban,4,Minor Arterial,1,State Highway Agency,3,State Highway,SR-213,,0,40.74,-73.32099444,0,No Special Jurisdiction (Includes National Forests Since 2008),30,Utility Pole/Light Support,0,"Not Collision with Motor Vehicle in Transport (Not Necessarily in Transport for
2005-2009)",No,1,Non-Junction,Not an Intersection,None,4,On Roadside,1,Daylight,2,Rain,10,Cloudy,2,Rain,No,0000000,99,99,99,99,99,99,0,None,0,None,0,None,1,0,2015-11-12 08:55:00+00:00,Pagi (06-11),Hari Kerja,Kamis
36,New York,360744,1,1,0,0,0,6,6,15,6530,9,10,2015,6,15,15,0,2,Urban,4,Minor Arterial,1,State Highway Agency,3,State Highway,SR-14,,0,42.011425,-76.78685,0,No Special Jurisdiction (Includes National Forests Since 2008),52,Guardrail End,0,"Not Collision with Motor Vehicle in Transport (Not Necessarily in Transport for
2005-2009)",No,1,Non-Junction,Not an Intersection,None,4,On Roadside,1,Daylight,2,Rain,0,No Additional Atmospheric Conditions,2,Rain,No,0000000,15,15,15,25,99,99,0,None,0,None,0,None,2,0,2015-10-09 15:15:00+00:00,Siang (12-17),Hari Kerja,Jumat
22,Louisiana,220600,1,1,0,0,0,1,1,103,0,21,10,2015,4,9,40,0,2,Urban,4,Minor Arterial,1,State Highway Agency,3,State Highway,SR-59,,94,30.49166111,-90.040775,0,No Special Jurisdiction (Includes National Forests Since 2008),24,Guardrail Face,0,"Not Collision with Motor Vehicle in Transport (Not Necessarily in Transport for
2005-2009)",No,1,Non-Junction,Not an Intersection,None,4,On Roadside,1,Daylight,2,Rain,0,No Additional Atmospheric Conditions,2,Rain,No,0000000,9,40,9,50,88,88,0,None,0,None,0,None,1,0,2015-10-21 09:40:00+00:00,Pagi (06-11),Hari Kerja,Rabu
22,Louisiana,220655,1,1,0,0,0,1,1,33,2490,21,12,2015,2,5,35,1,2,Urban,4,Minor Arterial,1,State Highway Agency,3,State Highway,SR-64 CHURCH ST,,17,30.65119167,-91.16464167,0,No Special Jurisdiction (Includes National Forests Since 2008),42,Tree (Standing Only),0,"Not Collision with Motor Vehicle in Transport (Not Necessarily in Transport for
2005-2009)",No,1,Non-Junction,Not an Intersection,None,5,Outside Trafficway,3,Dark – Lighted,2,Rain,0,No Additional Atmospheric Conditions,2,Rain,No,0000000,5,35,5,39,88,88,0,None,0,None,0,None,1,1,2015-12-21 05:35:00+00:00,Dini hari (00-05),Hari Kerja,Senin
22,Louisiana,220019,1,1,0,0,0,1,1,57,9997,3,1,2015,7,23,43,0,2,Urban,4,Minor Arterial,1,State Highway Agency,3,State Highway,SR-316,,44,29.67546111,-90.72701944,0,No Special Jurisdiction (Includes National Forests Since 2008),59,Traffic Sign Support,0,"Not Collision with Motor Vehicle in Transport (Not Necessarily in Transport for
2005-2009)",No,1,Non-Junction,Not an Intersection,None,4,On Roadside,3,Dark – Lighted,2,Rain,0,No Additional Atmospheric Conditions,2,Rain,No,0000000,23,47,0,8,0,28,0,None,0,None,0,None,1,1,2015-01-03 23:43:00+00:00,Malam (18-23),Akhir Pekan,Sabtu
47,Tennessee,470912,1,1,0,0,0,2,2,143,0,24,12,2015,5,3,25,0,2,Urban,4,Minor Arterial,1,State Highway Agency,3,State Highway,SR-30,,126,35.50356944,-84.95515,0,No Special Jurisdiction (Includes National Forests Since 2008),3,"Immersion (or Partial Immersion, Since 2012)",0,"Not Collision with Motor Vehicle in Transport (Not Necessarily in Transport for
2005-2009)",No,1,Non-Junction,Not an Intersection,None,1,On Roadway,2,Dark – Not Lighted,2,Rain,0,No Additional Atmospheric Conditions,2,Rain,No,0000000,99,99,99,99,99,99,0,None,0,None,0,None,1,1,2015-12-24 03:25:00+00:00,Dini hari (00-05),Hari Kerja,Kamis
47,Tennessee,470866,1,1,0,0,0,5,5,157,1620,26,12,2015,7,1,55,0,2,Urban,4,Minor Arterial,1,State Highway Agency,3,State Highway,SR-1 NORTH PKWY,,50,35.15323333,-90.01051111,0,No Special Jurisdiction (Includes National Forests Since 2008),33,Curb,0,"Not Collision with Motor Vehicle in Transport (Not Necessarily in Transport for
2005-2009)",No,1,Non-Junction,Not an Intersection,None,4,On Roadside,3,Dark – Lighted,2,Rain,0,No Additional Atmospheric Conditions,2,Rain,No,0000000,99,99,99,99,99,99,0,None,0,None,0,None,3,1,2015-12-26 01:55:00+00:00,Dini hari (00-05),Akhir Pekan,Sabtu
9,Connecticut,90081,1,1,0,0,0,1,1,11,386,11,8,2015,3,19,9,0,2,Urban,4,Minor Arterial,1,State Highway Agency,3,State Highway,SR-32,,98,41.49424444,-72.10022778,0,No Special Jurisdiction (Includes National Forests Since 2008),33,Curb,0,"Not Collision with Motor Vehicle in Transport (Not Necessarily in Transport for
2005-2009)",No,1,Non-Junction,Not an Intersection,None,4,On Roadside,1,Daylight,2,Rain,0,No Additional Atmospheric Conditions,2,Rain,No,0000000,99,99,99,99,99,99,0,None,0,None,0,None,1,0,2015-08-11 19:09:00+00:00,Malam (18-23),Hari Kerja,Selasa
42,Pennsylvania,420592,1,1,0,0,0,2,2,41,1100,4,7,2015,7,13,53,0,2,Urban,4,Minor Arterial,1,State Highway Agency,3,State Highway,SR-3023 WALNUT BOTTOM RD,,22,40.19146389,-77.201575,0,No Special Jurisdiction (Includes National Forests Since 2008),30,Utility Pole/Light Support,0,"Not Collision with Motor Vehicle in Transport (Not Necessarily in Transport for
2005-2009)",No,1,Non-Junction,Not an Intersection,None,4,On Roadside,1,Daylight,2,Rain,0,No Additional Atmospheric Conditions,2,Rain,No,0000000,16,16,16,26,99,99,0,None,0,None,0,None,1,0,2015-07-04 13:53:00+00:00,Siang (12-17),Akhir Pekan,Sabtu
42,Pennsylvania,421077,1,1,0,0,0,1,1,5,0,29,11,2015,1,1,0,0,2,Urban,4,Minor Arterial,1,State Highway Agency,3,State Highway,SR-128 PROSPECT AVE,,122,40.75638333,-79.57436944,0,No Special Jurisdiction (Includes National Forests Since 2008),35,Embankment,0,"Not Collision with Motor Vehicle in Transport (Not Necessarily in Transport for
2005-2009)",No,1,Non-Junction,Not an Intersection,None,4,On Roadside,2,Dark – Not Lighted,2,Rain,0,No Additional Atmospheric Conditions,2,Rain,No,0000000,1,25,1,34,88,88,0,None,0,None,0,None,1,1,2015-11-29 01:00:00+00:00,Dini hari (00-05),Akhir Pekan,Minggu
42,Pennsylvania,420181,1,1,0,0,0,1,1,129,0,4,3,2015,4,8,37,0,2,Urban,4,Minor Arterial,1,State Highway Agency,3,State Highway,SR-819 MT PLEASANT SCOTTDAL RD,,53,40.138925,-79.54747778,0,No Special Jurisdiction (Includes National Forests Since 2008),42,Tree (Standing Only),0,"Not Collision with Motor Vehicle in Transport (Not Necessarily in Transport for
2005-2009)",No,1,Non-Junction,Not an Intersection,None,4,On Roadside,1,Daylight,2,Rain,0,No Additional Atmospheric Conditions,2,Rain,No,0000000,8,38,8,44,9,4,0,None,0,None,0,None,1,0,2015-03-04 08:37:00+00:00,Pagi (06-11),Hari Kerja,Rabu
45,South Carolina,450893,1,1,0,0,0,1,1,45,0,24,12,2015,5,5,10,0,2,Urban,4,Minor Arterial,1,State Highway Agency,3,State Highway,SR-253,,0,34.90136944,-82.39028611,0,No Special Jurisdiction (Includes National Forests Since 2008),34,Ditch,0,"Not Collision with Motor Vehicle in Transport (Not Necessarily in Transport for
2005-2009)",No,1,Non-Junction,Not an Intersection,None,4,On Roadside,6,Dark – Unknown Lighting,2,Rain,0,No Additional Atmospheric Conditions,2,Rain,No,0000000,88,88,88,88,88,88,0,None,0,None,0,None,1,1,2015-12-24 05:10:00+00:00,Dini hari (00-05),Hari Kerja,Kamis
45,South Carolina,450315,1,1,0,0,0,3,3,59,0,19,3,2015,5,4,5,0,2,Urban,4,Minor Arterial,1,State Highway Agency,3,State Highway,SR-127,,18,34.47130278,-82.0052,0,No Special Jurisdiction (Includes National Forests Since 2008),35,Embankment,0,"Not Collision with Motor Vehicle in Transport (Not Necessarily in Transport for
2005-2009)",No,1,Non-Junction,Not an Intersection,None,4,On Roadside,2,Dark – Not Lighted,2,Rain,0,No Additional Atmospheric Conditions,2,Rain,No,0000000,99,99,99,99,99,99,0,None,0,None,0,None,2,0,2015-03-19 04:05:00+00:00,Dini hari (00-05),Hari Kerja,Kamis
45,South Carolina,450631,1,1,0,0,0,1,1,45,0,3,10,2015,7,3,30,0,2,Urban,4,Minor Arterial,1,State Highway Agency,3,State Highway,SR-325,,0,34.80764444,-82.30175556,0,No Special Jurisdiction (Includes National Forests Since 2008),42,Tree (Standing Only),0,"Not Collision with Motor Vehicle in Transport (Not Necessarily in Transport for
2005-2009)",No,1,Non-Junction,Not an Intersection,None,5,Outside Trafficway,2,Dark – Not Lighted,2,Rain,0,No Additional Atmospheric Conditions,2,Rain,No,0000000,88,88,88,88,88,88,0,None,0,None,0,None,1,1,2015-10-03 03:30:00+00:00,Dini hari (00-05),Akhir Pekan,Sabtu
13,Georgia,131061,1,1,0,0,0,1,1,89,0,26,10,2015,2,11,20,0,2,Urban,4,Minor Arterial,2,County Highway Agency,4,County Road,CR-LITHONIA INDUSTRIAL BLVD.,,10,33.71810556,-84.12040278,0,No Special Jurisdiction (Includes National Forests Since 2008),33,Curb,0,"Not Collision with Motor Vehicle in Transport (Not Necessarily in Transport for
2005-2009)",No,1,Non-Junction,Not an Intersection,None,4,On Roadside,1,Daylight,2,Rain,0,No Additional Atmospheric Conditions,2,Rain,No,0000000,99,98,99,98,88,88,0,None,0,None,0,None,1,0,2015-10-26 11:20:00+00:00,Pagi (06-11),Hari Kerja,Senin
13,Georgia,130065,1,1,0,0,0,2,2,67,0,23,1,2015,6,21,47,0,2,Urban,4,Minor Arterial,2,County Highway Agency,4,County Road,CR-RIVERSIDE PARKWAY,,12,33.76169444,-84.56534444,0,No Special Jurisdiction (Includes National Forests Since 2008),38,Fence,0,"Not Collision with Motor Vehicle in Transport (Not Necessarily in Transport for
2005-2009)",No,1,Non-Junction,Not an Intersection,None,4,On Roadside,3,Dark – Lighted,2,Rain,0,No Additional Atmospheric Conditions,2,Rain,No,0000000,21,49,21,57,22,18,0,None,0,None,0,None,1,0,2015-01-23 21:47:00+00:00,Malam (18-23),Hari Kerja,Jumat
13,Georgia,130166,1,1,0,0,0,1,1,89,0,22,2,2015,1,3,0,0,2,Urban,4,Minor Arterial,2,County Highway Agency,4,County Road,CR-FLAKES MILL ROAD,,11,33.64325556,-84.22775833,0,No Special Jurisdiction (Includes National Forests Since 2008),42,Tree (Standing Only),0,"Not Collision with Motor Vehicle in Transport (Not Necessarily in Transport for
2005-2009)",No,1,Non-Junction,Not an Intersection,None,4,On Roadside,3,Dark – Lighted,2,Rain,0,No Additional Atmospheric Conditions,2,Rain,No,0000000,99,98,99,98,88,88,0,None,0,None,0,None,1,0,2015-02-22 03:00:00+00:00,Dini hari (00-05),Akhir Pekan,Minggu
13,Georgia,130132,1,1,0,0,0,3,3,89,0,9,2,2015,2,8,4,0,2,Urban,4,Minor Arterial,2,County Highway Agency,4,County Road,CR-515 / PANOLA RD,MALLARD TRL,54,33.72606111,-84.16715278,0,No Special Jurisdiction (Includes National Forests Since 2008),53,Mail Box,0,"Not Collision with Motor Vehicle in Transport (Not Necessarily in Transport for
2005-2009)",No,1,Non-Junction,Not an Intersection,None,4,On Roadside,1,Daylight,2,Rain,0,No Additional Atmospheric Conditions,2,Rain,No,0000000,8,6,8,10,8,23,0,None,0,None,0,None,1,0,2015-02-09 08:04:00+00:00,Pagi (06-11),Hari Kerja,Senin
26,Michigan,260897,1,1,0,0,0,2,2,15,0,12,4,2015,1,22,0,0,2,Urban,4,Minor Arterial,98,Not Reported,4,County Road,CR-STATE,,65,42.65921389,-85.32366944,0,No Special Jurisdiction (Includes National Forests Since 2008),34,Ditch,0,"Not Collision with Motor Vehicle in Transport (Not Necessarily in Transport for
2005-2009)",No,1,Non-Junction,Not an Intersection,None,4,On Roadside,2,Dark – Not Lighted,2,Rain,0,No Additional Atmospheric Conditions,2,Rain,No,0000000,11,41,11,45,99,99,18,"Date of Crash and Date of EMS Notification Were Not Same Day (Since
1988)",0,None,0,None,1,0,2015-04-12 22:00:00+00:00,Malam (18-23),Akhir Pekan,Minggu
51,Virginia,510669,1,1,0,0,0,2,2,59,0,27,10,2015,3,19,56,0,2,Urban,4,Minor Arterial,98,Not Reported,4,County Road,CR-151,,3,38.77028056,-77.075,0,No Special Jurisdiction (Includes National Forests Since 2008),34,Ditch,0,"Not Collision with Motor Vehicle in Transport (Not Necessarily in Transport for
2005-2009)",No,1,Non-Junction,Not an Intersection,None,4,On Roadside,3,Dark – Lighted,2,Rain,0,No Additional Atmospheric Conditions,2,Rain,No,0000000,19,57,20,1,20,31,0,None,0,None,0,None,2,0,2015-10-27 19:56:00+00:00,Malam (18-23),Hari Kerja,Selasa
47,Tennessee,470650,1,1,0,0,0,4,4,65,0,2,10,2015,6,10,58,0,2,Urban,4,Minor Arterial,2,County Highway Agency,4,County Road,CR-BOY SCOUT RD,,23,35.17528889,-85.22348056,0,No Special Jurisdiction (Includes National Forests Since 2008),42,Tree (Standing Only),0,"Not Collision with Motor Vehicle in Transport (Not Necessarily in Transport for
2005-2009)",No,1,Non-Junction,Not an Intersection,None,4,On Roadside,1,Daylight,2,Rain,0,No Additional Atmospheric Conditions,2,Rain,No,0000000,99,99,99,99,99,99,0,None,0,None,0,None,1,0,2015-10-02 10:58:00+00:00,Pagi (06-11),Hari Kerja,Jumat
34,New Jersey,340178,1,1,0,0,0,2,2,11,3460,26,6,2015,6,1,40,0,2,Urban,4,Minor Arterial,2,County Highway Agency,4,County Road,CR-540,,364,39.48455,-74.99265,0,No Special Jurisdiction (Includes National Forests Since 2008),42,Tree (Standing Only),0,"Not Collision with Motor Vehicle in Transport (Not Necessarily in Transport for
2005-2009)",No,1,Non-Junction,Not an Intersection,None,4,On Roadside,3,Dark – Lighted,2,Rain,0,No Additional Atmospheric Conditions,2,Rain,No,0000000,1,42,1,50,2,13,0,None,0,None,0,None,1,1,2015-06-26 01:40:00+00:00,Dini hari (00-05),Hari Kerja,Jumat
17,Illinois,170790,1,1,0,0,0,1,1,1,0,27,11,2015,6,22,11,0,2,Urban,4,Minor Arterial,2,County Highway Agency,5,Local Street – Township,HARRISON ST,,0,39.91181944,-91.35257222,0,No Special Jurisdiction (Includes National Forests Since 2008),33,Curb,0,"Not Collision with Motor Vehicle in Transport (Not Necessarily in Transport for
2005-2009)",No,1,Non-Junction,Not an Intersection,None,4,On Roadside,3,Dark – Lighted,2,Rain,0,No Additional Atmospheric Conditions,2,Rain,No,0000000,22,11,99,99,99,99,0,None,0,None,0,None,1,0,2015-11-27 22:11:00+00:00,Malam (18-23),Hari Kerja,Jumat
9,Connecticut,90028,1,1,0,0,0,1,1,3,680,16,6,2015,3,16,54,0,2,Urban,4,Minor Arterial,3,Town or Township Highway Agency,5,Local Street – Township,MOUNT VERNON ROAD,,16,41.59423889,-72.92527222,0,No Special Jurisdiction (Includes National Forests Since 2008),53,Mail Box,0,"Not Collision with Motor Vehicle in Transport (Not Necessarily in Transport for
2005-2009)",No,1,Non-Junction,Not an Intersection,None,4,On Roadside,1,Daylight,2,Rain,0,No Additional Atmospheric Conditions,2,Rain,No,0000000,16,55,17,0,17,19,0,None,0,None,0,None,1,0,2015-06-16 16:54:00+00:00,Siang (12-17),Hari Kerja,Selasa
19,Iowa,190251,1,1,0,0,0,1,1,163,790,26,11,2015,5,19,56,0,2,Urban,4,Minor Arterial,4,City or Municipal Highway Agency,6,Local Street – Municipality,MIDDLE RD,,0,41.58782778,-90.46126111,0,No Special Jurisdiction (Includes National Forests Since 2008),30,Utility Pole/Light Support,0,"Not Collision with Motor Vehicle in Transport (Not Necessarily in Transport for
2005-2009)",No,1,Non-Junction,Not an Intersection,None,4,On Roadside,2,Dark – Not Lighted,2,Rain,0,No Additional Atmospheric Conditions,2,Rain,No,0000000,19,57,20,6,20,23,0,None,0,None,0,None,1,1,2015-11-26 19:56:00+00:00,Malam (18-23),Hari Kerja,Kamis
39,Ohio,390873,1,1,0,0,0,1,1,35,1680,3,10,2015,7,21,20,0,2,Urban,4,Minor Arterial,4,City or Municipal Highway Agency,6,Local Street – Municipality,E 116TH ST,,0,41.44653889,-81.602925,0,No Special Jurisdiction (Includes National Forests Since 2008),30,Utility Pole/Light Support,0,"Not Collision with Motor Vehicle in Transport (Not Necessarily in Transport for
2005-2009)",No,1,Non-Junction,Not an Intersection,None,4,On Roadside,3,Dark – Lighted,2,Rain,0,No Additional Atmospheric Conditions,2,Rain,No,0000000,21,22,21,28,21,51,0,None,0,None,0,None,1,1,2015-10-03 21:20:00+00:00,Malam (18-23),Akhir Pekan,Sabtu
39,Ohio,390211,1,1,0,0,0,1,1,95,8120,31,3,2015,3,3,7,0,2,Urban,4,Minor Arterial,1,State Highway Agency,6,Local Street – Municipality,W ALEXIS RD,,0,41.72088611,-83.60256389,0,No Special Jurisdiction (Includes National Forests Since 2008),33,Curb,0,"Not Collision with Motor Vehicle in Transport (Not Necessarily in Transport for
2005-2009)",No,1,Non-Junction,Not an Intersection,None,4,On Roadside,3,Dark – Lighted,2,Rain,0,No Additional Atmospheric Conditions,2,Rain,No,0000000,3,7,3,13,88,88,0,None,0,None,0,None,1,0,2015-03-31 03:07:00+00:00,Dini hari (00-05),Hari Kerja,Selasa
39,Ohio,390190,1,1,0,0,0,1,1,61,1610,16,4,2015,5,20,50,0,2,Urban,4,Minor Arterial,2,County Highway Agency,6,Local Street – Municipality,LANGDON FARM RD,,0,39.18237222,-84.45424167,0,No Special Jurisdiction (Includes National Forests Since 2008),33,Curb,0,"Not Collision with Motor Vehicle in Transport (Not Necessarily in Transport for
2005-2009)",No,1,Non-Junction,Not an Intersection,None,3,On Median,3,Dark – Lighted,2,Rain,0,No Additional Atmospheric Conditions,2,Rain,No,0000000,99,98,99,98,88,88,0,None,0,None,0,None,1,0,2015-04-16 20:50:00+00:00,Malam (18-23),Hari Kerja,Kamis
